mode: set
github.com/keshablive/quester/internal/app/app.go:39.26,42.16 2 0
github.com/keshablive/quester/internal/app/app.go:42.16,44.3 1 0
github.com/keshablive/quester/internal/app/app.go:47.2,47.29 1 0
github.com/keshablive/quester/internal/app/app.go:47.29,49.44 2 0
github.com/keshablive/quester/internal/app/app.go:49.44,51.51 2 0
github.com/keshablive/quester/internal/app/app.go:51.51,53.5 1 0
github.com/keshablive/quester/internal/app/app.go:55.3,55.73 1 0
github.com/keshablive/quester/internal/app/app.go:59.2,66.51 2 0
github.com/keshablive/quester/internal/app/app.go:66.51,68.3 1 0
github.com/keshablive/quester/internal/app/app.go:69.2,77.51 3 0
github.com/keshablive/quester/internal/app/app.go:77.51,79.3 1 0
github.com/keshablive/quester/internal/app/app.go:80.2,88.62 5 0
github.com/keshablive/quester/internal/app/app.go:88.62,90.3 1 0
github.com/keshablive/quester/internal/app/app.go:91.2,94.62 2 0
github.com/keshablive/quester/internal/app/app.go:94.62,96.3 1 0
github.com/keshablive/quester/internal/app/app.go:97.2,122.24 13 0
github.com/keshablive/quester/internal/app/app.go:122.24,125.3 2 0
github.com/keshablive/quester/internal/app/app.go:128.2,128.25 1 0
github.com/keshablive/quester/internal/app/app.go:128.25,136.57 2 0
github.com/keshablive/quester/internal/app/app.go:136.57,139.4 1 0
github.com/keshablive/quester/internal/app/app.go:139.9,141.4 1 0
github.com/keshablive/quester/internal/app/app.go:145.2,152.25 2 0
github.com/keshablive/quester/internal/app/app.go:152.25,154.3 1 0
github.com/keshablive/quester/internal/app/app.go:156.2,162.25 3 0
github.com/keshablive/quester/internal/app/app.go:162.25,164.3 1 0
github.com/keshablive/quester/internal/app/app.go:167.2,174.46 2 0
github.com/keshablive/quester/internal/app/app.go:174.46,176.43 1 0
github.com/keshablive/quester/internal/app/app.go:176.43,181.4 1 0
github.com/keshablive/quester/internal/app/app.go:184.3,184.40 1 0
github.com/keshablive/quester/internal/app/app.go:184.40,189.4 1 0
github.com/keshablive/quester/internal/app/app.go:191.3,195.5 1 0
github.com/keshablive/quester/internal/app/app.go:199.2,199.24 1 0
github.com/keshablive/quester/internal/app/app.go:199.24,201.3 1 0
github.com/keshablive/quester/internal/app/app.go:204.2,213.8 2 0
github.com/keshablive/quester/internal/app/app.go:217.29,221.2 3 0
github.com/keshablive/quester/internal/app/app.go:224.32,228.28 2 0
github.com/keshablive/quester/internal/app/app.go:228.28,231.3 2 0
github.com/keshablive/quester/internal/app/app.go:234.2,234.32 1 0
github.com/keshablive/quester/internal/app/app.go:234.32,237.3 2 0
github.com/keshablive/quester/internal/app/app.go:240.2,240.34 1 0
github.com/keshablive/quester/internal/app/app.go:240.34,243.3 2 0
github.com/keshablive/quester/internal/app/app.go:246.2,246.41 1 0
github.com/keshablive/quester/internal/app/app.go:246.41,248.3 1 0
github.com/keshablive/quester/internal/app/app.go:251.2,251.38 1 0
github.com/keshablive/quester/internal/app/app.go:251.38,253.3 1 0
github.com/keshablive/quester/internal/app/app.go:256.2,256.30 1 0
github.com/keshablive/quester/internal/app/app.go:256.30,259.3 2 0
github.com/keshablive/quester/internal/app/app.go:262.2,262.27 1 0
github.com/keshablive/quester/internal/app/app.go:266.56,269.37 2 0
github.com/keshablive/quester/internal/app/app.go:269.37,271.3 1 0
github.com/keshablive/quester/internal/app/app.go:273.2,275.4 1 0
github.com/keshablive/quester/internal/app/app.go:279.44,280.19 1 0
github.com/keshablive/quester/internal/app/app.go:280.19,282.3 1 0
github.com/keshablive/quester/internal/app/app.go:283.2,284.32 2 0
github.com/keshablive/quester/internal/app/app.go:284.32,286.3 1 0
github.com/keshablive/quester/internal/app/app.go:287.2,287.15 1 0
github.com/keshablive/quester/internal/app/app.go:292.61,300.40 3 0
github.com/keshablive/quester/internal/app/app.go:300.40,301.44 1 0
github.com/keshablive/quester/internal/app/app.go:301.44,303.4 1 0
github.com/keshablive/quester/internal/app/app.go:306.2,306.21 1 0
github.com/keshablive/quester/internal/app/app.go:306.21,308.3 1 0
github.com/keshablive/quester/internal/app/app.go:312.2,313.15 2 0
github.com/keshablive/quester/internal/app/app.go:313.15,315.3 1 0
github.com/keshablive/quester/internal/app/app.go:318.2,319.24 2 0
github.com/keshablive/quester/internal/app/app.go:319.24,322.3 1 0
github.com/keshablive/quester/internal/app/app.go:324.2,324.12 1 0
github.com/keshablive/quester/internal/app/app.go:328.58,334.6 4 0
github.com/keshablive/quester/internal/app/app.go:334.6,335.10 1 0
github.com/keshablive/quester/internal/app/app.go:336.21,338.10 2 0
github.com/keshablive/quester/internal/app/app.go:339.19,343.41 2 0
github.com/keshablive/quester/internal/app/app.go:343.41,360.5 3 0
github.com/keshablive/quester/internal/app/app.go:366.75,372.6 4 0
github.com/keshablive/quester/internal/app/app.go:372.6,373.10 1 0
github.com/keshablive/quester/internal/app/app.go:374.21,376.10 2 0
github.com/keshablive/quester/internal/app/app.go:377.19,381.23 2 0
github.com/keshablive/quester/internal/app/app.go:381.23,389.5 2 0
github.com/keshablive/quester/internal/app/app.go:395.51,398.15 2 0
github.com/keshablive/quester/internal/app/app.go:398.15,400.3 1 0
github.com/keshablive/quester/internal/app/app.go:403.2,403.104 1 0
github.com/keshablive/quester/internal/app/app.go:403.104,405.3 1 0
github.com/keshablive/quester/internal/app/app.go:405.17,407.3 1 0
github.com/keshablive/quester/internal/app/app.go:410.2,410.101 1 0
github.com/keshablive/quester/internal/app/app.go:410.101,412.3 1 0
github.com/keshablive/quester/internal/app/app.go:412.17,414.3 1 0
github.com/keshablive/quester/internal/app/app.go:417.2,417.100 1 0
github.com/keshablive/quester/internal/app/app.go:417.100,419.3 1 0
github.com/keshablive/quester/internal/app/app.go:419.17,421.3 1 0
github.com/keshablive/quester/internal/app/app.go:424.2,424.107 1 0
github.com/keshablive/quester/internal/app/app.go:424.107,426.3 1 0
github.com/keshablive/quester/internal/app/app.go:426.17,428.3 1 0
github.com/keshablive/quester/internal/app/app.go:431.2,431.101 1 0
github.com/keshablive/quester/internal/app/app.go:431.101,433.3 1 0
github.com/keshablive/quester/internal/app/app.go:433.17,435.3 1 0
github.com/keshablive/quester/internal/app/app.go:438.2,438.107 1 0
github.com/keshablive/quester/internal/app/app.go:438.107,440.3 1 0
github.com/keshablive/quester/internal/app/app.go:440.17,442.3 1 0
github.com/keshablive/quester/internal/app/app.go:471.48,484.2 0 0
github.com/keshablive/quester/internal/app/app.go:487.67,494.94 2 0
github.com/keshablive/quester/internal/app/app.go:494.94,496.3 1 0
github.com/keshablive/quester/internal/app/app.go:496.17,498.3 1 0
github.com/keshablive/quester/internal/app/app.go:501.2,501.91 1 0
github.com/keshablive/quester/internal/app/app.go:501.91,503.3 1 0
github.com/keshablive/quester/internal/app/app.go:503.17,505.3 1 0
github.com/keshablive/quester/internal/app/app.go:508.2,508.92 1 0
github.com/keshablive/quester/internal/app/app.go:508.92,510.3 1 0
github.com/keshablive/quester/internal/app/app.go:510.17,512.3 1 0
github.com/keshablive/quester/internal/app/app.go:514.2,526.10 6 0
github.com/keshablive/quester/internal/controllers/achievement_controller.go:23.67,35.16 7 0
github.com/keshablive/quester/internal/controllers/achievement_controller.go:35.16,50.3 5 0
github.com/keshablive/quester/internal/controllers/achievement_controller.go:50.8,52.3 1 0
github.com/keshablive/quester/internal/controllers/achievement_controller.go:54.2,56.3 1 0
github.com/keshablive/quester/internal/controllers/achievement_controller.go:60.67,77.2 11 0
github.com/keshablive/quester/internal/controllers/achievement_controller.go:81.72,87.25 4 0
github.com/keshablive/quester/internal/controllers/achievement_controller.go:87.25,89.21 2 0
github.com/keshablive/quester/internal/controllers/achievement_controller.go:89.21,95.4 1 0
github.com/keshablive/quester/internal/controllers/achievement_controller.go:96.3,96.18 1 0
github.com/keshablive/quester/internal/controllers/achievement_controller.go:99.2,100.16 2 0
github.com/keshablive/quester/internal/controllers/achievement_controller.go:100.16,106.3 1 0
github.com/keshablive/quester/internal/controllers/achievement_controller.go:108.2,112.4 1 0
github.com/keshablive/quester/internal/controllers/achievement_controller.go:117.71,121.16 3 0
github.com/keshablive/quester/internal/controllers/achievement_controller.go:121.16,127.3 1 0
github.com/keshablive/quester/internal/controllers/achievement_controller.go:129.2,130.16 2 0
github.com/keshablive/quester/internal/controllers/achievement_controller.go:130.16,131.36 1 0
github.com/keshablive/quester/internal/controllers/achievement_controller.go:131.36,137.4 1 0
github.com/keshablive/quester/internal/controllers/achievement_controller.go:138.3,142.5 1 0
github.com/keshablive/quester/internal/controllers/achievement_controller.go:145.2,148.4 1 0
github.com/keshablive/quester/internal/controllers/achievement_controller.go:153.76,160.16 4 0
github.com/keshablive/quester/internal/controllers/achievement_controller.go:160.16,166.3 1 0
github.com/keshablive/quester/internal/controllers/achievement_controller.go:168.2,172.4 1 0
github.com/keshablive/quester/internal/controllers/achievement_controller.go:177.69,181.16 3 0
github.com/keshablive/quester/internal/controllers/achievement_controller.go:181.16,187.3 1 0
github.com/keshablive/quester/internal/controllers/achievement_controller.go:189.2,192.4 1 0
github.com/keshablive/quester/internal/controllers/achievement_controller.go:197.73,201.30 3 0
github.com/keshablive/quester/internal/controllers/achievement_controller.go:201.30,203.3 1 0
github.com/keshablive/quester/internal/controllers/achievement_controller.go:205.2,206.16 2 0
github.com/keshablive/quester/internal/controllers/achievement_controller.go:206.16,212.3 1 0
github.com/keshablive/quester/internal/controllers/achievement_controller.go:214.2,218.4 1 0
github.com/keshablive/quester/internal/controllers/achievement_controller.go:223.74,227.16 3 0
github.com/keshablive/quester/internal/controllers/achievement_controller.go:227.16,233.3 1 0
github.com/keshablive/quester/internal/controllers/achievement_controller.go:235.2,238.4 1 0
github.com/keshablive/quester/internal/controllers/achievement_controller.go:243.74,245.51 2 0
github.com/keshablive/quester/internal/controllers/achievement_controller.go:245.51,251.3 1 0
github.com/keshablive/quester/internal/controllers/achievement_controller.go:254.2,256.93 2 0
github.com/keshablive/quester/internal/controllers/achievement_controller.go:256.93,262.3 1 0
github.com/keshablive/quester/internal/controllers/achievement_controller.go:264.2,268.4 1 0
github.com/keshablive/quester/internal/controllers/achievement_controller.go:273.74,275.16 2 0
github.com/keshablive/quester/internal/controllers/achievement_controller.go:275.16,281.3 1 0
github.com/keshablive/quester/internal/controllers/achievement_controller.go:283.2,284.51 2 0
github.com/keshablive/quester/internal/controllers/achievement_controller.go:284.51,290.3 1 0
github.com/keshablive/quester/internal/controllers/achievement_controller.go:292.2,294.93 2 0
github.com/keshablive/quester/internal/controllers/achievement_controller.go:294.93,300.3 1 0
github.com/keshablive/quester/internal/controllers/achievement_controller.go:302.2,306.4 1 0
github.com/keshablive/quester/internal/controllers/achievement_controller.go:311.74,313.16 2 0
github.com/keshablive/quester/internal/controllers/achievement_controller.go:313.16,319.3 1 0
github.com/keshablive/quester/internal/controllers/achievement_controller.go:321.2,321.94 1 0
github.com/keshablive/quester/internal/controllers/achievement_controller.go:321.94,327.3 1 0
github.com/keshablive/quester/internal/controllers/achievement_controller.go:329.2,332.4 1 0
github.com/keshablive/quester/internal/controllers/analytics_controller.go:19.86,21.2 1 0
github.com/keshablive/quester/internal/controllers/analytics_controller.go:25.71,29.16 3 0
github.com/keshablive/quester/internal/controllers/analytics_controller.go:29.16,33.3 1 0
github.com/keshablive/quester/internal/controllers/analytics_controller.go:35.2,40.45 2 0
github.com/keshablive/quester/internal/controllers/analytics_controller.go:40.45,44.3 1 0
github.com/keshablive/quester/internal/controllers/analytics_controller.go:46.2,47.21 2 0
github.com/keshablive/quester/internal/controllers/analytics_controller.go:47.21,49.3 1 0
github.com/keshablive/quester/internal/controllers/analytics_controller.go:51.2,51.90 1 0
github.com/keshablive/quester/internal/controllers/analytics_controller.go:51.90,55.3 1 0
github.com/keshablive/quester/internal/controllers/analytics_controller.go:57.2,59.4 1 0
github.com/keshablive/quester/internal/controllers/analytics_controller.go:64.77,68.16 3 0
github.com/keshablive/quester/internal/controllers/analytics_controller.go:68.16,72.3 1 0
github.com/keshablive/quester/internal/controllers/analytics_controller.go:74.2,77.16 3 0
github.com/keshablive/quester/internal/controllers/analytics_controller.go:77.16,81.3 1 0
github.com/keshablive/quester/internal/controllers/analytics_controller.go:83.2,86.4 1 0
github.com/keshablive/quester/internal/controllers/analytics_controller.go:91.80,95.16 3 0
github.com/keshablive/quester/internal/controllers/analytics_controller.go:95.16,99.3 1 0
github.com/keshablive/quester/internal/controllers/analytics_controller.go:101.2,104.16 3 0
github.com/keshablive/quester/internal/controllers/analytics_controller.go:104.16,108.3 1 0
github.com/keshablive/quester/internal/controllers/analytics_controller.go:110.2,114.4 1 0
github.com/keshablive/quester/internal/controllers/analytics_controller.go:119.73,123.16 3 0
github.com/keshablive/quester/internal/controllers/analytics_controller.go:123.16,127.3 1 0
github.com/keshablive/quester/internal/controllers/analytics_controller.go:129.2,134.45 2 0
github.com/keshablive/quester/internal/controllers/analytics_controller.go:134.45,138.3 1 0
github.com/keshablive/quester/internal/controllers/analytics_controller.go:140.2,141.21 2 0
github.com/keshablive/quester/internal/controllers/analytics_controller.go:141.21,143.3 1 0
github.com/keshablive/quester/internal/controllers/analytics_controller.go:145.2,145.93 1 0
github.com/keshablive/quester/internal/controllers/analytics_controller.go:145.93,149.3 1 0
github.com/keshablive/quester/internal/controllers/analytics_controller.go:151.2,153.4 1 0
github.com/keshablive/quester/internal/controllers/analytics_controller.go:158.79,162.16 3 0
github.com/keshablive/quester/internal/controllers/analytics_controller.go:162.16,166.3 1 0
github.com/keshablive/quester/internal/controllers/analytics_controller.go:168.2,171.16 3 0
github.com/keshablive/quester/internal/controllers/analytics_controller.go:171.16,175.3 1 0
github.com/keshablive/quester/internal/controllers/analytics_controller.go:177.2,180.4 1 0
github.com/keshablive/quester/internal/controllers/analytics_controller.go:185.82,189.16 3 0
github.com/keshablive/quester/internal/controllers/analytics_controller.go:189.16,193.3 1 0
github.com/keshablive/quester/internal/controllers/analytics_controller.go:195.2,198.16 3 0
github.com/keshablive/quester/internal/controllers/analytics_controller.go:198.16,202.3 1 0
github.com/keshablive/quester/internal/controllers/analytics_controller.go:204.2,208.4 1 0
github.com/keshablive/quester/internal/controllers/analytics_controller.go:213.67,220.31 5 0
github.com/keshablive/quester/internal/controllers/analytics_controller.go:220.31,222.3 1 0
github.com/keshablive/quester/internal/controllers/analytics_controller.go:224.2,225.16 2 0
github.com/keshablive/quester/internal/controllers/analytics_controller.go:225.16,229.3 1 0
github.com/keshablive/quester/internal/controllers/analytics_controller.go:231.2,236.4 1 0
github.com/keshablive/quester/internal/controllers/analytics_controller.go:241.77,249.45 3 0
github.com/keshablive/quester/internal/controllers/analytics_controller.go:249.45,253.3 1 0
github.com/keshablive/quester/internal/controllers/analytics_controller.go:255.2,256.21 2 0
github.com/keshablive/quester/internal/controllers/analytics_controller.go:256.21,258.3 1 0
github.com/keshablive/quester/internal/controllers/analytics_controller.go:260.2,260.87 1 0
github.com/keshablive/quester/internal/controllers/analytics_controller.go:260.87,264.3 1 0
github.com/keshablive/quester/internal/controllers/analytics_controller.go:266.2,268.4 1 0
github.com/keshablive/quester/internal/controllers/analytics_controller.go:273.83,279.16 4 0
github.com/keshablive/quester/internal/controllers/analytics_controller.go:279.16,283.3 1 0
github.com/keshablive/quester/internal/controllers/analytics_controller.go:285.2,288.4 1 0
github.com/keshablive/quester/internal/controllers/analytics_controller.go:293.86,299.16 4 0
github.com/keshablive/quester/internal/controllers/analytics_controller.go:299.16,303.3 1 0
github.com/keshablive/quester/internal/controllers/analytics_controller.go:305.2,309.4 1 0
github.com/keshablive/quester/internal/controllers/auth_controller.go:27.120,32.2 1 0
github.com/keshablive/quester/internal/controllers/auth_controller.go:71.56,74.23 2 0
github.com/keshablive/quester/internal/controllers/auth_controller.go:74.23,80.3 1 0
github.com/keshablive/quester/internal/controllers/auth_controller.go:82.2,83.16 2 0
github.com/keshablive/quester/internal/controllers/auth_controller.go:83.16,89.3 1 0
github.com/keshablive/quester/internal/controllers/auth_controller.go:92.2,95.25 3 0
github.com/keshablive/quester/internal/controllers/auth_controller.go:95.25,98.17 2 0
github.com/keshablive/quester/internal/controllers/auth_controller.go:98.17,100.25 1 0
github.com/keshablive/quester/internal/controllers/auth_controller.go:100.25,102.5 1 0
github.com/keshablive/quester/internal/controllers/auth_controller.go:105.4,105.24 1 0
github.com/keshablive/quester/internal/controllers/auth_controller.go:105.24,111.5 1 0
github.com/keshablive/quester/internal/controllers/auth_controller.go:117.2,118.43 2 0
github.com/keshablive/quester/internal/controllers/auth_controller.go:118.43,124.3 1 0
github.com/keshablive/quester/internal/controllers/auth_controller.go:127.2,134.16 3 0
github.com/keshablive/quester/internal/controllers/auth_controller.go:134.16,139.49 2 0
github.com/keshablive/quester/internal/controllers/auth_controller.go:139.49,145.4 1 0
github.com/keshablive/quester/internal/controllers/auth_controller.go:148.3,150.49 1 0
github.com/keshablive/quester/internal/controllers/auth_controller.go:150.49,156.4 1 0
github.com/keshablive/quester/internal/controllers/auth_controller.go:159.3,163.5 1 0
github.com/keshablive/quester/internal/controllers/auth_controller.go:167.2,185.4 2 0
github.com/keshablive/quester/internal/controllers/auth_controller.go:210.55,213.23 2 0
github.com/keshablive/quester/internal/controllers/auth_controller.go:213.23,219.3 1 0
github.com/keshablive/quester/internal/controllers/auth_controller.go:221.2,222.16 2 0
github.com/keshablive/quester/internal/controllers/auth_controller.go:222.16,228.3 1 0
github.com/keshablive/quester/internal/controllers/auth_controller.go:231.2,234.25 3 0
github.com/keshablive/quester/internal/controllers/auth_controller.go:234.25,237.17 2 0
github.com/keshablive/quester/internal/controllers/auth_controller.go:237.17,239.25 1 0
github.com/keshablive/quester/internal/controllers/auth_controller.go:239.25,241.5 1 0
github.com/keshablive/quester/internal/controllers/auth_controller.go:244.4,244.25 1 0
github.com/keshablive/quester/internal/controllers/auth_controller.go:244.25,250.5 1 0
github.com/keshablive/quester/internal/controllers/auth_controller.go:256.2,257.43 2 0
github.com/keshablive/quester/internal/controllers/auth_controller.go:257.43,263.3 1 0
github.com/keshablive/quester/internal/controllers/auth_controller.go:266.2,266.39 1 0
github.com/keshablive/quester/internal/controllers/auth_controller.go:266.39,272.3 1 0
github.com/keshablive/quester/internal/controllers/auth_controller.go:275.2,276.16 2 0
github.com/keshablive/quester/internal/controllers/auth_controller.go:276.16,281.54 2 0
github.com/keshablive/quester/internal/controllers/auth_controller.go:281.54,287.4 1 0
github.com/keshablive/quester/internal/controllers/auth_controller.go:290.3,291.53 1 0
github.com/keshablive/quester/internal/controllers/auth_controller.go:291.53,297.4 1 0
github.com/keshablive/quester/internal/controllers/auth_controller.go:300.3,304.5 1 0
github.com/keshablive/quester/internal/controllers/auth_controller.go:308.2,309.16 2 0
github.com/keshablive/quester/internal/controllers/auth_controller.go:309.16,312.3 1 0
github.com/keshablive/quester/internal/controllers/auth_controller.go:315.2,315.18 1 0
github.com/keshablive/quester/internal/controllers/auth_controller.go:315.18,317.30 2 0
github.com/keshablive/quester/internal/controllers/auth_controller.go:317.30,320.4 1 0
github.com/keshablive/quester/internal/controllers/auth_controller.go:323.3,325.50 3 0
github.com/keshablive/quester/internal/controllers/auth_controller.go:325.50,327.18 2 0
github.com/keshablive/quester/internal/controllers/auth_controller.go:327.18,330.5 1 0
github.com/keshablive/quester/internal/controllers/auth_controller.go:334.3,334.17 1 0
github.com/keshablive/quester/internal/controllers/auth_controller.go:334.17,336.31 1 0
github.com/keshablive/quester/internal/controllers/auth_controller.go:336.31,341.5 1 0
github.com/keshablive/quester/internal/controllers/auth_controller.go:344.4,345.18 2 0
github.com/keshablive/quester/internal/controllers/auth_controller.go:345.18,351.5 1 0
github.com/keshablive/quester/internal/controllers/auth_controller.go:353.4,353.16 1 0
github.com/keshablive/quester/internal/controllers/auth_controller.go:353.16,359.5 1 0
github.com/keshablive/quester/internal/controllers/auth_controller.go:362.4,363.50 2 0
github.com/keshablive/quester/internal/controllers/auth_controller.go:363.50,365.25 2 0
github.com/keshablive/quester/internal/controllers/auth_controller.go:365.25,367.6 1 0
github.com/keshablive/quester/internal/controllers/auth_controller.go:368.5,369.25 2 0
github.com/keshablive/quester/internal/controllers/auth_controller.go:369.25,371.6 1 0
github.com/keshablive/quester/internal/controllers/auth_controller.go:373.5,379.19 2 0
github.com/keshablive/quester/internal/controllers/auth_controller.go:379.19,382.6 1 0
github.com/keshablive/quester/internal/controllers/auth_controller.go:386.4,405.6 2 0
github.com/keshablive/quester/internal/controllers/auth_controller.go:411.2,429.4 2 0
github.com/keshablive/quester/internal/controllers/auth_controller.go:445.62,448.43 2 0
github.com/keshablive/quester/internal/controllers/auth_controller.go:448.43,453.3 1 0
github.com/keshablive/quester/internal/controllers/auth_controller.go:456.2,456.28 1 0
github.com/keshablive/quester/internal/controllers/auth_controller.go:456.28,461.3 1 0
github.com/keshablive/quester/internal/controllers/auth_controller.go:464.2,465.16 2 0
github.com/keshablive/quester/internal/controllers/auth_controller.go:465.16,473.37 2 0
github.com/keshablive/quester/internal/controllers/auth_controller.go:473.37,478.4 1 0
github.com/keshablive/quester/internal/controllers/auth_controller.go:481.3,482.47 1 0
github.com/keshablive/quester/internal/controllers/auth_controller.go:482.47,487.4 1 0
github.com/keshablive/quester/internal/controllers/auth_controller.go:490.3,493.5 1 0
github.com/keshablive/quester/internal/controllers/auth_controller.go:497.2,517.4 2 0
github.com/keshablive/quester/internal/controllers/auth_controller.go:528.56,534.43 2 0
github.com/keshablive/quester/internal/controllers/auth_controller.go:534.43,539.3 1 0
github.com/keshablive/quester/internal/controllers/auth_controller.go:542.2,542.28 1 0
github.com/keshablive/quester/internal/controllers/auth_controller.go:542.28,547.3 1 0
github.com/keshablive/quester/internal/controllers/auth_controller.go:550.2,551.16 2 0
github.com/keshablive/quester/internal/controllers/auth_controller.go:551.16,556.44 2 0
github.com/keshablive/quester/internal/controllers/auth_controller.go:556.44,562.4 1 0
github.com/keshablive/quester/internal/controllers/auth_controller.go:565.3,565.43 1 0
github.com/keshablive/quester/internal/controllers/auth_controller.go:565.43,570.4 1 0
github.com/keshablive/quester/internal/controllers/auth_controller.go:573.3,576.5 1 0
github.com/keshablive/quester/internal/controllers/auth_controller.go:580.2,583.4 1 0
github.com/keshablive/quester/internal/controllers/auth_controller.go:589.59,595.51 2 0
github.com/keshablive/quester/internal/controllers/auth_controller.go:595.51,600.3 1 0
github.com/keshablive/quester/internal/controllers/auth_controller.go:603.2,604.21 2 0
github.com/keshablive/quester/internal/controllers/auth_controller.go:604.21,609.3 1 0
github.com/keshablive/quester/internal/controllers/auth_controller.go:611.2,612.16 2 0
github.com/keshablive/quester/internal/controllers/auth_controller.go:612.16,617.3 1 0
github.com/keshablive/quester/internal/controllers/auth_controller.go:620.2,621.16 2 0
github.com/keshablive/quester/internal/controllers/auth_controller.go:621.16,626.43 2 0
github.com/keshablive/quester/internal/controllers/auth_controller.go:626.43,631.4 1 0
github.com/keshablive/quester/internal/controllers/auth_controller.go:634.3,637.5 1 0
github.com/keshablive/quester/internal/controllers/auth_controller.go:641.2,645.4 1 0
github.com/keshablive/quester/internal/controllers/auth_controller.go:668.66,671.25 2 0
github.com/keshablive/quester/internal/controllers/auth_controller.go:671.25,677.3 1 0
github.com/keshablive/quester/internal/controllers/auth_controller.go:680.2,681.30 2 0
github.com/keshablive/quester/internal/controllers/auth_controller.go:681.30,683.3 1 0
github.com/keshablive/quester/internal/controllers/auth_controller.go:684.2,684.16 1 0
github.com/keshablive/quester/internal/controllers/auth_controller.go:684.16,686.3 1 0
github.com/keshablive/quester/internal/controllers/auth_controller.go:688.2,689.30 2 0
github.com/keshablive/quester/internal/controllers/auth_controller.go:689.30,691.3 1 0
github.com/keshablive/quester/internal/controllers/auth_controller.go:695.2,711.16 4 0
github.com/keshablive/quester/internal/controllers/auth_controller.go:711.16,716.3 1 0
github.com/keshablive/quester/internal/controllers/auth_controller.go:718.2,719.16 2 0
github.com/keshablive/quester/internal/controllers/auth_controller.go:719.16,725.3 1 0
github.com/keshablive/quester/internal/controllers/auth_controller.go:728.2,729.31 2 0
github.com/keshablive/quester/internal/controllers/auth_controller.go:729.31,735.3 1 0
github.com/keshablive/quester/internal/controllers/auth_controller.go:738.2,746.48 6 0
github.com/keshablive/quester/internal/controllers/auth_controller.go:770.70,773.22 2 0
github.com/keshablive/quester/internal/controllers/auth_controller.go:773.22,779.3 1 0
github.com/keshablive/quester/internal/controllers/auth_controller.go:782.2,783.56 2 0
github.com/keshablive/quester/internal/controllers/auth_controller.go:783.56,785.3 1 0
github.com/keshablive/quester/internal/controllers/auth_controller.go:785.8,791.3 1 0
github.com/keshablive/quester/internal/controllers/auth_controller.go:794.2,808.48 8 0
github.com/keshablive/quester/internal/controllers/auth_controller.go:812.66,815.37 2 0
github.com/keshablive/quester/internal/controllers/auth_controller.go:815.37,821.3 1 0
github.com/keshablive/quester/internal/controllers/auth_controller.go:824.2,826.16 3 0
github.com/keshablive/quester/internal/controllers/auth_controller.go:826.16,832.3 1 0
github.com/keshablive/quester/internal/controllers/auth_controller.go:835.2,842.48 5 0
github.com/keshablive/quester/internal/controllers/auth_controller.go:846.37,849.2 2 0
github.com/keshablive/quester/internal/controllers/badge_controller.go:23.55,29.16 4 0
github.com/keshablive/quester/internal/controllers/badge_controller.go:29.16,34.3 2 0
github.com/keshablive/quester/internal/controllers/badge_controller.go:37.2,48.3 6 0
github.com/keshablive/quester/internal/controllers/badge_controller.go:52.61,66.2 9 0
github.com/keshablive/quester/internal/controllers/badge_controller.go:70.60,75.14 3 0
github.com/keshablive/quester/internal/controllers/badge_controller.go:75.14,77.3 1 0
github.com/keshablive/quester/internal/controllers/badge_controller.go:78.2,78.30 1 0
github.com/keshablive/quester/internal/controllers/badge_controller.go:78.30,80.3 1 0
github.com/keshablive/quester/internal/controllers/badge_controller.go:83.2,83.30 1 0
github.com/keshablive/quester/internal/controllers/badge_controller.go:83.30,87.3 1 0
github.com/keshablive/quester/internal/controllers/badge_controller.go:89.2,97.4 1 0
github.com/keshablive/quester/internal/controllers/badge_controller.go:102.62,104.9 2 0
github.com/keshablive/quester/internal/controllers/badge_controller.go:104.9,108.3 1 0
github.com/keshablive/quester/internal/controllers/badge_controller.go:110.2,111.9 2 0
github.com/keshablive/quester/internal/controllers/badge_controller.go:111.9,115.3 1 0
github.com/keshablive/quester/internal/controllers/badge_controller.go:118.2,119.24 2 0
github.com/keshablive/quester/internal/controllers/badge_controller.go:119.24,122.35 3 0
github.com/keshablive/quester/internal/controllers/badge_controller.go:122.35,123.25 1 0
github.com/keshablive/quester/internal/controllers/badge_controller.go:123.25,125.10 2 0
github.com/keshablive/quester/internal/controllers/badge_controller.go:128.3,128.15 1 0
github.com/keshablive/quester/internal/controllers/badge_controller.go:128.15,132.4 1 0
github.com/keshablive/quester/internal/controllers/badge_controller.go:136.2,136.30 1 0
github.com/keshablive/quester/internal/controllers/badge_controller.go:136.30,140.3 1 0
github.com/keshablive/quester/internal/controllers/badge_controller.go:142.2,143.16 2 0
github.com/keshablive/quester/internal/controllers/badge_controller.go:143.16,147.3 1 0
github.com/keshablive/quester/internal/controllers/badge_controller.go:149.2,151.4 1 0
github.com/keshablive/quester/internal/controllers/badge_controller.go:156.64,159.9 2 0
github.com/keshablive/quester/internal/controllers/badge_controller.go:159.9,163.3 1 0
github.com/keshablive/quester/internal/controllers/badge_controller.go:165.2,166.9 2 0
github.com/keshablive/quester/internal/controllers/badge_controller.go:166.9,170.3 1 0
github.com/keshablive/quester/internal/controllers/badge_controller.go:173.2,175.16 3 0
github.com/keshablive/quester/internal/controllers/badge_controller.go:175.16,179.3 1 0
github.com/keshablive/quester/internal/controllers/badge_controller.go:182.2,183.116 2 0
github.com/keshablive/quester/internal/controllers/badge_controller.go:183.116,187.3 1 0
github.com/keshablive/quester/internal/controllers/badge_controller.go:190.2,193.30 2 0
github.com/keshablive/quester/internal/controllers/badge_controller.go:193.30,197.3 1 0
github.com/keshablive/quester/internal/controllers/badge_controller.go:199.2,200.16 2 0
github.com/keshablive/quester/internal/controllers/badge_controller.go:200.16,204.3 1 0
github.com/keshablive/quester/internal/controllers/badge_controller.go:206.2,208.4 1 0
github.com/keshablive/quester/internal/controllers/badge_controller.go:213.61,216.9 2 0
github.com/keshablive/quester/internal/controllers/badge_controller.go:216.9,220.3 1 0
github.com/keshablive/quester/internal/controllers/badge_controller.go:222.2,223.9 2 0
github.com/keshablive/quester/internal/controllers/badge_controller.go:223.9,227.3 1 0
github.com/keshablive/quester/internal/controllers/badge_controller.go:230.2,231.86 2 0
github.com/keshablive/quester/internal/controllers/badge_controller.go:231.86,235.3 1 0
github.com/keshablive/quester/internal/controllers/badge_controller.go:238.2,240.16 3 0
github.com/keshablive/quester/internal/controllers/badge_controller.go:240.16,244.3 1 0
github.com/keshablive/quester/internal/controllers/badge_controller.go:247.2,249.16 3 0
github.com/keshablive/quester/internal/controllers/badge_controller.go:249.16,253.3 1 0
github.com/keshablive/quester/internal/controllers/badge_controller.go:256.2,256.30 1 0
github.com/keshablive/quester/internal/controllers/badge_controller.go:256.30,260.3 1 0
github.com/keshablive/quester/internal/controllers/badge_controller.go:262.2,262.99 1 0
github.com/keshablive/quester/internal/controllers/badge_controller.go:262.99,266.3 1 0
github.com/keshablive/quester/internal/controllers/badge_controller.go:268.2,272.4 1 0
github.com/keshablive/quester/internal/controllers/badge_controller.go:277.63,280.9 2 0
github.com/keshablive/quester/internal/controllers/badge_controller.go:280.9,284.3 1 0
github.com/keshablive/quester/internal/controllers/badge_controller.go:286.2,287.9 2 0
github.com/keshablive/quester/internal/controllers/badge_controller.go:287.9,291.3 1 0
github.com/keshablive/quester/internal/controllers/badge_controller.go:294.2,295.86 2 0
github.com/keshablive/quester/internal/controllers/badge_controller.go:295.86,299.3 1 0
github.com/keshablive/quester/internal/controllers/badge_controller.go:302.2,304.16 3 0
github.com/keshablive/quester/internal/controllers/badge_controller.go:304.16,308.3 1 0
github.com/keshablive/quester/internal/controllers/badge_controller.go:311.2,311.30 1 0
github.com/keshablive/quester/internal/controllers/badge_controller.go:311.30,315.3 1 0
github.com/keshablive/quester/internal/controllers/badge_controller.go:317.2,317.104 1 0
github.com/keshablive/quester/internal/controllers/badge_controller.go:317.104,321.3 1 0
github.com/keshablive/quester/internal/controllers/badge_controller.go:323.2,326.4 1 0
github.com/keshablive/quester/internal/controllers/badge_controller.go:331.62,334.9 2 0
github.com/keshablive/quester/internal/controllers/badge_controller.go:334.9,338.3 1 0
github.com/keshablive/quester/internal/controllers/badge_controller.go:340.2,341.9 2 0
github.com/keshablive/quester/internal/controllers/badge_controller.go:341.9,345.3 1 0
github.com/keshablive/quester/internal/controllers/badge_controller.go:348.2,349.86 2 0
github.com/keshablive/quester/internal/controllers/badge_controller.go:349.86,353.3 1 0
github.com/keshablive/quester/internal/controllers/badge_controller.go:356.2,358.16 3 0
github.com/keshablive/quester/internal/controllers/badge_controller.go:358.16,362.3 1 0
github.com/keshablive/quester/internal/controllers/badge_controller.go:365.2,368.43 2 0
github.com/keshablive/quester/internal/controllers/badge_controller.go:368.43,372.3 1 0
github.com/keshablive/quester/internal/controllers/badge_controller.go:374.2,374.22 1 0
github.com/keshablive/quester/internal/controllers/badge_controller.go:374.22,378.3 1 0
github.com/keshablive/quester/internal/controllers/badge_controller.go:381.2,381.30 1 0
github.com/keshablive/quester/internal/controllers/badge_controller.go:381.30,385.3 1 0
github.com/keshablive/quester/internal/controllers/badge_controller.go:387.2,387.115 1 0
github.com/keshablive/quester/internal/controllers/badge_controller.go:387.115,391.3 1 0
github.com/keshablive/quester/internal/controllers/badge_controller.go:393.2,397.4 1 0
github.com/keshablive/quester/internal/controllers/badge_controller.go:402.62,405.9 2 0
github.com/keshablive/quester/internal/controllers/badge_controller.go:405.9,409.3 1 0
github.com/keshablive/quester/internal/controllers/badge_controller.go:411.2,412.9 2 0
github.com/keshablive/quester/internal/controllers/badge_controller.go:412.9,416.3 1 0
github.com/keshablive/quester/internal/controllers/badge_controller.go:419.2,420.86 2 0
github.com/keshablive/quester/internal/controllers/badge_controller.go:420.86,424.3 1 0
github.com/keshablive/quester/internal/controllers/badge_controller.go:427.2,429.16 3 0
github.com/keshablive/quester/internal/controllers/badge_controller.go:429.16,433.3 1 0
github.com/keshablive/quester/internal/controllers/badge_controller.go:436.2,439.43 2 0
github.com/keshablive/quester/internal/controllers/badge_controller.go:439.43,443.3 1 0
github.com/keshablive/quester/internal/controllers/badge_controller.go:445.2,445.22 1 0
github.com/keshablive/quester/internal/controllers/badge_controller.go:445.22,449.3 1 0
github.com/keshablive/quester/internal/controllers/badge_controller.go:452.2,452.30 1 0
github.com/keshablive/quester/internal/controllers/badge_controller.go:452.30,456.3 1 0
github.com/keshablive/quester/internal/controllers/badge_controller.go:458.2,458.115 1 0
github.com/keshablive/quester/internal/controllers/badge_controller.go:458.115,462.3 1 0
github.com/keshablive/quester/internal/controllers/badge_controller.go:464.2,468.4 1 0
github.com/keshablive/quester/internal/controllers/certificate_controller.go:16.92,20.2 1 0
github.com/keshablive/quester/internal/controllers/certificate_controller.go:23.73,25.9 2 0
github.com/keshablive/quester/internal/controllers/certificate_controller.go:25.9,27.3 1 0
github.com/keshablive/quester/internal/controllers/certificate_controller.go:29.2,30.43 2 0
github.com/keshablive/quester/internal/controllers/certificate_controller.go:30.43,32.3 1 0
github.com/keshablive/quester/internal/controllers/certificate_controller.go:34.2,36.16 3 0
github.com/keshablive/quester/internal/controllers/certificate_controller.go:36.16,38.3 1 0
github.com/keshablive/quester/internal/controllers/certificate_controller.go:40.2,40.82 1 0
github.com/keshablive/quester/internal/controllers/certificate_controller.go:44.71,46.16 2 0
github.com/keshablive/quester/internal/controllers/certificate_controller.go:46.16,48.3 1 0
github.com/keshablive/quester/internal/controllers/certificate_controller.go:50.2,51.16 2 0
github.com/keshablive/quester/internal/controllers/certificate_controller.go:51.16,53.3 1 0
github.com/keshablive/quester/internal/controllers/certificate_controller.go:55.2,55.54 1 0
github.com/keshablive/quester/internal/controllers/certificate_controller.go:59.76,61.9 2 0
github.com/keshablive/quester/internal/controllers/certificate_controller.go:61.9,63.3 1 0
github.com/keshablive/quester/internal/controllers/certificate_controller.go:65.2,66.16 2 0
github.com/keshablive/quester/internal/controllers/certificate_controller.go:66.16,68.3 1 0
github.com/keshablive/quester/internal/controllers/certificate_controller.go:70.2,70.56 1 0
github.com/keshablive/quester/internal/controllers/certificate_controller.go:74.71,76.16 2 0
github.com/keshablive/quester/internal/controllers/certificate_controller.go:76.16,78.3 1 0
github.com/keshablive/quester/internal/controllers/certificate_controller.go:80.2,81.16 2 0
github.com/keshablive/quester/internal/controllers/certificate_controller.go:81.16,83.3 1 0
github.com/keshablive/quester/internal/controllers/certificate_controller.go:85.2,85.47 1 0
github.com/keshablive/quester/internal/controllers/certificate_controller.go:89.74,91.16 2 0
github.com/keshablive/quester/internal/controllers/certificate_controller.go:91.16,93.3 1 0
github.com/keshablive/quester/internal/controllers/certificate_controller.go:95.2,96.16 2 0
github.com/keshablive/quester/internal/controllers/certificate_controller.go:96.16,98.3 1 0
github.com/keshablive/quester/internal/controllers/certificate_controller.go:100.2,100.67 1 0
github.com/keshablive/quester/internal/controllers/certificate_controller.go:104.77,106.9 2 0
github.com/keshablive/quester/internal/controllers/certificate_controller.go:106.9,108.3 1 0
github.com/keshablive/quester/internal/controllers/certificate_controller.go:110.2,111.16 2 0
github.com/keshablive/quester/internal/controllers/certificate_controller.go:111.16,113.3 1 0
github.com/keshablive/quester/internal/controllers/certificate_controller.go:115.2,116.16 2 0
github.com/keshablive/quester/internal/controllers/certificate_controller.go:116.16,118.3 1 0
github.com/keshablive/quester/internal/controllers/certificate_controller.go:120.2,120.54 1 0
github.com/keshablive/quester/internal/controllers/certificate_controller.go:124.70,126.16 2 0
github.com/keshablive/quester/internal/controllers/certificate_controller.go:126.16,128.3 1 0
github.com/keshablive/quester/internal/controllers/certificate_controller.go:130.2,130.66 1 0
github.com/keshablive/quester/internal/controllers/certificate_controller.go:130.66,132.3 1 0
github.com/keshablive/quester/internal/controllers/certificate_controller.go:134.2,134.56 1 0
github.com/keshablive/quester/internal/controllers/certificate_controller.go:138.76,140.16 2 0
github.com/keshablive/quester/internal/controllers/certificate_controller.go:140.16,142.3 1 0
github.com/keshablive/quester/internal/controllers/certificate_controller.go:144.2,145.16 2 0
github.com/keshablive/quester/internal/controllers/certificate_controller.go:145.16,147.3 1 0
github.com/keshablive/quester/internal/controllers/certificate_controller.go:149.2,149.47 1 0
github.com/keshablive/quester/internal/controllers/classified_ad_controller.go:22.107,26.2 1 0
github.com/keshablive/quester/internal/controllers/classified_ad_controller.go:30.65,35.16 4 0
github.com/keshablive/quester/internal/controllers/classified_ad_controller.go:35.16,37.3 1 0
github.com/keshablive/quester/internal/controllers/classified_ad_controller.go:39.2,40.16 2 0
github.com/keshablive/quester/internal/controllers/classified_ad_controller.go:40.16,42.3 1 0
github.com/keshablive/quester/internal/controllers/classified_ad_controller.go:44.2,61.43 2 0
github.com/keshablive/quester/internal/controllers/classified_ad_controller.go:61.43,63.3 1 0
github.com/keshablive/quester/internal/controllers/classified_ad_controller.go:65.2,65.50 1 0
github.com/keshablive/quester/internal/controllers/classified_ad_controller.go:65.50,67.3 1 0
github.com/keshablive/quester/internal/controllers/classified_ad_controller.go:70.2,95.66 6 0
github.com/keshablive/quester/internal/controllers/classified_ad_controller.go:95.66,97.3 1 0
github.com/keshablive/quester/internal/controllers/classified_ad_controller.go:99.2,99.33 1 0
github.com/keshablive/quester/internal/controllers/classified_ad_controller.go:104.62,108.16 4 0
github.com/keshablive/quester/internal/controllers/classified_ad_controller.go:108.16,110.3 1 0
github.com/keshablive/quester/internal/controllers/classified_ad_controller.go:112.2,113.16 2 0
github.com/keshablive/quester/internal/controllers/classified_ad_controller.go:113.16,115.3 1 0
github.com/keshablive/quester/internal/controllers/classified_ad_controller.go:117.2,118.16 2 0
github.com/keshablive/quester/internal/controllers/classified_ad_controller.go:118.16,120.3 1 0
github.com/keshablive/quester/internal/controllers/classified_ad_controller.go:122.2,123.16 2 0
github.com/keshablive/quester/internal/controllers/classified_ad_controller.go:123.16,125.3 1 0
github.com/keshablive/quester/internal/controllers/classified_ad_controller.go:127.2,127.33 1 0
github.com/keshablive/quester/internal/controllers/classified_ad_controller.go:132.65,136.16 4 0
github.com/keshablive/quester/internal/controllers/classified_ad_controller.go:136.16,138.3 1 0
github.com/keshablive/quester/internal/controllers/classified_ad_controller.go:140.2,141.16 2 0
github.com/keshablive/quester/internal/controllers/classified_ad_controller.go:141.16,143.3 1 0
github.com/keshablive/quester/internal/controllers/classified_ad_controller.go:145.2,146.16 2 0
github.com/keshablive/quester/internal/controllers/classified_ad_controller.go:146.16,148.3 1 0
github.com/keshablive/quester/internal/controllers/classified_ad_controller.go:151.2,152.16 2 0
github.com/keshablive/quester/internal/controllers/classified_ad_controller.go:152.16,154.3 1 0
github.com/keshablive/quester/internal/controllers/classified_ad_controller.go:156.2,156.27 1 0
github.com/keshablive/quester/internal/controllers/classified_ad_controller.go:156.27,158.3 1 0
github.com/keshablive/quester/internal/controllers/classified_ad_controller.go:160.2,161.43 2 0
github.com/keshablive/quester/internal/controllers/classified_ad_controller.go:161.43,163.3 1 0
github.com/keshablive/quester/internal/controllers/classified_ad_controller.go:166.2,166.44 1 0
github.com/keshablive/quester/internal/controllers/classified_ad_controller.go:166.44,168.3 1 0
github.com/keshablive/quester/internal/controllers/classified_ad_controller.go:169.2,169.56 1 0
github.com/keshablive/quester/internal/controllers/classified_ad_controller.go:169.56,171.3 1 0
github.com/keshablive/quester/internal/controllers/classified_ad_controller.go:172.2,172.59 1 0
github.com/keshablive/quester/internal/controllers/classified_ad_controller.go:172.59,174.3 1 0
github.com/keshablive/quester/internal/controllers/classified_ad_controller.go:175.2,175.57 1 0
github.com/keshablive/quester/internal/controllers/classified_ad_controller.go:175.57,177.3 1 0
github.com/keshablive/quester/internal/controllers/classified_ad_controller.go:180.2,186.83 6 0
github.com/keshablive/quester/internal/controllers/classified_ad_controller.go:186.83,188.3 1 0
github.com/keshablive/quester/internal/controllers/classified_ad_controller.go:190.2,190.34 1 0
github.com/keshablive/quester/internal/controllers/classified_ad_controller.go:195.65,199.16 4 0
github.com/keshablive/quester/internal/controllers/classified_ad_controller.go:199.16,201.3 1 0
github.com/keshablive/quester/internal/controllers/classified_ad_controller.go:203.2,204.16 2 0
github.com/keshablive/quester/internal/controllers/classified_ad_controller.go:204.16,206.3 1 0
github.com/keshablive/quester/internal/controllers/classified_ad_controller.go:208.2,209.16 2 0
github.com/keshablive/quester/internal/controllers/classified_ad_controller.go:209.16,211.3 1 0
github.com/keshablive/quester/internal/controllers/classified_ad_controller.go:214.2,215.16 2 0
github.com/keshablive/quester/internal/controllers/classified_ad_controller.go:215.16,217.3 1 0
github.com/keshablive/quester/internal/controllers/classified_ad_controller.go:219.2,219.27 1 0
github.com/keshablive/quester/internal/controllers/classified_ad_controller.go:219.27,221.3 1 0
github.com/keshablive/quester/internal/controllers/classified_ad_controller.go:223.2,223.78 1 0
github.com/keshablive/quester/internal/controllers/classified_ad_controller.go:223.78,225.3 1 0
github.com/keshablive/quester/internal/controllers/classified_ad_controller.go:227.2,227.34 1 0
github.com/keshablive/quester/internal/controllers/classified_ad_controller.go:232.66,236.16 4 0
github.com/keshablive/quester/internal/controllers/classified_ad_controller.go:236.16,238.3 1 0
github.com/keshablive/quester/internal/controllers/classified_ad_controller.go:240.2,241.16 2 0
github.com/keshablive/quester/internal/controllers/classified_ad_controller.go:241.16,243.3 1 0
github.com/keshablive/quester/internal/controllers/classified_ad_controller.go:246.2,264.54 7 0
github.com/keshablive/quester/internal/controllers/classified_ad_controller.go:264.54,265.65 1 0
github.com/keshablive/quester/internal/controllers/classified_ad_controller.go:265.65,267.4 1 0
github.com/keshablive/quester/internal/controllers/classified_ad_controller.go:269.2,269.54 1 0
github.com/keshablive/quester/internal/controllers/classified_ad_controller.go:269.54,270.65 1 0
github.com/keshablive/quester/internal/controllers/classified_ad_controller.go:270.65,272.4 1 0
github.com/keshablive/quester/internal/controllers/classified_ad_controller.go:276.2,276.53 1 0
github.com/keshablive/quester/internal/controllers/classified_ad_controller.go:276.54,278.3 0 0
github.com/keshablive/quester/internal/controllers/classified_ad_controller.go:279.2,279.41 1 0
github.com/keshablive/quester/internal/controllers/classified_ad_controller.go:279.42,281.3 0 0
github.com/keshablive/quester/internal/controllers/classified_ad_controller.go:283.2,284.16 2 0
github.com/keshablive/quester/internal/controllers/classified_ad_controller.go:284.16,286.3 1 0
github.com/keshablive/quester/internal/controllers/classified_ad_controller.go:288.2,293.4 1 0
github.com/keshablive/quester/internal/controllers/classified_ad_controller.go:298.66,302.16 4 0
github.com/keshablive/quester/internal/controllers/classified_ad_controller.go:302.16,304.3 1 0
github.com/keshablive/quester/internal/controllers/classified_ad_controller.go:306.2,307.16 2 0
github.com/keshablive/quester/internal/controllers/classified_ad_controller.go:307.16,309.3 1 0
github.com/keshablive/quester/internal/controllers/classified_ad_controller.go:311.2,312.16 2 0
github.com/keshablive/quester/internal/controllers/classified_ad_controller.go:312.16,314.3 1 0
github.com/keshablive/quester/internal/controllers/classified_ad_controller.go:317.2,318.16 2 0
github.com/keshablive/quester/internal/controllers/classified_ad_controller.go:318.16,320.3 1 0
github.com/keshablive/quester/internal/controllers/classified_ad_controller.go:322.2,322.27 1 0
github.com/keshablive/quester/internal/controllers/classified_ad_controller.go:322.27,324.3 1 0
github.com/keshablive/quester/internal/controllers/classified_ad_controller.go:327.2,327.69 1 0
github.com/keshablive/quester/internal/controllers/classified_ad_controller.go:327.69,329.3 1 0
github.com/keshablive/quester/internal/controllers/classified_ad_controller.go:332.2,334.33 2 0
github.com/keshablive/quester/internal/controllers/classified_ad_controller.go:339.64,343.16 4 0
github.com/keshablive/quester/internal/controllers/classified_ad_controller.go:343.16,345.3 1 0
github.com/keshablive/quester/internal/controllers/classified_ad_controller.go:347.2,348.16 2 0
github.com/keshablive/quester/internal/controllers/classified_ad_controller.go:348.16,350.3 1 0
github.com/keshablive/quester/internal/controllers/classified_ad_controller.go:352.2,353.16 2 0
github.com/keshablive/quester/internal/controllers/classified_ad_controller.go:353.16,355.3 1 0
github.com/keshablive/quester/internal/controllers/classified_ad_controller.go:358.2,359.16 2 0
github.com/keshablive/quester/internal/controllers/classified_ad_controller.go:359.16,361.3 1 0
github.com/keshablive/quester/internal/controllers/classified_ad_controller.go:363.2,363.27 1 0
github.com/keshablive/quester/internal/controllers/classified_ad_controller.go:363.27,365.3 1 0
github.com/keshablive/quester/internal/controllers/classified_ad_controller.go:368.2,368.77 1 0
github.com/keshablive/quester/internal/controllers/classified_ad_controller.go:368.77,370.3 1 0
github.com/keshablive/quester/internal/controllers/classified_ad_controller.go:373.2,375.33 2 0
github.com/keshablive/quester/internal/controllers/classified_ad_controller.go:380.67,384.16 4 0
github.com/keshablive/quester/internal/controllers/classified_ad_controller.go:384.16,386.3 1 0
github.com/keshablive/quester/internal/controllers/classified_ad_controller.go:388.2,389.16 2 0
github.com/keshablive/quester/internal/controllers/classified_ad_controller.go:389.16,391.3 1 0
github.com/keshablive/quester/internal/controllers/classified_ad_controller.go:393.2,394.16 2 0
github.com/keshablive/quester/internal/controllers/classified_ad_controller.go:394.16,396.3 1 0
github.com/keshablive/quester/internal/controllers/classified_ad_controller.go:399.2,400.16 2 0
github.com/keshablive/quester/internal/controllers/classified_ad_controller.go:400.16,402.3 1 0
github.com/keshablive/quester/internal/controllers/classified_ad_controller.go:404.2,404.27 1 0
github.com/keshablive/quester/internal/controllers/classified_ad_controller.go:404.27,406.3 1 0
github.com/keshablive/quester/internal/controllers/classified_ad_controller.go:409.2,409.80 1 0
github.com/keshablive/quester/internal/controllers/classified_ad_controller.go:409.80,411.3 1 0
github.com/keshablive/quester/internal/controllers/classified_ad_controller.go:414.2,416.33 2 0
github.com/keshablive/quester/internal/controllers/classified_ad_controller.go:421.79,425.16 3 0
github.com/keshablive/quester/internal/controllers/classified_ad_controller.go:425.16,427.3 1 0
github.com/keshablive/quester/internal/controllers/classified_ad_controller.go:429.2,429.82 1 0
github.com/keshablive/quester/internal/controllers/classified_ad_controller.go:429.82,431.3 1 0
github.com/keshablive/quester/internal/controllers/classified_ad_controller.go:433.2,433.34 1 0
github.com/keshablive/quester/internal/controllers/classified_ad_controller.go:438.65,442.16 4 0
github.com/keshablive/quester/internal/controllers/classified_ad_controller.go:442.16,444.3 1 0
github.com/keshablive/quester/internal/controllers/classified_ad_controller.go:446.2,447.16 2 0
github.com/keshablive/quester/internal/controllers/classified_ad_controller.go:447.16,449.3 1 0
github.com/keshablive/quester/internal/controllers/classified_ad_controller.go:451.2,452.16 2 0
github.com/keshablive/quester/internal/controllers/classified_ad_controller.go:452.16,454.3 1 0
github.com/keshablive/quester/internal/controllers/classified_ad_controller.go:456.2,456.34 1 0
github.com/keshablive/quester/internal/controllers/classified_ad_controller.go:461.69,465.16 4 0
github.com/keshablive/quester/internal/controllers/classified_ad_controller.go:465.16,467.3 1 0
github.com/keshablive/quester/internal/controllers/classified_ad_controller.go:469.2,470.16 2 0
github.com/keshablive/quester/internal/controllers/classified_ad_controller.go:470.16,472.3 1 0
github.com/keshablive/quester/internal/controllers/classified_ad_controller.go:474.2,477.16 3 0
github.com/keshablive/quester/internal/controllers/classified_ad_controller.go:477.16,479.3 1 0
github.com/keshablive/quester/internal/controllers/classified_ad_controller.go:481.2,481.34 1 0
github.com/keshablive/quester/internal/controllers/classified_ad_controller.go:486.70,490.16 4 0
github.com/keshablive/quester/internal/controllers/classified_ad_controller.go:490.16,492.3 1 0
github.com/keshablive/quester/internal/controllers/classified_ad_controller.go:494.2,495.16 2 0
github.com/keshablive/quester/internal/controllers/classified_ad_controller.go:495.16,497.3 1 0
github.com/keshablive/quester/internal/controllers/classified_ad_controller.go:499.2,502.16 3 0
github.com/keshablive/quester/internal/controllers/classified_ad_controller.go:502.16,504.3 1 0
github.com/keshablive/quester/internal/controllers/classified_ad_controller.go:506.2,506.34 1 0
github.com/keshablive/quester/internal/controllers/classified_ad_controller.go:511.67,515.16 4 0
github.com/keshablive/quester/internal/controllers/classified_ad_controller.go:515.16,517.3 1 0
github.com/keshablive/quester/internal/controllers/classified_ad_controller.go:519.2,520.16 2 0
github.com/keshablive/quester/internal/controllers/classified_ad_controller.go:520.16,522.3 1 0
github.com/keshablive/quester/internal/controllers/classified_ad_controller.go:524.2,525.16 2 0
github.com/keshablive/quester/internal/controllers/classified_ad_controller.go:525.16,527.3 1 0
github.com/keshablive/quester/internal/controllers/classified_ad_controller.go:529.2,529.36 1 0
github.com/keshablive/quester/internal/controllers/course_controller.go:20.57,24.2 1 0
github.com/keshablive/quester/internal/controllers/course_controller.go:27.62,46.2 12 0
github.com/keshablive/quester/internal/controllers/course_controller.go:49.64,52.9 2 0
github.com/keshablive/quester/internal/controllers/course_controller.go:52.9,56.3 1 0
github.com/keshablive/quester/internal/controllers/course_controller.go:58.2,59.9 2 0
github.com/keshablive/quester/internal/controllers/course_controller.go:59.9,63.3 1 0
github.com/keshablive/quester/internal/controllers/course_controller.go:66.2,67.43 2 0
github.com/keshablive/quester/internal/controllers/course_controller.go:67.43,71.3 1 0
github.com/keshablive/quester/internal/controllers/course_controller.go:74.2,78.21 3 0
github.com/keshablive/quester/internal/controllers/course_controller.go:78.21,82.3 1 0
github.com/keshablive/quester/internal/controllers/course_controller.go:83.2,83.26 1 0
github.com/keshablive/quester/internal/controllers/course_controller.go:83.26,87.3 1 0
github.com/keshablive/quester/internal/controllers/course_controller.go:90.2,91.16 2 0
github.com/keshablive/quester/internal/controllers/course_controller.go:91.16,92.90 1 0
github.com/keshablive/quester/internal/controllers/course_controller.go:92.90,96.4 1 0
github.com/keshablive/quester/internal/controllers/course_controller.go:97.3,99.5 1 0
github.com/keshablive/quester/internal/controllers/course_controller.go:102.2,105.4 1 0
github.com/keshablive/quester/internal/controllers/course_controller.go:109.62,125.25 6 0
github.com/keshablive/quester/internal/controllers/course_controller.go:125.25,128.3 2 0
github.com/keshablive/quester/internal/controllers/course_controller.go:128.8,128.33 1 0
github.com/keshablive/quester/internal/controllers/course_controller.go:128.33,131.3 2 0
github.com/keshablive/quester/internal/controllers/course_controller.go:137.2,138.16 2 0
github.com/keshablive/quester/internal/controllers/course_controller.go:138.16,142.3 1 0
github.com/keshablive/quester/internal/controllers/course_controller.go:144.2,149.4 1 0
github.com/keshablive/quester/internal/controllers/course_controller.go:153.61,156.16 2 0
github.com/keshablive/quester/internal/controllers/course_controller.go:156.16,160.3 1 0
github.com/keshablive/quester/internal/controllers/course_controller.go:163.2,164.16 2 0
github.com/keshablive/quester/internal/controllers/course_controller.go:164.16,165.38 1 0
github.com/keshablive/quester/internal/controllers/course_controller.go:165.38,169.4 1 0
github.com/keshablive/quester/internal/controllers/course_controller.go:170.3,172.5 1 0
github.com/keshablive/quester/internal/controllers/course_controller.go:175.2,177.4 1 0
github.com/keshablive/quester/internal/controllers/course_controller.go:181.64,184.16 2 0
github.com/keshablive/quester/internal/controllers/course_controller.go:184.16,188.3 1 0
github.com/keshablive/quester/internal/controllers/course_controller.go:191.2,192.9 2 0
github.com/keshablive/quester/internal/controllers/course_controller.go:192.9,196.3 1 0
github.com/keshablive/quester/internal/controllers/course_controller.go:199.2,200.16 2 0
github.com/keshablive/quester/internal/controllers/course_controller.go:200.16,204.3 1 0
github.com/keshablive/quester/internal/controllers/course_controller.go:205.2,205.14 1 0
github.com/keshablive/quester/internal/controllers/course_controller.go:205.14,209.3 1 0
github.com/keshablive/quester/internal/controllers/course_controller.go:212.2,213.43 2 0
github.com/keshablive/quester/internal/controllers/course_controller.go:213.43,217.3 1 0
github.com/keshablive/quester/internal/controllers/course_controller.go:220.2,221.16 2 0
github.com/keshablive/quester/internal/controllers/course_controller.go:221.16,222.38 1 0
github.com/keshablive/quester/internal/controllers/course_controller.go:222.38,226.4 1 0
github.com/keshablive/quester/internal/controllers/course_controller.go:227.3,227.74 1 0
github.com/keshablive/quester/internal/controllers/course_controller.go:227.74,231.4 1 0
github.com/keshablive/quester/internal/controllers/course_controller.go:232.3,234.5 1 0
github.com/keshablive/quester/internal/controllers/course_controller.go:237.2,240.4 1 0
github.com/keshablive/quester/internal/controllers/course_controller.go:244.64,247.16 2 0
github.com/keshablive/quester/internal/controllers/course_controller.go:247.16,251.3 1 0
github.com/keshablive/quester/internal/controllers/course_controller.go:254.2,255.9 2 0
github.com/keshablive/quester/internal/controllers/course_controller.go:255.9,259.3 1 0
github.com/keshablive/quester/internal/controllers/course_controller.go:262.2,263.16 2 0
github.com/keshablive/quester/internal/controllers/course_controller.go:263.16,267.3 1 0
github.com/keshablive/quester/internal/controllers/course_controller.go:268.2,268.14 1 0
github.com/keshablive/quester/internal/controllers/course_controller.go:268.14,272.3 1 0
github.com/keshablive/quester/internal/controllers/course_controller.go:275.2,275.60 1 0
github.com/keshablive/quester/internal/controllers/course_controller.go:275.60,276.38 1 0
github.com/keshablive/quester/internal/controllers/course_controller.go:276.38,280.4 1 0
github.com/keshablive/quester/internal/controllers/course_controller.go:281.3,283.5 1 0
github.com/keshablive/quester/internal/controllers/course_controller.go:286.2,288.4 1 0
github.com/keshablive/quester/internal/controllers/course_controller.go:292.65,295.16 2 0
github.com/keshablive/quester/internal/controllers/course_controller.go:295.16,299.3 1 0
github.com/keshablive/quester/internal/controllers/course_controller.go:302.2,303.9 2 0
github.com/keshablive/quester/internal/controllers/course_controller.go:303.9,307.3 1 0
github.com/keshablive/quester/internal/controllers/course_controller.go:310.2,311.16 2 0
github.com/keshablive/quester/internal/controllers/course_controller.go:311.16,315.3 1 0
github.com/keshablive/quester/internal/controllers/course_controller.go:316.2,316.14 1 0
github.com/keshablive/quester/internal/controllers/course_controller.go:316.14,320.3 1 0
github.com/keshablive/quester/internal/controllers/course_controller.go:323.2,324.16 2 0
github.com/keshablive/quester/internal/controllers/course_controller.go:324.16,325.38 1 0
github.com/keshablive/quester/internal/controllers/course_controller.go:325.38,329.4 1 0
github.com/keshablive/quester/internal/controllers/course_controller.go:330.3,330.76 1 0
github.com/keshablive/quester/internal/controllers/course_controller.go:330.76,334.4 1 0
github.com/keshablive/quester/internal/controllers/course_controller.go:335.3,337.5 1 0
github.com/keshablive/quester/internal/controllers/course_controller.go:340.2,343.4 1 0
github.com/keshablive/quester/internal/controllers/course_controller.go:347.67,350.16 2 0
github.com/keshablive/quester/internal/controllers/course_controller.go:350.16,354.3 1 0
github.com/keshablive/quester/internal/controllers/course_controller.go:357.2,358.9 2 0
github.com/keshablive/quester/internal/controllers/course_controller.go:358.9,362.3 1 0
github.com/keshablive/quester/internal/controllers/course_controller.go:365.2,366.16 2 0
github.com/keshablive/quester/internal/controllers/course_controller.go:366.16,370.3 1 0
github.com/keshablive/quester/internal/controllers/course_controller.go:371.2,371.14 1 0
github.com/keshablive/quester/internal/controllers/course_controller.go:371.14,375.3 1 0
github.com/keshablive/quester/internal/controllers/course_controller.go:378.2,379.16 2 0
github.com/keshablive/quester/internal/controllers/course_controller.go:379.16,380.38 1 0
github.com/keshablive/quester/internal/controllers/course_controller.go:380.38,384.4 1 0
github.com/keshablive/quester/internal/controllers/course_controller.go:385.3,387.5 1 0
github.com/keshablive/quester/internal/controllers/course_controller.go:390.2,393.4 1 0
github.com/keshablive/quester/internal/controllers/course_controller.go:397.76,400.16 2 0
github.com/keshablive/quester/internal/controllers/course_controller.go:400.16,404.3 1 0
github.com/keshablive/quester/internal/controllers/course_controller.go:407.2,408.9 2 0
github.com/keshablive/quester/internal/controllers/course_controller.go:408.9,412.3 1 0
github.com/keshablive/quester/internal/controllers/course_controller.go:415.2,416.16 2 0
github.com/keshablive/quester/internal/controllers/course_controller.go:416.16,420.3 1 0
github.com/keshablive/quester/internal/controllers/course_controller.go:421.2,421.14 1 0
github.com/keshablive/quester/internal/controllers/course_controller.go:421.14,425.3 1 0
github.com/keshablive/quester/internal/controllers/course_controller.go:428.2,429.16 2 0
github.com/keshablive/quester/internal/controllers/course_controller.go:429.16,430.38 1 0
github.com/keshablive/quester/internal/controllers/course_controller.go:430.38,434.4 1 0
github.com/keshablive/quester/internal/controllers/course_controller.go:435.3,437.5 1 0
github.com/keshablive/quester/internal/controllers/course_controller.go:440.2,442.4 1 0
github.com/keshablive/quester/internal/controllers/course_controller.go:446.72,450.16 3 0
github.com/keshablive/quester/internal/controllers/course_controller.go:450.16,454.3 1 0
github.com/keshablive/quester/internal/controllers/course_controller.go:457.2,458.16 2 0
github.com/keshablive/quester/internal/controllers/course_controller.go:458.16,462.3 1 0
github.com/keshablive/quester/internal/controllers/course_controller.go:464.2,466.4 1 0
github.com/keshablive/quester/internal/controllers/dashboard_controller.go:19.86,21.2 1 0
github.com/keshablive/quester/internal/controllers/dashboard_controller.go:25.69,29.16 3 0
github.com/keshablive/quester/internal/controllers/dashboard_controller.go:29.16,31.3 1 0
github.com/keshablive/quester/internal/controllers/dashboard_controller.go:33.2,34.16 2 0
github.com/keshablive/quester/internal/controllers/dashboard_controller.go:34.16,36.3 1 0
github.com/keshablive/quester/internal/controllers/dashboard_controller.go:38.2,39.51 2 0
github.com/keshablive/quester/internal/controllers/dashboard_controller.go:39.51,41.3 1 0
github.com/keshablive/quester/internal/controllers/dashboard_controller.go:43.2,46.26 3 0
github.com/keshablive/quester/internal/controllers/dashboard_controller.go:46.26,48.3 1 0
github.com/keshablive/quester/internal/controllers/dashboard_controller.go:50.2,50.62 1 0
github.com/keshablive/quester/internal/controllers/dashboard_controller.go:50.62,52.3 1 0
github.com/keshablive/quester/internal/controllers/dashboard_controller.go:54.2,54.42 1 0
github.com/keshablive/quester/internal/controllers/dashboard_controller.go:59.66,61.16 2 0
github.com/keshablive/quester/internal/controllers/dashboard_controller.go:61.16,63.3 1 0
github.com/keshablive/quester/internal/controllers/dashboard_controller.go:65.2,66.16 2 0
github.com/keshablive/quester/internal/controllers/dashboard_controller.go:66.16,68.3 1 0
github.com/keshablive/quester/internal/controllers/dashboard_controller.go:70.2,70.42 1 0
github.com/keshablive/quester/internal/controllers/dashboard_controller.go:75.71,79.16 3 0
github.com/keshablive/quester/internal/controllers/dashboard_controller.go:79.16,81.3 1 0
github.com/keshablive/quester/internal/controllers/dashboard_controller.go:83.2,84.16 2 0
github.com/keshablive/quester/internal/controllers/dashboard_controller.go:84.16,86.3 1 0
github.com/keshablive/quester/internal/controllers/dashboard_controller.go:88.2,89.16 2 0
github.com/keshablive/quester/internal/controllers/dashboard_controller.go:89.16,91.3 1 0
github.com/keshablive/quester/internal/controllers/dashboard_controller.go:93.2,96.4 1 0
github.com/keshablive/quester/internal/controllers/dashboard_controller.go:101.73,105.16 3 0
github.com/keshablive/quester/internal/controllers/dashboard_controller.go:105.16,107.3 1 0
github.com/keshablive/quester/internal/controllers/dashboard_controller.go:109.2,110.16 2 0
github.com/keshablive/quester/internal/controllers/dashboard_controller.go:110.16,112.3 1 0
github.com/keshablive/quester/internal/controllers/dashboard_controller.go:114.2,115.16 2 0
github.com/keshablive/quester/internal/controllers/dashboard_controller.go:115.16,117.3 1 0
github.com/keshablive/quester/internal/controllers/dashboard_controller.go:119.2,119.42 1 0
github.com/keshablive/quester/internal/controllers/dashboard_controller.go:124.69,126.16 2 0
github.com/keshablive/quester/internal/controllers/dashboard_controller.go:126.16,128.3 1 0
github.com/keshablive/quester/internal/controllers/dashboard_controller.go:130.2,131.51 2 0
github.com/keshablive/quester/internal/controllers/dashboard_controller.go:131.51,133.3 1 0
github.com/keshablive/quester/internal/controllers/dashboard_controller.go:135.2,137.62 2 0
github.com/keshablive/quester/internal/controllers/dashboard_controller.go:137.62,139.3 1 0
github.com/keshablive/quester/internal/controllers/dashboard_controller.go:141.2,141.42 1 0
github.com/keshablive/quester/internal/controllers/dashboard_controller.go:146.73,150.16 3 0
github.com/keshablive/quester/internal/controllers/dashboard_controller.go:150.16,152.3 1 0
github.com/keshablive/quester/internal/controllers/dashboard_controller.go:154.2,155.16 2 0
github.com/keshablive/quester/internal/controllers/dashboard_controller.go:155.16,157.3 1 0
github.com/keshablive/quester/internal/controllers/dashboard_controller.go:159.2,160.16 2 0
github.com/keshablive/quester/internal/controllers/dashboard_controller.go:160.16,162.3 1 0
github.com/keshablive/quester/internal/controllers/dashboard_controller.go:164.2,164.85 1 0
github.com/keshablive/quester/internal/controllers/dashboard_controller.go:164.85,166.3 1 0
github.com/keshablive/quester/internal/controllers/dashboard_controller.go:168.2,170.4 1 0
github.com/keshablive/quester/internal/controllers/dashboard_controller.go:175.68,179.16 3 0
github.com/keshablive/quester/internal/controllers/dashboard_controller.go:179.16,181.3 1 0
github.com/keshablive/quester/internal/controllers/dashboard_controller.go:183.2,184.16 2 0
github.com/keshablive/quester/internal/controllers/dashboard_controller.go:184.16,186.3 1 0
github.com/keshablive/quester/internal/controllers/dashboard_controller.go:188.2,192.45 2 0
github.com/keshablive/quester/internal/controllers/dashboard_controller.go:192.45,194.3 1 0
github.com/keshablive/quester/internal/controllers/dashboard_controller.go:196.2,196.20 1 0
github.com/keshablive/quester/internal/controllers/dashboard_controller.go:196.20,198.3 1 0
github.com/keshablive/quester/internal/controllers/dashboard_controller.go:200.2,201.16 2 0
github.com/keshablive/quester/internal/controllers/dashboard_controller.go:201.16,203.3 1 0
github.com/keshablive/quester/internal/controllers/dashboard_controller.go:205.2,205.45 1 0
github.com/keshablive/quester/internal/controllers/dashboard_controller.go:210.70,214.16 3 0
github.com/keshablive/quester/internal/controllers/dashboard_controller.go:214.16,216.3 1 0
github.com/keshablive/quester/internal/controllers/dashboard_controller.go:218.2,219.16 2 0
github.com/keshablive/quester/internal/controllers/dashboard_controller.go:219.16,221.3 1 0
github.com/keshablive/quester/internal/controllers/dashboard_controller.go:223.2,224.17 2 0
github.com/keshablive/quester/internal/controllers/dashboard_controller.go:224.17,226.3 1 0
github.com/keshablive/quester/internal/controllers/dashboard_controller.go:228.2,229.16 2 0
github.com/keshablive/quester/internal/controllers/dashboard_controller.go:229.16,231.3 1 0
github.com/keshablive/quester/internal/controllers/dashboard_controller.go:233.2,237.4 1 0
github.com/keshablive/quester/internal/controllers/dashboard_controller.go:242.69,246.16 3 0
github.com/keshablive/quester/internal/controllers/dashboard_controller.go:246.16,248.3 1 0
github.com/keshablive/quester/internal/controllers/dashboard_controller.go:250.2,251.16 2 0
github.com/keshablive/quester/internal/controllers/dashboard_controller.go:251.16,253.3 1 0
github.com/keshablive/quester/internal/controllers/dashboard_controller.go:255.2,255.71 1 0
github.com/keshablive/quester/internal/controllers/dashboard_controller.go:255.71,257.3 1 0
github.com/keshablive/quester/internal/controllers/dashboard_controller.go:259.2,261.4 1 0
github.com/keshablive/quester/internal/controllers/dashboard_controller.go:266.70,268.16 2 0
github.com/keshablive/quester/internal/controllers/dashboard_controller.go:268.16,270.3 1 0
github.com/keshablive/quester/internal/controllers/dashboard_controller.go:273.2,274.16 2 0
github.com/keshablive/quester/internal/controllers/dashboard_controller.go:274.16,276.3 1 0
github.com/keshablive/quester/internal/controllers/dashboard_controller.go:279.2,279.72 1 0
github.com/keshablive/quester/internal/controllers/dashboard_controller.go:279.72,281.3 1 0
github.com/keshablive/quester/internal/controllers/dashboard_controller.go:283.2,285.4 1 0
github.com/keshablive/quester/internal/controllers/enrollment_controller.go:21.65,26.2 1 0
github.com/keshablive/quester/internal/controllers/enrollment_controller.go:29.66,38.2 5 0
github.com/keshablive/quester/internal/controllers/enrollment_controller.go:41.70,44.16 2 0
github.com/keshablive/quester/internal/controllers/enrollment_controller.go:44.16,48.3 1 0
github.com/keshablive/quester/internal/controllers/enrollment_controller.go:51.2,52.9 2 0
github.com/keshablive/quester/internal/controllers/enrollment_controller.go:52.9,56.3 1 0
github.com/keshablive/quester/internal/controllers/enrollment_controller.go:59.2,62.44 2 0
github.com/keshablive/quester/internal/controllers/enrollment_controller.go:62.45,64.3 0 0
github.com/keshablive/quester/internal/controllers/enrollment_controller.go:67.2,75.16 3 0
github.com/keshablive/quester/internal/controllers/enrollment_controller.go:75.16,76.39 1 0
github.com/keshablive/quester/internal/controllers/enrollment_controller.go:76.39,80.4 1 0
github.com/keshablive/quester/internal/controllers/enrollment_controller.go:81.3,81.38 1 0
github.com/keshablive/quester/internal/controllers/enrollment_controller.go:81.38,85.4 1 0
github.com/keshablive/quester/internal/controllers/enrollment_controller.go:86.3,86.42 1 0
github.com/keshablive/quester/internal/controllers/enrollment_controller.go:86.42,90.4 1 0
github.com/keshablive/quester/internal/controllers/enrollment_controller.go:91.3,91.62 1 0
github.com/keshablive/quester/internal/controllers/enrollment_controller.go:91.62,95.4 1 0
github.com/keshablive/quester/internal/controllers/enrollment_controller.go:96.3,97.74 1 0
github.com/keshablive/quester/internal/controllers/enrollment_controller.go:97.74,101.4 1 0
github.com/keshablive/quester/internal/controllers/enrollment_controller.go:102.3,104.5 1 0
github.com/keshablive/quester/internal/controllers/enrollment_controller.go:107.2,110.4 1 0
github.com/keshablive/quester/internal/controllers/enrollment_controller.go:114.73,117.16 2 0
github.com/keshablive/quester/internal/controllers/enrollment_controller.go:117.16,121.3 1 0
github.com/keshablive/quester/internal/controllers/enrollment_controller.go:124.2,125.9 2 0
github.com/keshablive/quester/internal/controllers/enrollment_controller.go:125.9,129.3 1 0
github.com/keshablive/quester/internal/controllers/enrollment_controller.go:132.2,138.16 3 0
github.com/keshablive/quester/internal/controllers/enrollment_controller.go:138.16,139.42 1 0
github.com/keshablive/quester/internal/controllers/enrollment_controller.go:139.42,143.4 1 0
github.com/keshablive/quester/internal/controllers/enrollment_controller.go:144.3,146.5 1 0
github.com/keshablive/quester/internal/controllers/enrollment_controller.go:149.2,151.4 1 0
github.com/keshablive/quester/internal/controllers/enrollment_controller.go:155.74,158.9 2 0
github.com/keshablive/quester/internal/controllers/enrollment_controller.go:158.9,162.3 1 0
github.com/keshablive/quester/internal/controllers/enrollment_controller.go:165.2,179.16 6 0
github.com/keshablive/quester/internal/controllers/enrollment_controller.go:179.16,183.3 1 0
github.com/keshablive/quester/internal/controllers/enrollment_controller.go:185.2,190.4 1 0
github.com/keshablive/quester/internal/controllers/enrollment_controller.go:194.76,197.16 2 0
github.com/keshablive/quester/internal/controllers/enrollment_controller.go:197.16,201.3 1 0
github.com/keshablive/quester/internal/controllers/enrollment_controller.go:204.2,205.9 2 0
github.com/keshablive/quester/internal/controllers/enrollment_controller.go:205.9,209.3 1 0
github.com/keshablive/quester/internal/controllers/enrollment_controller.go:212.2,213.16 2 0
github.com/keshablive/quester/internal/controllers/enrollment_controller.go:213.16,217.3 1 0
github.com/keshablive/quester/internal/controllers/enrollment_controller.go:218.2,218.14 1 0
github.com/keshablive/quester/internal/controllers/enrollment_controller.go:218.14,222.3 1 0
github.com/keshablive/quester/internal/controllers/enrollment_controller.go:225.2,226.16 2 0
github.com/keshablive/quester/internal/controllers/enrollment_controller.go:226.16,230.3 1 0
github.com/keshablive/quester/internal/controllers/enrollment_controller.go:232.2,234.4 1 0
github.com/keshablive/quester/internal/controllers/enrollment_controller.go:238.71,241.16 2 0
github.com/keshablive/quester/internal/controllers/enrollment_controller.go:241.16,245.3 1 0
github.com/keshablive/quester/internal/controllers/enrollment_controller.go:248.2,249.9 2 0
github.com/keshablive/quester/internal/controllers/enrollment_controller.go:249.9,253.3 1 0
github.com/keshablive/quester/internal/controllers/enrollment_controller.go:256.2,257.16 2 0
github.com/keshablive/quester/internal/controllers/enrollment_controller.go:257.16,261.3 1 0
github.com/keshablive/quester/internal/controllers/enrollment_controller.go:263.2,265.4 1 0
github.com/keshablive/quester/internal/controllers/groups_controller.go:17.89,21.2 1 0
github.com/keshablive/quester/internal/controllers/groups_controller.go:24.62,37.45 5 0
github.com/keshablive/quester/internal/controllers/groups_controller.go:37.45,41.3 1 0
github.com/keshablive/quester/internal/controllers/groups_controller.go:44.2,44.25 1 0
github.com/keshablive/quester/internal/controllers/groups_controller.go:44.25,46.3 1 0
github.com/keshablive/quester/internal/controllers/groups_controller.go:48.2,58.16 2 0
github.com/keshablive/quester/internal/controllers/groups_controller.go:58.16,62.3 1 0
github.com/keshablive/quester/internal/controllers/groups_controller.go:64.2,64.52 1 0
github.com/keshablive/quester/internal/controllers/groups_controller.go:68.59,74.16 4 0
github.com/keshablive/quester/internal/controllers/groups_controller.go:74.16,78.3 1 0
github.com/keshablive/quester/internal/controllers/groups_controller.go:80.2,80.24 1 0
github.com/keshablive/quester/internal/controllers/groups_controller.go:84.64,92.14 5 0
github.com/keshablive/quester/internal/controllers/groups_controller.go:92.14,94.3 1 0
github.com/keshablive/quester/internal/controllers/groups_controller.go:95.2,95.29 1 0
github.com/keshablive/quester/internal/controllers/groups_controller.go:95.29,97.3 1 0
github.com/keshablive/quester/internal/controllers/groups_controller.go:99.2,100.16 2 0
github.com/keshablive/quester/internal/controllers/groups_controller.go:100.16,104.3 1 0
github.com/keshablive/quester/internal/controllers/groups_controller.go:106.2,114.4 1 0
github.com/keshablive/quester/internal/controllers/groups_controller.go:118.65,129.45 6 0
github.com/keshablive/quester/internal/controllers/groups_controller.go:129.45,133.3 1 0
github.com/keshablive/quester/internal/controllers/groups_controller.go:135.2,143.16 2 0
github.com/keshablive/quester/internal/controllers/groups_controller.go:143.16,147.3 1 0
github.com/keshablive/quester/internal/controllers/groups_controller.go:149.2,149.53 1 0
github.com/keshablive/quester/internal/controllers/groups_controller.go:153.68,159.114 5 0
github.com/keshablive/quester/internal/controllers/groups_controller.go:159.114,163.3 1 0
github.com/keshablive/quester/internal/controllers/groups_controller.go:165.2,165.52 1 0
github.com/keshablive/quester/internal/controllers/groups_controller.go:169.72,180.45 7 0
github.com/keshablive/quester/internal/controllers/groups_controller.go:180.45,184.3 1 0
github.com/keshablive/quester/internal/controllers/groups_controller.go:186.2,186.128 1 0
github.com/keshablive/quester/internal/controllers/groups_controller.go:186.128,190.3 1 0
github.com/keshablive/quester/internal/controllers/groups_controller.go:192.2,194.4 1 0
github.com/keshablive/quester/internal/controllers/groups_controller.go:198.66,206.14 5 0
github.com/keshablive/quester/internal/controllers/groups_controller.go:206.14,208.3 1 0
github.com/keshablive/quester/internal/controllers/groups_controller.go:209.2,209.30 1 0
github.com/keshablive/quester/internal/controllers/groups_controller.go:209.30,211.3 1 0
github.com/keshablive/quester/internal/controllers/groups_controller.go:213.2,214.16 2 0
github.com/keshablive/quester/internal/controllers/groups_controller.go:214.16,218.3 1 0
github.com/keshablive/quester/internal/controllers/groups_controller.go:220.2,228.4 1 0
github.com/keshablive/quester/internal/controllers/groups_controller.go:232.61,237.111 4 0
github.com/keshablive/quester/internal/controllers/groups_controller.go:237.111,241.3 1 0
github.com/keshablive/quester/internal/controllers/groups_controller.go:243.2,245.4 1 0
github.com/keshablive/quester/internal/controllers/interaction_controller.go:21.103,25.2 1 0
github.com/keshablive/quester/internal/controllers/interaction_controller.go:29.72,33.16 3 0
github.com/keshablive/quester/internal/controllers/interaction_controller.go:33.16,35.3 1 0
github.com/keshablive/quester/internal/controllers/interaction_controller.go:37.2,38.16 2 0
github.com/keshablive/quester/internal/controllers/interaction_controller.go:38.16,40.3 1 0
github.com/keshablive/quester/internal/controllers/interaction_controller.go:42.2,51.43 2 0
github.com/keshablive/quester/internal/controllers/interaction_controller.go:51.43,53.3 1 0
github.com/keshablive/quester/internal/controllers/interaction_controller.go:55.2,55.50 1 0
github.com/keshablive/quester/internal/controllers/interaction_controller.go:55.50,57.3 1 0
github.com/keshablive/quester/internal/controllers/interaction_controller.go:59.2,60.16 2 0
github.com/keshablive/quester/internal/controllers/interaction_controller.go:60.16,62.3 1 0
github.com/keshablive/quester/internal/controllers/interaction_controller.go:65.2,78.16 3 0
github.com/keshablive/quester/internal/controllers/interaction_controller.go:78.16,80.41 1 0
github.com/keshablive/quester/internal/controllers/interaction_controller.go:80.41,82.4 1 0
github.com/keshablive/quester/internal/controllers/interaction_controller.go:83.3,87.39 1 0
github.com/keshablive/quester/internal/controllers/interaction_controller.go:87.39,89.4 1 0
github.com/keshablive/quester/internal/controllers/interaction_controller.go:90.3,90.82 1 0
github.com/keshablive/quester/internal/controllers/interaction_controller.go:94.2,94.64 1 0
github.com/keshablive/quester/internal/controllers/interaction_controller.go:94.64,96.3 1 0
github.com/keshablive/quester/internal/controllers/interaction_controller.go:99.2,99.63 1 0
github.com/keshablive/quester/internal/controllers/interaction_controller.go:99.63,102.3 1 0
github.com/keshablive/quester/internal/controllers/interaction_controller.go:105.2,105.37 1 0
github.com/keshablive/quester/internal/controllers/interaction_controller.go:110.70,114.16 3 0
github.com/keshablive/quester/internal/controllers/interaction_controller.go:114.16,116.3 1 0
github.com/keshablive/quester/internal/controllers/interaction_controller.go:119.2,128.43 8 0
github.com/keshablive/quester/internal/controllers/interaction_controller.go:128.43,130.3 1 0
github.com/keshablive/quester/internal/controllers/interaction_controller.go:132.2,133.16 2 0
github.com/keshablive/quester/internal/controllers/interaction_controller.go:133.16,135.3 1 0
github.com/keshablive/quester/internal/controllers/interaction_controller.go:138.2,139.21 2 0
github.com/keshablive/quester/internal/controllers/interaction_controller.go:139.21,141.17 2 0
github.com/keshablive/quester/internal/controllers/interaction_controller.go:141.17,143.4 1 0
github.com/keshablive/quester/internal/controllers/interaction_controller.go:144.3,144.15 1 0
github.com/keshablive/quester/internal/controllers/interaction_controller.go:147.2,148.23 2 0
github.com/keshablive/quester/internal/controllers/interaction_controller.go:148.23,150.17 2 0
github.com/keshablive/quester/internal/controllers/interaction_controller.go:150.17,152.4 1 0
github.com/keshablive/quester/internal/controllers/interaction_controller.go:153.3,153.17 1 0
github.com/keshablive/quester/internal/controllers/interaction_controller.go:156.2,157.30 2 0
github.com/keshablive/quester/internal/controllers/interaction_controller.go:157.30,159.3 1 0
github.com/keshablive/quester/internal/controllers/interaction_controller.go:160.2,160.17 1 0
github.com/keshablive/quester/internal/controllers/interaction_controller.go:160.17,162.3 1 0
github.com/keshablive/quester/internal/controllers/interaction_controller.go:164.2,165.29 2 0
github.com/keshablive/quester/internal/controllers/interaction_controller.go:165.29,167.3 1 0
github.com/keshablive/quester/internal/controllers/interaction_controller.go:169.2,185.16 4 0
github.com/keshablive/quester/internal/controllers/interaction_controller.go:185.16,187.3 1 0
github.com/keshablive/quester/internal/controllers/interaction_controller.go:190.2,195.4 1 0
github.com/keshablive/quester/internal/controllers/interaction_controller.go:200.73,204.16 3 0
github.com/keshablive/quester/internal/controllers/interaction_controller.go:204.16,206.3 1 0
github.com/keshablive/quester/internal/controllers/interaction_controller.go:208.2,210.16 3 0
github.com/keshablive/quester/internal/controllers/interaction_controller.go:210.16,212.3 1 0
github.com/keshablive/quester/internal/controllers/interaction_controller.go:214.2,215.16 2 0
github.com/keshablive/quester/internal/controllers/interaction_controller.go:215.16,217.3 1 0
github.com/keshablive/quester/internal/controllers/interaction_controller.go:219.2,219.42 1 0
github.com/keshablive/quester/internal/controllers/interaction_controller.go:224.75,228.16 3 0
github.com/keshablive/quester/internal/controllers/interaction_controller.go:228.16,230.3 1 0
github.com/keshablive/quester/internal/controllers/interaction_controller.go:232.2,234.16 3 0
github.com/keshablive/quester/internal/controllers/interaction_controller.go:234.16,236.3 1 0
github.com/keshablive/quester/internal/controllers/interaction_controller.go:238.2,242.30 4 0
github.com/keshablive/quester/internal/controllers/interaction_controller.go:242.30,244.3 1 0
github.com/keshablive/quester/internal/controllers/interaction_controller.go:245.2,245.17 1 0
github.com/keshablive/quester/internal/controllers/interaction_controller.go:245.17,247.3 1 0
github.com/keshablive/quester/internal/controllers/interaction_controller.go:249.2,250.29 2 0
github.com/keshablive/quester/internal/controllers/interaction_controller.go:250.29,252.3 1 0
github.com/keshablive/quester/internal/controllers/interaction_controller.go:254.2,258.16 3 0
github.com/keshablive/quester/internal/controllers/interaction_controller.go:258.16,260.3 1 0
github.com/keshablive/quester/internal/controllers/interaction_controller.go:262.2,267.4 1 0
github.com/keshablive/quester/internal/controllers/interaction_controller.go:272.72,276.16 3 0
github.com/keshablive/quester/internal/controllers/interaction_controller.go:276.16,278.3 1 0
github.com/keshablive/quester/internal/controllers/interaction_controller.go:280.2,281.16 2 0
github.com/keshablive/quester/internal/controllers/interaction_controller.go:281.16,283.3 1 0
github.com/keshablive/quester/internal/controllers/interaction_controller.go:285.2,287.16 3 0
github.com/keshablive/quester/internal/controllers/interaction_controller.go:287.16,289.3 1 0
github.com/keshablive/quester/internal/controllers/interaction_controller.go:292.2,293.16 2 0
github.com/keshablive/quester/internal/controllers/interaction_controller.go:293.16,294.72 1 0
github.com/keshablive/quester/internal/controllers/interaction_controller.go:294.72,296.4 1 0
github.com/keshablive/quester/internal/controllers/interaction_controller.go:297.3,297.82 1 0
github.com/keshablive/quester/internal/controllers/interaction_controller.go:300.2,302.4 1 0
github.com/keshablive/quester/internal/controllers/interaction_controller.go:307.75,311.16 3 0
github.com/keshablive/quester/internal/controllers/interaction_controller.go:311.16,313.3 1 0
github.com/keshablive/quester/internal/controllers/interaction_controller.go:315.2,318.43 3 0
github.com/keshablive/quester/internal/controllers/interaction_controller.go:318.43,320.3 1 0
github.com/keshablive/quester/internal/controllers/interaction_controller.go:322.2,323.16 2 0
github.com/keshablive/quester/internal/controllers/interaction_controller.go:323.16,325.3 1 0
github.com/keshablive/quester/internal/controllers/interaction_controller.go:327.2,328.16 2 0
github.com/keshablive/quester/internal/controllers/interaction_controller.go:328.16,330.3 1 0
github.com/keshablive/quester/internal/controllers/interaction_controller.go:332.2,332.37 1 0
github.com/keshablive/quester/internal/controllers/interaction_controller.go:337.79,341.16 3 0
github.com/keshablive/quester/internal/controllers/interaction_controller.go:341.16,343.3 1 0
github.com/keshablive/quester/internal/controllers/interaction_controller.go:345.2,346.16 2 0
github.com/keshablive/quester/internal/controllers/interaction_controller.go:346.16,348.3 1 0
github.com/keshablive/quester/internal/controllers/interaction_controller.go:350.2,353.43 3 0
github.com/keshablive/quester/internal/controllers/interaction_controller.go:353.43,355.3 1 0
github.com/keshablive/quester/internal/controllers/interaction_controller.go:357.2,358.16 2 0
github.com/keshablive/quester/internal/controllers/interaction_controller.go:358.16,360.3 1 0
github.com/keshablive/quester/internal/controllers/interaction_controller.go:363.2,364.16 2 0
github.com/keshablive/quester/internal/controllers/interaction_controller.go:364.16,366.3 1 0
github.com/keshablive/quester/internal/controllers/interaction_controller.go:369.2,370.16 2 0
github.com/keshablive/quester/internal/controllers/interaction_controller.go:370.16,372.3 1 0
github.com/keshablive/quester/internal/controllers/interaction_controller.go:374.2,377.4 1 0
github.com/keshablive/quester/internal/controllers/kms_controller.go:26.49,28.16 2 0
github.com/keshablive/quester/internal/controllers/kms_controller.go:28.16,30.3 1 0
github.com/keshablive/quester/internal/controllers/kms_controller.go:33.2,35.16 3 0
github.com/keshablive/quester/internal/controllers/kms_controller.go:35.16,37.3 1 0
github.com/keshablive/quester/internal/controllers/kms_controller.go:39.2,41.8 1 0
github.com/keshablive/quester/internal/controllers/kms_controller.go:65.56,73.16 5 0
github.com/keshablive/quester/internal/controllers/kms_controller.go:73.16,81.3 1 0
github.com/keshablive/quester/internal/controllers/kms_controller.go:84.2,85.16 2 0
github.com/keshablive/quester/internal/controllers/kms_controller.go:85.16,91.3 1 0
github.com/keshablive/quester/internal/controllers/kms_controller.go:93.2,105.4 1 0
github.com/keshablive/quester/internal/controllers/kms_controller.go:118.55,123.14 3 0
github.com/keshablive/quester/internal/controllers/kms_controller.go:123.14,125.3 1 0
github.com/keshablive/quester/internal/controllers/kms_controller.go:126.2,126.30 1 0
github.com/keshablive/quester/internal/controllers/kms_controller.go:126.30,128.3 1 0
github.com/keshablive/quester/internal/controllers/kms_controller.go:130.2,139.47 5 0
github.com/keshablive/quester/internal/controllers/kms_controller.go:139.47,141.3 1 0
github.com/keshablive/quester/internal/controllers/kms_controller.go:143.2,145.76 2 0
github.com/keshablive/quester/internal/controllers/kms_controller.go:145.76,151.3 1 0
github.com/keshablive/quester/internal/controllers/kms_controller.go:154.2,155.27 2 0
github.com/keshablive/quester/internal/controllers/kms_controller.go:155.27,164.3 1 0
github.com/keshablive/quester/internal/controllers/kms_controller.go:166.2,170.4 1 0
github.com/keshablive/quester/internal/controllers/kms_controller.go:194.58,209.2 1 0
github.com/keshablive/quester/internal/controllers/kms_controller.go:228.55,253.22 12 0
github.com/keshablive/quester/internal/controllers/kms_controller.go:253.22,255.3 1 0
github.com/keshablive/quester/internal/controllers/kms_controller.go:257.2,267.21 2 0
github.com/keshablive/quester/internal/controllers/kms_controller.go:267.21,271.3 3 0
github.com/keshablive/quester/internal/controllers/kms_controller.go:273.2,273.22 1 0
github.com/keshablive/quester/internal/controllers/leaderboard_controller.go:18.41,21.9 2 0
github.com/keshablive/quester/internal/controllers/leaderboard_controller.go:21.9,27.3 1 0
github.com/keshablive/quester/internal/controllers/leaderboard_controller.go:29.2,30.16 2 0
github.com/keshablive/quester/internal/controllers/leaderboard_controller.go:30.16,36.3 1 0
github.com/keshablive/quester/internal/controllers/leaderboard_controller.go:39.2,40.72 2 0
github.com/keshablive/quester/internal/controllers/leaderboard_controller.go:40.72,46.3 1 0
github.com/keshablive/quester/internal/controllers/leaderboard_controller.go:47.2,51.54 3 0
github.com/keshablive/quester/internal/controllers/leaderboard_controller.go:51.54,57.3 1 0
github.com/keshablive/quester/internal/controllers/leaderboard_controller.go:58.2,62.73 3 0
github.com/keshablive/quester/internal/controllers/leaderboard_controller.go:62.73,68.3 1 0
github.com/keshablive/quester/internal/controllers/leaderboard_controller.go:71.2,75.14 3 0
github.com/keshablive/quester/internal/controllers/leaderboard_controller.go:75.14,77.3 1 0
github.com/keshablive/quester/internal/controllers/leaderboard_controller.go:78.2,78.15 1 0
github.com/keshablive/quester/internal/controllers/leaderboard_controller.go:78.15,80.3 1 0
github.com/keshablive/quester/internal/controllers/leaderboard_controller.go:81.2,81.17 1 0
github.com/keshablive/quester/internal/controllers/leaderboard_controller.go:81.17,83.3 1 0
github.com/keshablive/quester/internal/controllers/leaderboard_controller.go:104.2,116.15 9 0
github.com/keshablive/quester/internal/controllers/leaderboard_controller.go:116.15,118.3 1 0
github.com/keshablive/quester/internal/controllers/leaderboard_controller.go:121.2,137.4 2 0
github.com/keshablive/quester/internal/controllers/leaderboard_controller.go:145.42,148.9 2 0
github.com/keshablive/quester/internal/controllers/leaderboard_controller.go:148.9,154.3 1 0
github.com/keshablive/quester/internal/controllers/leaderboard_controller.go:156.2,157.16 2 0
github.com/keshablive/quester/internal/controllers/leaderboard_controller.go:157.16,163.3 1 0
github.com/keshablive/quester/internal/controllers/leaderboard_controller.go:166.2,168.16 3 0
github.com/keshablive/quester/internal/controllers/leaderboard_controller.go:168.16,174.3 1 0
github.com/keshablive/quester/internal/controllers/leaderboard_controller.go:177.2,178.72 2 0
github.com/keshablive/quester/internal/controllers/leaderboard_controller.go:178.72,184.3 1 0
github.com/keshablive/quester/internal/controllers/leaderboard_controller.go:185.2,188.54 3 0
github.com/keshablive/quester/internal/controllers/leaderboard_controller.go:188.54,194.3 1 0
github.com/keshablive/quester/internal/controllers/leaderboard_controller.go:195.2,198.73 3 0
github.com/keshablive/quester/internal/controllers/leaderboard_controller.go:198.73,204.3 1 0
github.com/keshablive/quester/internal/controllers/leaderboard_controller.go:225.2,245.4 7 0
github.com/keshablive/quester/internal/controllers/leaderboard_controller.go:251.53,254.9 2 0
github.com/keshablive/quester/internal/controllers/leaderboard_controller.go:254.9,260.3 1 0
github.com/keshablive/quester/internal/controllers/leaderboard_controller.go:266.2,271.43 2 0
github.com/keshablive/quester/internal/controllers/leaderboard_controller.go:271.43,277.3 1 0
github.com/keshablive/quester/internal/controllers/leaderboard_controller.go:280.2,280.74 1 0
github.com/keshablive/quester/internal/controllers/leaderboard_controller.go:280.74,286.3 1 0
github.com/keshablive/quester/internal/controllers/leaderboard_controller.go:288.2,318.4 4 0
github.com/keshablive/quester/internal/controllers/lesson_controller.go:18.57,23.2 1 0
github.com/keshablive/quester/internal/controllers/lesson_controller.go:26.62,44.2 9 0
github.com/keshablive/quester/internal/controllers/lesson_controller.go:47.64,50.16 2 0
github.com/keshablive/quester/internal/controllers/lesson_controller.go:50.16,54.3 1 0
github.com/keshablive/quester/internal/controllers/lesson_controller.go:57.2,59.16 3 0
github.com/keshablive/quester/internal/controllers/lesson_controller.go:59.16,63.3 1 0
github.com/keshablive/quester/internal/controllers/lesson_controller.go:66.2,67.16 2 0
github.com/keshablive/quester/internal/controllers/lesson_controller.go:67.16,71.3 1 0
github.com/keshablive/quester/internal/controllers/lesson_controller.go:72.2,72.14 1 0
github.com/keshablive/quester/internal/controllers/lesson_controller.go:72.14,76.3 1 0
github.com/keshablive/quester/internal/controllers/lesson_controller.go:79.2,80.43 2 0
github.com/keshablive/quester/internal/controllers/lesson_controller.go:80.43,84.3 1 0
github.com/keshablive/quester/internal/controllers/lesson_controller.go:87.2,90.21 2 0
github.com/keshablive/quester/internal/controllers/lesson_controller.go:90.21,94.3 1 0
github.com/keshablive/quester/internal/controllers/lesson_controller.go:95.2,95.27 1 0
github.com/keshablive/quester/internal/controllers/lesson_controller.go:95.27,99.3 1 0
github.com/keshablive/quester/internal/controllers/lesson_controller.go:100.2,100.27 1 0
github.com/keshablive/quester/internal/controllers/lesson_controller.go:100.27,104.3 1 0
github.com/keshablive/quester/internal/controllers/lesson_controller.go:107.2,108.16 2 0
github.com/keshablive/quester/internal/controllers/lesson_controller.go:108.16,109.38 1 0
github.com/keshablive/quester/internal/controllers/lesson_controller.go:109.38,113.4 1 0
github.com/keshablive/quester/internal/controllers/lesson_controller.go:114.3,114.44 1 0
github.com/keshablive/quester/internal/controllers/lesson_controller.go:114.44,118.4 1 0
github.com/keshablive/quester/internal/controllers/lesson_controller.go:119.3,119.113 1 0
github.com/keshablive/quester/internal/controllers/lesson_controller.go:119.113,123.4 1 0
github.com/keshablive/quester/internal/controllers/lesson_controller.go:124.3,126.5 1 0
github.com/keshablive/quester/internal/controllers/lesson_controller.go:129.2,132.4 1 0
github.com/keshablive/quester/internal/controllers/lesson_controller.go:136.61,139.16 2 0
github.com/keshablive/quester/internal/controllers/lesson_controller.go:139.16,143.3 1 0
github.com/keshablive/quester/internal/controllers/lesson_controller.go:146.2,148.16 3 0
github.com/keshablive/quester/internal/controllers/lesson_controller.go:148.16,152.3 1 0
github.com/keshablive/quester/internal/controllers/lesson_controller.go:155.2,156.16 2 0
github.com/keshablive/quester/internal/controllers/lesson_controller.go:156.16,157.40 1 0
github.com/keshablive/quester/internal/controllers/lesson_controller.go:157.40,161.4 1 0
github.com/keshablive/quester/internal/controllers/lesson_controller.go:162.3,164.5 1 0
github.com/keshablive/quester/internal/controllers/lesson_controller.go:167.2,169.4 1 0
github.com/keshablive/quester/internal/controllers/lesson_controller.go:173.68,176.16 2 0
github.com/keshablive/quester/internal/controllers/lesson_controller.go:176.16,180.3 1 0
github.com/keshablive/quester/internal/controllers/lesson_controller.go:183.2,185.16 3 0
github.com/keshablive/quester/internal/controllers/lesson_controller.go:185.16,189.3 1 0
github.com/keshablive/quester/internal/controllers/lesson_controller.go:192.2,193.16 2 0
github.com/keshablive/quester/internal/controllers/lesson_controller.go:193.16,197.3 1 0
github.com/keshablive/quester/internal/controllers/lesson_controller.go:199.2,201.4 1 0
github.com/keshablive/quester/internal/controllers/lesson_controller.go:205.64,208.16 2 0
github.com/keshablive/quester/internal/controllers/lesson_controller.go:208.16,212.3 1 0
github.com/keshablive/quester/internal/controllers/lesson_controller.go:215.2,216.16 2 0
github.com/keshablive/quester/internal/controllers/lesson_controller.go:216.16,217.40 1 0
github.com/keshablive/quester/internal/controllers/lesson_controller.go:217.40,221.4 1 0
github.com/keshablive/quester/internal/controllers/lesson_controller.go:222.3,224.5 1 0
github.com/keshablive/quester/internal/controllers/lesson_controller.go:228.2,230.16 3 0
github.com/keshablive/quester/internal/controllers/lesson_controller.go:230.16,234.3 1 0
github.com/keshablive/quester/internal/controllers/lesson_controller.go:237.2,238.16 2 0
github.com/keshablive/quester/internal/controllers/lesson_controller.go:238.16,242.3 1 0
github.com/keshablive/quester/internal/controllers/lesson_controller.go:243.2,243.14 1 0
github.com/keshablive/quester/internal/controllers/lesson_controller.go:243.14,247.3 1 0
github.com/keshablive/quester/internal/controllers/lesson_controller.go:250.2,251.43 2 0
github.com/keshablive/quester/internal/controllers/lesson_controller.go:251.43,255.3 1 0
github.com/keshablive/quester/internal/controllers/lesson_controller.go:258.2,259.16 2 0
github.com/keshablive/quester/internal/controllers/lesson_controller.go:259.16,260.40 1 0
github.com/keshablive/quester/internal/controllers/lesson_controller.go:260.40,264.4 1 0
github.com/keshablive/quester/internal/controllers/lesson_controller.go:265.3,265.44 1 0
github.com/keshablive/quester/internal/controllers/lesson_controller.go:265.44,269.4 1 0
github.com/keshablive/quester/internal/controllers/lesson_controller.go:270.3,270.113 1 0
github.com/keshablive/quester/internal/controllers/lesson_controller.go:270.113,274.4 1 0
github.com/keshablive/quester/internal/controllers/lesson_controller.go:275.3,277.5 1 0
github.com/keshablive/quester/internal/controllers/lesson_controller.go:280.2,283.4 1 0
github.com/keshablive/quester/internal/controllers/lesson_controller.go:287.64,290.16 2 0
github.com/keshablive/quester/internal/controllers/lesson_controller.go:290.16,294.3 1 0
github.com/keshablive/quester/internal/controllers/lesson_controller.go:297.2,298.16 2 0
github.com/keshablive/quester/internal/controllers/lesson_controller.go:298.16,299.40 1 0
github.com/keshablive/quester/internal/controllers/lesson_controller.go:299.40,303.4 1 0
github.com/keshablive/quester/internal/controllers/lesson_controller.go:304.3,306.5 1 0
github.com/keshablive/quester/internal/controllers/lesson_controller.go:310.2,312.16 3 0
github.com/keshablive/quester/internal/controllers/lesson_controller.go:312.16,316.3 1 0
github.com/keshablive/quester/internal/controllers/lesson_controller.go:319.2,320.16 2 0
github.com/keshablive/quester/internal/controllers/lesson_controller.go:320.16,324.3 1 0
github.com/keshablive/quester/internal/controllers/lesson_controller.go:325.2,325.14 1 0
github.com/keshablive/quester/internal/controllers/lesson_controller.go:325.14,329.3 1 0
github.com/keshablive/quester/internal/controllers/lesson_controller.go:332.2,332.60 1 0
github.com/keshablive/quester/internal/controllers/lesson_controller.go:332.60,333.40 1 0
github.com/keshablive/quester/internal/controllers/lesson_controller.go:333.40,337.4 1 0
github.com/keshablive/quester/internal/controllers/lesson_controller.go:338.3,338.72 1 0
github.com/keshablive/quester/internal/controllers/lesson_controller.go:338.72,342.4 1 0
github.com/keshablive/quester/internal/controllers/lesson_controller.go:343.3,345.5 1 0
github.com/keshablive/quester/internal/controllers/lesson_controller.go:348.2,350.4 1 0
github.com/keshablive/quester/internal/controllers/lesson_controller.go:354.66,357.16 2 0
github.com/keshablive/quester/internal/controllers/lesson_controller.go:357.16,361.3 1 0
github.com/keshablive/quester/internal/controllers/lesson_controller.go:364.2,366.16 3 0
github.com/keshablive/quester/internal/controllers/lesson_controller.go:366.16,370.3 1 0
github.com/keshablive/quester/internal/controllers/lesson_controller.go:373.2,376.44 2 0
github.com/keshablive/quester/internal/controllers/lesson_controller.go:376.45,378.3 0 0
github.com/keshablive/quester/internal/controllers/lesson_controller.go:381.2,388.16 3 0
github.com/keshablive/quester/internal/controllers/lesson_controller.go:388.16,389.40 1 0
github.com/keshablive/quester/internal/controllers/lesson_controller.go:389.40,393.4 1 0
github.com/keshablive/quester/internal/controllers/lesson_controller.go:394.3,394.57 1 0
github.com/keshablive/quester/internal/controllers/lesson_controller.go:394.57,398.4 1 0
github.com/keshablive/quester/internal/controllers/lesson_controller.go:399.3,399.44 1 0
github.com/keshablive/quester/internal/controllers/lesson_controller.go:399.44,403.4 1 0
github.com/keshablive/quester/internal/controllers/lesson_controller.go:404.3,406.5 1 0
github.com/keshablive/quester/internal/controllers/lesson_controller.go:409.2,412.4 1 0
github.com/keshablive/quester/internal/controllers/lesson_controller.go:416.66,419.16 2 0
github.com/keshablive/quester/internal/controllers/lesson_controller.go:419.16,423.3 1 0
github.com/keshablive/quester/internal/controllers/lesson_controller.go:426.2,428.16 3 0
github.com/keshablive/quester/internal/controllers/lesson_controller.go:428.16,432.3 1 0
github.com/keshablive/quester/internal/controllers/lesson_controller.go:435.2,436.16 2 0
github.com/keshablive/quester/internal/controllers/lesson_controller.go:436.16,440.3 1 0
github.com/keshablive/quester/internal/controllers/lesson_controller.go:441.2,441.14 1 0
github.com/keshablive/quester/internal/controllers/lesson_controller.go:441.14,445.3 1 0
github.com/keshablive/quester/internal/controllers/lesson_controller.go:448.2,451.43 2 0
github.com/keshablive/quester/internal/controllers/lesson_controller.go:451.43,455.3 1 0
github.com/keshablive/quester/internal/controllers/lesson_controller.go:458.2,458.83 1 0
github.com/keshablive/quester/internal/controllers/lesson_controller.go:458.83,462.3 1 0
github.com/keshablive/quester/internal/controllers/lesson_controller.go:464.2,466.4 1 0
github.com/keshablive/quester/internal/controllers/lesson_controller.go:470.69,473.16 2 0
github.com/keshablive/quester/internal/controllers/lesson_controller.go:473.16,477.3 1 0
github.com/keshablive/quester/internal/controllers/lesson_controller.go:480.2,481.16 2 0
github.com/keshablive/quester/internal/controllers/lesson_controller.go:481.16,482.40 1 0
github.com/keshablive/quester/internal/controllers/lesson_controller.go:482.40,486.4 1 0
github.com/keshablive/quester/internal/controllers/lesson_controller.go:487.3,489.5 1 0
github.com/keshablive/quester/internal/controllers/lesson_controller.go:493.2,495.16 3 0
github.com/keshablive/quester/internal/controllers/lesson_controller.go:495.16,499.3 1 0
github.com/keshablive/quester/internal/controllers/lesson_controller.go:502.2,503.16 2 0
github.com/keshablive/quester/internal/controllers/lesson_controller.go:503.16,507.3 1 0
github.com/keshablive/quester/internal/controllers/lesson_controller.go:508.2,508.14 1 0
github.com/keshablive/quester/internal/controllers/lesson_controller.go:508.14,512.3 1 0
github.com/keshablive/quester/internal/controllers/lesson_controller.go:515.2,516.16 2 0
github.com/keshablive/quester/internal/controllers/lesson_controller.go:516.16,520.3 1 0
github.com/keshablive/quester/internal/controllers/lesson_controller.go:522.2,524.4 1 0
github.com/keshablive/quester/internal/controllers/marketplace_controller.go:20.103,24.2 1 0
github.com/keshablive/quester/internal/controllers/marketplace_controller.go:28.68,33.16 4 0
github.com/keshablive/quester/internal/controllers/marketplace_controller.go:33.16,35.3 1 0
github.com/keshablive/quester/internal/controllers/marketplace_controller.go:37.2,38.16 2 0
github.com/keshablive/quester/internal/controllers/marketplace_controller.go:38.16,40.3 1 0
github.com/keshablive/quester/internal/controllers/marketplace_controller.go:42.2,59.43 2 0
github.com/keshablive/quester/internal/controllers/marketplace_controller.go:59.43,61.3 1 0
github.com/keshablive/quester/internal/controllers/marketplace_controller.go:64.2,64.50 1 0
github.com/keshablive/quester/internal/controllers/marketplace_controller.go:64.50,66.3 1 0
github.com/keshablive/quester/internal/controllers/marketplace_controller.go:69.2,85.16 3 0
github.com/keshablive/quester/internal/controllers/marketplace_controller.go:85.16,87.3 1 0
github.com/keshablive/quester/internal/controllers/marketplace_controller.go:89.2,89.38 1 0
github.com/keshablive/quester/internal/controllers/marketplace_controller.go:94.66,99.16 4 0
github.com/keshablive/quester/internal/controllers/marketplace_controller.go:99.16,101.3 1 0
github.com/keshablive/quester/internal/controllers/marketplace_controller.go:104.2,109.63 4 0
github.com/keshablive/quester/internal/controllers/marketplace_controller.go:109.63,111.3 1 0
github.com/keshablive/quester/internal/controllers/marketplace_controller.go:113.2,113.47 1 0
github.com/keshablive/quester/internal/controllers/marketplace_controller.go:113.47,115.3 1 0
github.com/keshablive/quester/internal/controllers/marketplace_controller.go:117.2,117.60 1 0
github.com/keshablive/quester/internal/controllers/marketplace_controller.go:117.60,119.3 1 0
github.com/keshablive/quester/internal/controllers/marketplace_controller.go:121.2,121.60 1 0
github.com/keshablive/quester/internal/controllers/marketplace_controller.go:121.60,123.3 1 0
github.com/keshablive/quester/internal/controllers/marketplace_controller.go:125.2,125.47 1 0
github.com/keshablive/quester/internal/controllers/marketplace_controller.go:125.47,127.3 1 0
github.com/keshablive/quester/internal/controllers/marketplace_controller.go:129.2,129.48 1 0
github.com/keshablive/quester/internal/controllers/marketplace_controller.go:129.48,131.3 1 0
github.com/keshablive/quester/internal/controllers/marketplace_controller.go:133.2,133.57 1 0
github.com/keshablive/quester/internal/controllers/marketplace_controller.go:133.57,135.3 1 0
github.com/keshablive/quester/internal/controllers/marketplace_controller.go:137.2,138.16 2 0
github.com/keshablive/quester/internal/controllers/marketplace_controller.go:138.16,140.3 1 0
github.com/keshablive/quester/internal/controllers/marketplace_controller.go:142.2,142.88 1 0
github.com/keshablive/quester/internal/controllers/marketplace_controller.go:147.65,152.16 4 0
github.com/keshablive/quester/internal/controllers/marketplace_controller.go:152.16,154.3 1 0
github.com/keshablive/quester/internal/controllers/marketplace_controller.go:156.2,157.16 2 0
github.com/keshablive/quester/internal/controllers/marketplace_controller.go:157.16,159.3 1 0
github.com/keshablive/quester/internal/controllers/marketplace_controller.go:161.2,162.16 2 0
github.com/keshablive/quester/internal/controllers/marketplace_controller.go:162.16,164.3 1 0
github.com/keshablive/quester/internal/controllers/marketplace_controller.go:166.2,166.38 1 0
github.com/keshablive/quester/internal/controllers/marketplace_controller.go:171.68,176.16 4 0
github.com/keshablive/quester/internal/controllers/marketplace_controller.go:176.16,178.3 1 0
github.com/keshablive/quester/internal/controllers/marketplace_controller.go:180.2,181.16 2 0
github.com/keshablive/quester/internal/controllers/marketplace_controller.go:181.16,183.3 1 0
github.com/keshablive/quester/internal/controllers/marketplace_controller.go:185.2,186.16 2 0
github.com/keshablive/quester/internal/controllers/marketplace_controller.go:186.16,188.3 1 0
github.com/keshablive/quester/internal/controllers/marketplace_controller.go:190.2,191.47 2 0
github.com/keshablive/quester/internal/controllers/marketplace_controller.go:191.47,193.3 1 0
github.com/keshablive/quester/internal/controllers/marketplace_controller.go:195.2,196.16 2 0
github.com/keshablive/quester/internal/controllers/marketplace_controller.go:196.16,198.3 1 0
github.com/keshablive/quester/internal/controllers/marketplace_controller.go:200.2,200.38 1 0
github.com/keshablive/quester/internal/controllers/marketplace_controller.go:205.68,210.16 4 0
github.com/keshablive/quester/internal/controllers/marketplace_controller.go:210.16,212.3 1 0
github.com/keshablive/quester/internal/controllers/marketplace_controller.go:214.2,215.16 2 0
github.com/keshablive/quester/internal/controllers/marketplace_controller.go:215.16,217.3 1 0
github.com/keshablive/quester/internal/controllers/marketplace_controller.go:219.2,220.16 2 0
github.com/keshablive/quester/internal/controllers/marketplace_controller.go:220.16,222.3 1 0
github.com/keshablive/quester/internal/controllers/marketplace_controller.go:224.2,224.94 1 0
github.com/keshablive/quester/internal/controllers/marketplace_controller.go:224.94,226.3 1 0
github.com/keshablive/quester/internal/controllers/marketplace_controller.go:228.2,228.31 1 0
github.com/keshablive/quester/internal/controllers/marketplace_controller.go:233.69,238.16 4 0
github.com/keshablive/quester/internal/controllers/marketplace_controller.go:238.16,240.3 1 0
github.com/keshablive/quester/internal/controllers/marketplace_controller.go:242.2,243.16 2 0
github.com/keshablive/quester/internal/controllers/marketplace_controller.go:243.16,245.3 1 0
github.com/keshablive/quester/internal/controllers/marketplace_controller.go:247.2,248.16 2 0
github.com/keshablive/quester/internal/controllers/marketplace_controller.go:248.16,250.3 1 0
github.com/keshablive/quester/internal/controllers/marketplace_controller.go:252.2,253.16 2 0
github.com/keshablive/quester/internal/controllers/marketplace_controller.go:253.16,255.3 1 0
github.com/keshablive/quester/internal/controllers/marketplace_controller.go:257.2,257.38 1 0
github.com/keshablive/quester/internal/controllers/marketplace_controller.go:262.68,267.16 4 0
github.com/keshablive/quester/internal/controllers/marketplace_controller.go:267.16,269.3 1 0
github.com/keshablive/quester/internal/controllers/marketplace_controller.go:271.2,272.16 2 0
github.com/keshablive/quester/internal/controllers/marketplace_controller.go:272.16,274.3 1 0
github.com/keshablive/quester/internal/controllers/marketplace_controller.go:276.2,280.16 4 0
github.com/keshablive/quester/internal/controllers/marketplace_controller.go:280.16,282.3 1 0
github.com/keshablive/quester/internal/controllers/marketplace_controller.go:284.2,284.88 1 0
github.com/keshablive/quester/internal/controllers/marketplace_controller.go:289.70,294.16 4 0
github.com/keshablive/quester/internal/controllers/marketplace_controller.go:294.16,296.3 1 0
github.com/keshablive/quester/internal/controllers/marketplace_controller.go:298.2,299.16 2 0
github.com/keshablive/quester/internal/controllers/marketplace_controller.go:299.16,301.3 1 0
github.com/keshablive/quester/internal/controllers/marketplace_controller.go:303.2,304.16 2 0
github.com/keshablive/quester/internal/controllers/marketplace_controller.go:304.16,306.3 1 0
github.com/keshablive/quester/internal/controllers/marketplace_controller.go:308.2,308.36 1 0
github.com/keshablive/quester/internal/controllers/marketplace_controller.go:313.72,318.16 4 0
github.com/keshablive/quester/internal/controllers/marketplace_controller.go:318.16,320.3 1 0
github.com/keshablive/quester/internal/controllers/marketplace_controller.go:322.2,323.16 2 0
github.com/keshablive/quester/internal/controllers/marketplace_controller.go:323.16,325.3 1 0
github.com/keshablive/quester/internal/controllers/marketplace_controller.go:327.2,331.16 4 0
github.com/keshablive/quester/internal/controllers/marketplace_controller.go:331.16,333.3 1 0
github.com/keshablive/quester/internal/controllers/marketplace_controller.go:335.2,335.87 1 0
github.com/keshablive/quester/internal/controllers/marketplace_controller.go:340.64,345.16 4 0
github.com/keshablive/quester/internal/controllers/marketplace_controller.go:345.16,347.3 1 0
github.com/keshablive/quester/internal/controllers/marketplace_controller.go:349.2,350.16 2 0
github.com/keshablive/quester/internal/controllers/marketplace_controller.go:350.16,352.3 1 0
github.com/keshablive/quester/internal/controllers/marketplace_controller.go:354.2,355.16 2 0
github.com/keshablive/quester/internal/controllers/marketplace_controller.go:355.16,357.3 1 0
github.com/keshablive/quester/internal/controllers/marketplace_controller.go:359.2,366.43 2 0
github.com/keshablive/quester/internal/controllers/marketplace_controller.go:366.43,368.3 1 0
github.com/keshablive/quester/internal/controllers/marketplace_controller.go:370.2,370.50 1 0
github.com/keshablive/quester/internal/controllers/marketplace_controller.go:370.50,372.3 1 0
github.com/keshablive/quester/internal/controllers/marketplace_controller.go:374.2,384.16 2 0
github.com/keshablive/quester/internal/controllers/marketplace_controller.go:384.16,386.3 1 0
github.com/keshablive/quester/internal/controllers/marketplace_controller.go:388.2,388.37 1 0
github.com/keshablive/quester/internal/controllers/marketplace_controller.go:393.72,398.16 4 0
github.com/keshablive/quester/internal/controllers/marketplace_controller.go:398.16,400.3 1 0
github.com/keshablive/quester/internal/controllers/marketplace_controller.go:402.2,403.16 2 0
github.com/keshablive/quester/internal/controllers/marketplace_controller.go:403.16,405.3 1 0
github.com/keshablive/quester/internal/controllers/marketplace_controller.go:407.2,408.16 2 0
github.com/keshablive/quester/internal/controllers/marketplace_controller.go:408.16,410.3 1 0
github.com/keshablive/quester/internal/controllers/marketplace_controller.go:412.2,416.43 2 0
github.com/keshablive/quester/internal/controllers/marketplace_controller.go:416.43,418.3 1 0
github.com/keshablive/quester/internal/controllers/marketplace_controller.go:420.2,420.50 1 0
github.com/keshablive/quester/internal/controllers/marketplace_controller.go:420.50,422.3 1 0
github.com/keshablive/quester/internal/controllers/marketplace_controller.go:424.2,425.16 2 0
github.com/keshablive/quester/internal/controllers/marketplace_controller.go:425.16,427.3 1 0
github.com/keshablive/quester/internal/controllers/marketplace_controller.go:429.2,429.37 1 0
github.com/keshablive/quester/internal/controllers/messages_controller.go:26.23,33.2 1 0
github.com/keshablive/quester/internal/controllers/messages_controller.go:36.70,49.45 5 0
github.com/keshablive/quester/internal/controllers/messages_controller.go:49.45,53.3 1 0
github.com/keshablive/quester/internal/controllers/messages_controller.go:56.2,66.16 2 0
github.com/keshablive/quester/internal/controllers/messages_controller.go:66.16,70.3 1 0
github.com/keshablive/quester/internal/controllers/messages_controller.go:73.2,73.57 1 0
github.com/keshablive/quester/internal/controllers/messages_controller.go:73.57,87.3 2 0
github.com/keshablive/quester/internal/controllers/messages_controller.go:89.2,89.54 1 0
github.com/keshablive/quester/internal/controllers/messages_controller.go:93.69,106.45 5 0
github.com/keshablive/quester/internal/controllers/messages_controller.go:106.45,110.3 1 0
github.com/keshablive/quester/internal/controllers/messages_controller.go:113.2,123.16 2 0
github.com/keshablive/quester/internal/controllers/messages_controller.go:123.16,127.3 1 0
github.com/keshablive/quester/internal/controllers/messages_controller.go:130.2,144.54 3 0
github.com/keshablive/quester/internal/controllers/messages_controller.go:148.70,157.14 6 0
github.com/keshablive/quester/internal/controllers/messages_controller.go:157.14,159.3 1 0
github.com/keshablive/quester/internal/controllers/messages_controller.go:160.2,160.30 1 0
github.com/keshablive/quester/internal/controllers/messages_controller.go:160.30,162.3 1 0
github.com/keshablive/quester/internal/controllers/messages_controller.go:164.2,172.16 2 0
github.com/keshablive/quester/internal/controllers/messages_controller.go:172.16,176.3 1 0
github.com/keshablive/quester/internal/controllers/messages_controller.go:178.2,186.4 1 0
github.com/keshablive/quester/internal/controllers/messages_controller.go:190.69,198.14 5 0
github.com/keshablive/quester/internal/controllers/messages_controller.go:198.14,200.3 1 0
github.com/keshablive/quester/internal/controllers/messages_controller.go:201.2,201.30 1 0
github.com/keshablive/quester/internal/controllers/messages_controller.go:201.30,203.3 1 0
github.com/keshablive/quester/internal/controllers/messages_controller.go:205.2,212.16 2 0
github.com/keshablive/quester/internal/controllers/messages_controller.go:212.16,216.3 1 0
github.com/keshablive/quester/internal/controllers/messages_controller.go:218.2,226.4 1 0
github.com/keshablive/quester/internal/controllers/messages_controller.go:230.63,235.16 4 0
github.com/keshablive/quester/internal/controllers/messages_controller.go:235.16,239.3 1 0
github.com/keshablive/quester/internal/controllers/messages_controller.go:241.2,241.26 1 0
github.com/keshablive/quester/internal/controllers/messages_controller.go:245.70,250.105 4 0
github.com/keshablive/quester/internal/controllers/messages_controller.go:250.105,254.3 1 0
github.com/keshablive/quester/internal/controllers/messages_controller.go:257.2,258.16 2 0
github.com/keshablive/quester/internal/controllers/messages_controller.go:258.16,262.3 1 0
github.com/keshablive/quester/internal/controllers/messages_controller.go:265.2,275.26 3 0
github.com/keshablive/quester/internal/controllers/messages_controller.go:279.71,288.45 5 0
github.com/keshablive/quester/internal/controllers/messages_controller.go:288.45,292.3 1 0
github.com/keshablive/quester/internal/controllers/messages_controller.go:294.2,294.111 1 0
github.com/keshablive/quester/internal/controllers/messages_controller.go:294.111,298.3 1 0
github.com/keshablive/quester/internal/controllers/messages_controller.go:300.2,303.4 1 0
github.com/keshablive/quester/internal/controllers/messages_controller.go:307.66,312.101 4 0
github.com/keshablive/quester/internal/controllers/messages_controller.go:312.101,316.3 1 0
github.com/keshablive/quester/internal/controllers/messages_controller.go:318.2,318.52 1 0
github.com/keshablive/quester/internal/controllers/messages_controller.go:322.67,327.16 4 0
github.com/keshablive/quester/internal/controllers/messages_controller.go:327.16,331.3 1 0
github.com/keshablive/quester/internal/controllers/messages_controller.go:333.2,335.4 1 0
github.com/keshablive/quester/internal/controllers/messages_controller.go:339.70,347.14 5 0
github.com/keshablive/quester/internal/controllers/messages_controller.go:347.14,349.3 1 0
github.com/keshablive/quester/internal/controllers/messages_controller.go:350.2,350.29 1 0
github.com/keshablive/quester/internal/controllers/messages_controller.go:350.29,352.3 1 0
github.com/keshablive/quester/internal/controllers/messages_controller.go:354.2,355.16 2 0
github.com/keshablive/quester/internal/controllers/messages_controller.go:355.16,359.3 1 0
github.com/keshablive/quester/internal/controllers/messages_controller.go:361.2,367.4 1 0
github.com/keshablive/quester/internal/controllers/messages_controller.go:371.67,376.19 4 0
github.com/keshablive/quester/internal/controllers/messages_controller.go:376.19,380.3 1 0
github.com/keshablive/quester/internal/controllers/messages_controller.go:383.2,386.14 3 0
github.com/keshablive/quester/internal/controllers/messages_controller.go:386.14,388.3 1 0
github.com/keshablive/quester/internal/controllers/messages_controller.go:389.2,389.29 1 0
github.com/keshablive/quester/internal/controllers/messages_controller.go:389.29,391.3 1 0
github.com/keshablive/quester/internal/controllers/messages_controller.go:393.2,394.16 2 0
github.com/keshablive/quester/internal/controllers/messages_controller.go:394.16,398.3 1 0
github.com/keshablive/quester/internal/controllers/messages_controller.go:400.2,408.4 1 0
github.com/keshablive/quester/internal/controllers/messages_controller.go:412.68,417.16 4 0
github.com/keshablive/quester/internal/controllers/messages_controller.go:417.16,421.3 1 0
github.com/keshablive/quester/internal/controllers/messages_controller.go:423.2,423.24 1 0
github.com/keshablive/quester/internal/controllers/messages_controller.go:427.71,438.45 5 0
github.com/keshablive/quester/internal/controllers/messages_controller.go:438.45,442.3 1 0
github.com/keshablive/quester/internal/controllers/messages_controller.go:444.2,444.48 1 0
github.com/keshablive/quester/internal/controllers/messages_controller.go:444.48,448.3 1 0
github.com/keshablive/quester/internal/controllers/messages_controller.go:450.2,451.23 2 0
github.com/keshablive/quester/internal/controllers/messages_controller.go:451.23,454.3 1 0
github.com/keshablive/quester/internal/controllers/messages_controller.go:454.8,457.3 1 0
github.com/keshablive/quester/internal/controllers/messages_controller.go:459.2,459.16 1 0
github.com/keshablive/quester/internal/controllers/messages_controller.go:459.16,463.3 1 0
github.com/keshablive/quester/internal/controllers/messages_controller.go:465.2,467.4 1 0
github.com/keshablive/quester/internal/controllers/metrics_controller.go:17.82,19.2 1 0
github.com/keshablive/quester/internal/controllers/metrics_controller.go:23.64,27.48 3 0
github.com/keshablive/quester/internal/controllers/metrics_controller.go:27.48,31.3 1 0
github.com/keshablive/quester/internal/controllers/metrics_controller.go:33.2,35.48 2 0
github.com/keshablive/quester/internal/controllers/metrics_controller.go:35.48,39.3 1 0
github.com/keshablive/quester/internal/controllers/metrics_controller.go:41.2,41.56 1 0
github.com/keshablive/quester/internal/controllers/metrics_controller.go:41.56,45.3 1 0
github.com/keshablive/quester/internal/controllers/metrics_controller.go:47.2,49.4 1 0
github.com/keshablive/quester/internal/controllers/metrics_controller.go:54.61,56.16 2 0
github.com/keshablive/quester/internal/controllers/metrics_controller.go:56.16,60.3 1 0
github.com/keshablive/quester/internal/controllers/metrics_controller.go:62.2,63.16 2 0
github.com/keshablive/quester/internal/controllers/metrics_controller.go:63.16,67.3 1 0
github.com/keshablive/quester/internal/controllers/metrics_controller.go:69.2,71.4 1 0
github.com/keshablive/quester/internal/controllers/metrics_controller.go:76.67,80.22 3 0
github.com/keshablive/quester/internal/controllers/metrics_controller.go:80.22,84.3 1 0
github.com/keshablive/quester/internal/controllers/metrics_controller.go:86.2,87.16 2 0
github.com/keshablive/quester/internal/controllers/metrics_controller.go:87.16,91.3 1 0
github.com/keshablive/quester/internal/controllers/metrics_controller.go:93.2,95.4 1 0
github.com/keshablive/quester/internal/controllers/metrics_controller.go:100.72,104.20 3 0
github.com/keshablive/quester/internal/controllers/metrics_controller.go:104.20,108.3 1 0
github.com/keshablive/quester/internal/controllers/metrics_controller.go:111.2,112.16 2 0
github.com/keshablive/quester/internal/controllers/metrics_controller.go:112.16,116.3 1 0
github.com/keshablive/quester/internal/controllers/metrics_controller.go:118.2,122.4 1 0
github.com/keshablive/quester/internal/controllers/metrics_controller.go:127.65,132.16 3 0
github.com/keshablive/quester/internal/controllers/metrics_controller.go:132.16,136.3 1 0
github.com/keshablive/quester/internal/controllers/metrics_controller.go:138.2,141.4 1 0
github.com/keshablive/quester/internal/controllers/metrics_controller.go:146.64,148.16 2 0
github.com/keshablive/quester/internal/controllers/metrics_controller.go:148.16,152.3 1 0
github.com/keshablive/quester/internal/controllers/metrics_controller.go:154.2,155.48 2 0
github.com/keshablive/quester/internal/controllers/metrics_controller.go:155.48,159.3 1 0
github.com/keshablive/quester/internal/controllers/metrics_controller.go:161.2,163.56 2 0
github.com/keshablive/quester/internal/controllers/metrics_controller.go:163.56,167.3 1 0
github.com/keshablive/quester/internal/controllers/metrics_controller.go:169.2,171.4 1 0
github.com/keshablive/quester/internal/controllers/metrics_controller.go:176.64,180.48 3 0
github.com/keshablive/quester/internal/controllers/metrics_controller.go:180.48,184.3 1 0
github.com/keshablive/quester/internal/controllers/metrics_controller.go:186.2,188.23 2 0
github.com/keshablive/quester/internal/controllers/metrics_controller.go:188.23,192.3 1 0
github.com/keshablive/quester/internal/controllers/metrics_controller.go:194.2,194.56 1 0
github.com/keshablive/quester/internal/controllers/metrics_controller.go:194.56,198.3 1 0
github.com/keshablive/quester/internal/controllers/metrics_controller.go:200.2,202.4 1 0
github.com/keshablive/quester/internal/controllers/metrics_controller.go:209.65,212.16 3 0
github.com/keshablive/quester/internal/controllers/metrics_controller.go:212.16,216.3 1 0
github.com/keshablive/quester/internal/controllers/metrics_controller.go:219.2,220.16 2 0
github.com/keshablive/quester/internal/controllers/metrics_controller.go:220.16,224.3 1 0
github.com/keshablive/quester/internal/controllers/metrics_controller.go:227.2,227.71 1 0
github.com/keshablive/quester/internal/controllers/metrics_controller.go:227.71,231.3 1 0
github.com/keshablive/quester/internal/controllers/metrics_controller.go:234.2,235.16 2 0
github.com/keshablive/quester/internal/controllers/metrics_controller.go:235.16,239.3 1 0
github.com/keshablive/quester/internal/controllers/metrics_controller.go:241.2,244.4 1 0
github.com/keshablive/quester/internal/controllers/metrics_controller.go:249.69,252.62 2 0
github.com/keshablive/quester/internal/controllers/metrics_controller.go:252.62,256.3 1 0
github.com/keshablive/quester/internal/controllers/metrics_controller.go:258.2,260.4 1 0
github.com/keshablive/quester/internal/controllers/metrics_controller.go:265.71,269.22 3 0
github.com/keshablive/quester/internal/controllers/metrics_controller.go:269.22,273.3 1 0
github.com/keshablive/quester/internal/controllers/metrics_controller.go:276.2,277.16 2 0
github.com/keshablive/quester/internal/controllers/metrics_controller.go:277.16,281.3 1 0
github.com/keshablive/quester/internal/controllers/metrics_controller.go:284.2,284.70 1 0
github.com/keshablive/quester/internal/controllers/metrics_controller.go:284.70,288.3 1 0
github.com/keshablive/quester/internal/controllers/metrics_controller.go:291.2,292.16 2 0
github.com/keshablive/quester/internal/controllers/metrics_controller.go:292.16,296.3 1 0
github.com/keshablive/quester/internal/controllers/metrics_controller.go:298.2,301.4 1 0
github.com/keshablive/quester/internal/controllers/metrics_controller.go:306.69,313.45 3 0
github.com/keshablive/quester/internal/controllers/metrics_controller.go:313.45,317.3 1 0
github.com/keshablive/quester/internal/controllers/metrics_controller.go:319.2,319.27 1 0
github.com/keshablive/quester/internal/controllers/metrics_controller.go:319.27,323.3 1 0
github.com/keshablive/quester/internal/controllers/metrics_controller.go:327.2,327.29 1 0
github.com/keshablive/quester/internal/controllers/metrics_controller.go:327.29,329.65 2 0
github.com/keshablive/quester/internal/controllers/metrics_controller.go:329.65,333.4 1 0
github.com/keshablive/quester/internal/controllers/metrics_controller.go:336.2,339.4 1 0
github.com/keshablive/quester/internal/controllers/metrics_controller.go:344.64,346.16 2 0
github.com/keshablive/quester/internal/controllers/metrics_controller.go:346.16,350.3 1 0
github.com/keshablive/quester/internal/controllers/metrics_controller.go:354.2,356.4 1 0
github.com/keshablive/quester/internal/controllers/moderation_controller.go:20.89,24.2 1 0
github.com/keshablive/quester/internal/controllers/moderation_controller.go:28.72,32.28 2 0
github.com/keshablive/quester/internal/controllers/moderation_controller.go:32.28,36.3 1 0
github.com/keshablive/quester/internal/controllers/moderation_controller.go:39.2,40.16 2 0
github.com/keshablive/quester/internal/controllers/moderation_controller.go:40.16,44.3 1 0
github.com/keshablive/quester/internal/controllers/moderation_controller.go:46.2,53.31 5 0
github.com/keshablive/quester/internal/controllers/moderation_controller.go:53.31,55.3 1 0
github.com/keshablive/quester/internal/controllers/moderation_controller.go:56.2,56.15 1 0
github.com/keshablive/quester/internal/controllers/moderation_controller.go:56.15,58.3 1 0
github.com/keshablive/quester/internal/controllers/moderation_controller.go:60.2,69.28 3 0
github.com/keshablive/quester/internal/controllers/moderation_controller.go:69.28,71.3 1 0
github.com/keshablive/quester/internal/controllers/moderation_controller.go:71.8,71.36 1 0
github.com/keshablive/quester/internal/controllers/moderation_controller.go:71.36,73.3 1 0
github.com/keshablive/quester/internal/controllers/moderation_controller.go:76.2,77.83 2 0
github.com/keshablive/quester/internal/controllers/moderation_controller.go:77.83,81.3 1 0
github.com/keshablive/quester/internal/controllers/moderation_controller.go:84.2,89.34 2 0
github.com/keshablive/quester/internal/controllers/moderation_controller.go:89.34,93.3 1 0
github.com/keshablive/quester/internal/controllers/moderation_controller.go:95.2,103.4 1 0
github.com/keshablive/quester/internal/controllers/moderation_controller.go:108.67,112.28 2 0
github.com/keshablive/quester/internal/controllers/moderation_controller.go:112.28,116.3 1 0
github.com/keshablive/quester/internal/controllers/moderation_controller.go:119.2,120.16 2 0
github.com/keshablive/quester/internal/controllers/moderation_controller.go:120.16,124.3 1 0
github.com/keshablive/quester/internal/controllers/moderation_controller.go:127.2,131.43 2 0
github.com/keshablive/quester/internal/controllers/moderation_controller.go:131.43,135.3 1 0
github.com/keshablive/quester/internal/controllers/moderation_controller.go:138.2,139.16 2 0
github.com/keshablive/quester/internal/controllers/moderation_controller.go:139.16,143.3 1 0
github.com/keshablive/quester/internal/controllers/moderation_controller.go:146.2,147.20 2 0
github.com/keshablive/quester/internal/controllers/moderation_controller.go:148.17,149.43 1 0
github.com/keshablive/quester/internal/controllers/moderation_controller.go:150.16,151.42 1 0
github.com/keshablive/quester/internal/controllers/moderation_controller.go:152.14,153.41 1 0
github.com/keshablive/quester/internal/controllers/moderation_controller.go:154.13,155.41 1 0
github.com/keshablive/quester/internal/controllers/moderation_controller.go:156.10,159.5 1 0
github.com/keshablive/quester/internal/controllers/moderation_controller.go:163.2,163.107 1 0
github.com/keshablive/quester/internal/controllers/moderation_controller.go:163.107,167.3 1 0
github.com/keshablive/quester/internal/controllers/moderation_controller.go:169.2,172.4 1 0
github.com/keshablive/quester/internal/controllers/moderation_controller.go:177.72,181.28 2 0
github.com/keshablive/quester/internal/controllers/moderation_controller.go:181.28,185.3 1 0
github.com/keshablive/quester/internal/controllers/moderation_controller.go:188.2,189.16 2 0
github.com/keshablive/quester/internal/controllers/moderation_controller.go:189.16,193.3 1 0
github.com/keshablive/quester/internal/controllers/moderation_controller.go:196.2,197.16 2 0
github.com/keshablive/quester/internal/controllers/moderation_controller.go:197.16,201.3 1 0
github.com/keshablive/quester/internal/controllers/moderation_controller.go:203.2,205.4 1 0
github.com/keshablive/quester/internal/controllers/moderation_controller.go:210.65,214.28 2 0
github.com/keshablive/quester/internal/controllers/moderation_controller.go:214.28,218.3 1 0
github.com/keshablive/quester/internal/controllers/moderation_controller.go:221.2,222.16 2 0
github.com/keshablive/quester/internal/controllers/moderation_controller.go:222.16,226.3 1 0
github.com/keshablive/quester/internal/controllers/moderation_controller.go:229.2,230.15 2 0
github.com/keshablive/quester/internal/controllers/moderation_controller.go:230.15,232.3 1 0
github.com/keshablive/quester/internal/controllers/moderation_controller.go:235.2,236.16 2 0
github.com/keshablive/quester/internal/controllers/moderation_controller.go:236.16,240.3 1 0
github.com/keshablive/quester/internal/controllers/moderation_controller.go:242.2,244.4 1 0
github.com/keshablive/quester/internal/controllers/moderation_controller.go:249.69,253.43 2 0
github.com/keshablive/quester/internal/controllers/moderation_controller.go:253.43,257.3 1 0
github.com/keshablive/quester/internal/controllers/moderation_controller.go:259.2,260.16 2 0
github.com/keshablive/quester/internal/controllers/moderation_controller.go:260.16,264.3 1 0
github.com/keshablive/quester/internal/controllers/moderation_controller.go:266.2,268.4 1 0
github.com/keshablive/quester/internal/controllers/notifications_controller.go:22.28,27.2 1 0
github.com/keshablive/quester/internal/controllers/notifications_controller.go:30.74,39.14 6 0
github.com/keshablive/quester/internal/controllers/notifications_controller.go:39.14,41.3 1 0
github.com/keshablive/quester/internal/controllers/notifications_controller.go:42.2,42.29 1 0
github.com/keshablive/quester/internal/controllers/notifications_controller.go:42.29,44.3 1 0
github.com/keshablive/quester/internal/controllers/notifications_controller.go:46.2,54.16 2 0
github.com/keshablive/quester/internal/controllers/notifications_controller.go:54.16,58.3 1 0
github.com/keshablive/quester/internal/controllers/notifications_controller.go:60.2,68.4 1 0
github.com/keshablive/quester/internal/controllers/notifications_controller.go:72.73,78.16 5 0
github.com/keshablive/quester/internal/controllers/notifications_controller.go:78.16,82.3 1 0
github.com/keshablive/quester/internal/controllers/notifications_controller.go:84.2,84.31 1 0
github.com/keshablive/quester/internal/controllers/notifications_controller.go:88.80,93.118 4 0
github.com/keshablive/quester/internal/controllers/notifications_controller.go:93.118,97.3 1 0
github.com/keshablive/quester/internal/controllers/notifications_controller.go:100.2,101.16 2 0
github.com/keshablive/quester/internal/controllers/notifications_controller.go:101.16,105.3 1 0
github.com/keshablive/quester/internal/controllers/notifications_controller.go:107.2,107.31 1 0
github.com/keshablive/quester/internal/controllers/notifications_controller.go:111.84,116.16 4 0
github.com/keshablive/quester/internal/controllers/notifications_controller.go:116.16,120.3 1 0
github.com/keshablive/quester/internal/controllers/notifications_controller.go:122.2,125.4 1 0
github.com/keshablive/quester/internal/controllers/notifications_controller.go:129.76,134.114 4 0
github.com/keshablive/quester/internal/controllers/notifications_controller.go:134.114,138.3 1 0
github.com/keshablive/quester/internal/controllers/notifications_controller.go:140.2,140.52 1 0
github.com/keshablive/quester/internal/controllers/notifications_controller.go:144.72,149.16 4 0
github.com/keshablive/quester/internal/controllers/notifications_controller.go:149.16,153.3 1 0
github.com/keshablive/quester/internal/controllers/notifications_controller.go:155.2,157.4 1 0
github.com/keshablive/quester/internal/controllers/notifications_controller.go:161.81,166.16 4 0
github.com/keshablive/quester/internal/controllers/notifications_controller.go:166.16,170.3 1 0
github.com/keshablive/quester/internal/controllers/notifications_controller.go:172.2,172.27 1 0
github.com/keshablive/quester/internal/controllers/notifications_controller.go:176.84,187.45 5 0
github.com/keshablive/quester/internal/controllers/notifications_controller.go:187.45,191.3 1 0
github.com/keshablive/quester/internal/controllers/notifications_controller.go:193.2,201.16 2 0
github.com/keshablive/quester/internal/controllers/notifications_controller.go:201.16,205.3 1 0
github.com/keshablive/quester/internal/controllers/notifications_controller.go:207.2,207.27 1 0
github.com/keshablive/quester/internal/controllers/notifications_controller.go:211.74,222.45 5 0
github.com/keshablive/quester/internal/controllers/notifications_controller.go:222.45,226.3 1 0
github.com/keshablive/quester/internal/controllers/notifications_controller.go:228.2,236.16 2 0
github.com/keshablive/quester/internal/controllers/notifications_controller.go:236.16,240.3 1 0
github.com/keshablive/quester/internal/controllers/notifications_controller.go:242.2,242.55 1 0
github.com/keshablive/quester/internal/controllers/notifications_controller.go:246.76,252.45 3 0
github.com/keshablive/quester/internal/controllers/notifications_controller.go:252.45,256.3 1 0
github.com/keshablive/quester/internal/controllers/notifications_controller.go:258.2,258.91 1 0
github.com/keshablive/quester/internal/controllers/notifications_controller.go:258.91,262.3 1 0
github.com/keshablive/quester/internal/controllers/notifications_controller.go:264.2,266.4 1 0
github.com/keshablive/quester/internal/controllers/notifications_controller.go:270.70,275.16 4 0
github.com/keshablive/quester/internal/controllers/notifications_controller.go:275.16,279.3 1 0
github.com/keshablive/quester/internal/controllers/notifications_controller.go:281.2,284.4 1 0
github.com/keshablive/quester/internal/controllers/notifications_controller.go:288.78,298.45 5 0
github.com/keshablive/quester/internal/controllers/notifications_controller.go:298.45,302.3 1 0
github.com/keshablive/quester/internal/controllers/notifications_controller.go:305.2,315.16 1 0
github.com/keshablive/quester/internal/controllers/notifications_controller.go:315.16,319.3 1 0
github.com/keshablive/quester/internal/controllers/notifications_controller.go:321.2,323.4 1 0
github.com/keshablive/quester/internal/controllers/notifications_controller.go:327.78,332.16 4 0
github.com/keshablive/quester/internal/controllers/notifications_controller.go:332.16,336.3 1 0
github.com/keshablive/quester/internal/controllers/notifications_controller.go:338.2,338.24 1 0
github.com/keshablive/quester/internal/controllers/property_controller.go:19.91,23.2 1 0
github.com/keshablive/quester/internal/controllers/property_controller.go:27.58,32.16 4 0
github.com/keshablive/quester/internal/controllers/property_controller.go:32.16,34.3 1 0
github.com/keshablive/quester/internal/controllers/property_controller.go:36.2,37.16 2 0
github.com/keshablive/quester/internal/controllers/property_controller.go:37.16,39.3 1 0
github.com/keshablive/quester/internal/controllers/property_controller.go:41.2,58.43 2 0
github.com/keshablive/quester/internal/controllers/property_controller.go:58.43,60.3 1 0
github.com/keshablive/quester/internal/controllers/property_controller.go:62.2,62.50 1 0
github.com/keshablive/quester/internal/controllers/property_controller.go:62.50,64.3 1 0
github.com/keshablive/quester/internal/controllers/property_controller.go:67.2,67.113 1 0
github.com/keshablive/quester/internal/controllers/property_controller.go:67.113,69.3 1 0
github.com/keshablive/quester/internal/controllers/property_controller.go:72.2,96.73 4 0
github.com/keshablive/quester/internal/controllers/property_controller.go:96.73,98.3 1 0
github.com/keshablive/quester/internal/controllers/property_controller.go:100.2,100.39 1 0
github.com/keshablive/quester/internal/controllers/property_controller.go:105.55,110.16 4 0
github.com/keshablive/quester/internal/controllers/property_controller.go:110.16,112.3 1 0
github.com/keshablive/quester/internal/controllers/property_controller.go:114.2,115.16 2 0
github.com/keshablive/quester/internal/controllers/property_controller.go:115.16,117.3 1 0
github.com/keshablive/quester/internal/controllers/property_controller.go:119.2,120.16 2 0
github.com/keshablive/quester/internal/controllers/property_controller.go:120.16,122.3 1 0
github.com/keshablive/quester/internal/controllers/property_controller.go:124.2,124.39 1 0
github.com/keshablive/quester/internal/controllers/property_controller.go:129.58,134.16 4 0
github.com/keshablive/quester/internal/controllers/property_controller.go:134.16,136.3 1 0
github.com/keshablive/quester/internal/controllers/property_controller.go:138.2,139.16 2 0
github.com/keshablive/quester/internal/controllers/property_controller.go:139.16,141.3 1 0
github.com/keshablive/quester/internal/controllers/property_controller.go:143.2,144.16 2 0
github.com/keshablive/quester/internal/controllers/property_controller.go:144.16,146.3 1 0
github.com/keshablive/quester/internal/controllers/property_controller.go:149.2,150.16 2 0
github.com/keshablive/quester/internal/controllers/property_controller.go:150.16,152.3 1 0
github.com/keshablive/quester/internal/controllers/property_controller.go:154.2,154.32 1 0
github.com/keshablive/quester/internal/controllers/property_controller.go:154.32,156.3 1 0
github.com/keshablive/quester/internal/controllers/property_controller.go:158.2,175.43 2 0
github.com/keshablive/quester/internal/controllers/property_controller.go:175.43,177.3 1 0
github.com/keshablive/quester/internal/controllers/property_controller.go:180.2,181.22 2 0
github.com/keshablive/quester/internal/controllers/property_controller.go:181.22,183.3 1 0
github.com/keshablive/quester/internal/controllers/property_controller.go:184.2,184.28 1 0
github.com/keshablive/quester/internal/controllers/property_controller.go:184.28,186.3 1 0
github.com/keshablive/quester/internal/controllers/property_controller.go:187.2,187.29 1 0
github.com/keshablive/quester/internal/controllers/property_controller.go:187.29,189.3 1 0
github.com/keshablive/quester/internal/controllers/property_controller.go:190.2,190.28 1 0
github.com/keshablive/quester/internal/controllers/property_controller.go:190.28,192.3 1 0
github.com/keshablive/quester/internal/controllers/property_controller.go:193.2,193.22 1 0
github.com/keshablive/quester/internal/controllers/property_controller.go:193.22,195.3 1 0
github.com/keshablive/quester/internal/controllers/property_controller.go:196.2,196.25 1 0
github.com/keshablive/quester/internal/controllers/property_controller.go:196.25,198.3 1 0
github.com/keshablive/quester/internal/controllers/property_controller.go:199.2,199.25 1 0
github.com/keshablive/quester/internal/controllers/property_controller.go:199.25,201.3 1 0
github.com/keshablive/quester/internal/controllers/property_controller.go:202.2,202.24 1 0
github.com/keshablive/quester/internal/controllers/property_controller.go:202.24,204.3 1 0
github.com/keshablive/quester/internal/controllers/property_controller.go:205.2,205.25 1 0
github.com/keshablive/quester/internal/controllers/property_controller.go:205.25,207.3 1 0
github.com/keshablive/quester/internal/controllers/property_controller.go:208.2,208.26 1 0
github.com/keshablive/quester/internal/controllers/property_controller.go:208.26,210.3 1 0
github.com/keshablive/quester/internal/controllers/property_controller.go:211.2,211.25 1 0
github.com/keshablive/quester/internal/controllers/property_controller.go:211.25,213.3 1 0
github.com/keshablive/quester/internal/controllers/property_controller.go:214.2,214.23 1 0
github.com/keshablive/quester/internal/controllers/property_controller.go:214.23,216.3 1 0
github.com/keshablive/quester/internal/controllers/property_controller.go:217.2,217.26 1 0
github.com/keshablive/quester/internal/controllers/property_controller.go:217.26,219.3 1 0
github.com/keshablive/quester/internal/controllers/property_controller.go:220.2,220.21 1 0
github.com/keshablive/quester/internal/controllers/property_controller.go:220.21,222.3 1 0
github.com/keshablive/quester/internal/controllers/property_controller.go:224.2,224.23 1 0
github.com/keshablive/quester/internal/controllers/property_controller.go:224.23,226.3 1 0
github.com/keshablive/quester/internal/controllers/property_controller.go:228.2,228.94 1 0
github.com/keshablive/quester/internal/controllers/property_controller.go:228.94,230.3 1 0
github.com/keshablive/quester/internal/controllers/property_controller.go:233.2,234.16 2 0
github.com/keshablive/quester/internal/controllers/property_controller.go:234.16,236.3 1 0
github.com/keshablive/quester/internal/controllers/property_controller.go:238.2,238.46 1 0
github.com/keshablive/quester/internal/controllers/property_controller.go:243.58,248.16 4 0
github.com/keshablive/quester/internal/controllers/property_controller.go:248.16,250.3 1 0
github.com/keshablive/quester/internal/controllers/property_controller.go:252.2,253.16 2 0
github.com/keshablive/quester/internal/controllers/property_controller.go:253.16,255.3 1 0
github.com/keshablive/quester/internal/controllers/property_controller.go:257.2,258.16 2 0
github.com/keshablive/quester/internal/controllers/property_controller.go:258.16,260.3 1 0
github.com/keshablive/quester/internal/controllers/property_controller.go:263.2,264.16 2 0
github.com/keshablive/quester/internal/controllers/property_controller.go:264.16,266.3 1 0
github.com/keshablive/quester/internal/controllers/property_controller.go:268.2,268.32 1 0
github.com/keshablive/quester/internal/controllers/property_controller.go:268.32,270.3 1 0
github.com/keshablive/quester/internal/controllers/property_controller.go:272.2,272.85 1 0
github.com/keshablive/quester/internal/controllers/property_controller.go:272.85,274.3 1 0
github.com/keshablive/quester/internal/controllers/property_controller.go:276.2,276.31 1 0
github.com/keshablive/quester/internal/controllers/property_controller.go:281.58,286.16 4 0
github.com/keshablive/quester/internal/controllers/property_controller.go:286.16,288.3 1 0
github.com/keshablive/quester/internal/controllers/property_controller.go:290.2,291.43 2 0
github.com/keshablive/quester/internal/controllers/property_controller.go:291.43,293.3 1 0
github.com/keshablive/quester/internal/controllers/property_controller.go:295.2,298.27 2 0
github.com/keshablive/quester/internal/controllers/property_controller.go:298.27,300.3 1 0
github.com/keshablive/quester/internal/controllers/property_controller.go:301.2,301.20 1 0
github.com/keshablive/quester/internal/controllers/property_controller.go:301.20,303.3 1 0
github.com/keshablive/quester/internal/controllers/property_controller.go:305.2,306.16 2 0
github.com/keshablive/quester/internal/controllers/property_controller.go:306.16,308.3 1 0
github.com/keshablive/quester/internal/controllers/property_controller.go:310.2,314.4 1 0
github.com/keshablive/quester/internal/controllers/property_controller.go:319.59,324.16 4 0
github.com/keshablive/quester/internal/controllers/property_controller.go:324.16,326.3 1 0
github.com/keshablive/quester/internal/controllers/property_controller.go:328.2,329.16 2 0
github.com/keshablive/quester/internal/controllers/property_controller.go:329.16,331.3 1 0
github.com/keshablive/quester/internal/controllers/property_controller.go:333.2,334.16 2 0
github.com/keshablive/quester/internal/controllers/property_controller.go:334.16,336.3 1 0
github.com/keshablive/quester/internal/controllers/property_controller.go:339.2,340.16 2 0
github.com/keshablive/quester/internal/controllers/property_controller.go:340.16,342.3 1 0
github.com/keshablive/quester/internal/controllers/property_controller.go:344.2,344.32 1 0
github.com/keshablive/quester/internal/controllers/property_controller.go:344.32,346.3 1 0
github.com/keshablive/quester/internal/controllers/property_controller.go:348.2,348.76 1 0
github.com/keshablive/quester/internal/controllers/property_controller.go:348.76,350.3 1 0
github.com/keshablive/quester/internal/controllers/property_controller.go:353.2,354.16 2 0
github.com/keshablive/quester/internal/controllers/property_controller.go:354.16,356.3 1 0
github.com/keshablive/quester/internal/controllers/property_controller.go:358.2,358.46 1 0
github.com/keshablive/quester/internal/controllers/property_controller.go:363.73,367.16 3 0
github.com/keshablive/quester/internal/controllers/property_controller.go:367.16,369.3 1 0
github.com/keshablive/quester/internal/controllers/property_controller.go:371.2,371.82 1 0
github.com/keshablive/quester/internal/controllers/property_controller.go:371.82,373.3 1 0
github.com/keshablive/quester/internal/controllers/property_controller.go:375.2,375.31 1 0
github.com/keshablive/quester/internal/controllers/property_controller.go:380.67,393.2 1 0
github.com/keshablive/quester/internal/controllers/property_controller.go:397.67,402.16 4 0
github.com/keshablive/quester/internal/controllers/property_controller.go:402.16,404.3 1 0
github.com/keshablive/quester/internal/controllers/property_controller.go:406.2,407.16 2 0
github.com/keshablive/quester/internal/controllers/property_controller.go:407.16,409.3 1 0
github.com/keshablive/quester/internal/controllers/property_controller.go:411.2,412.16 2 0
github.com/keshablive/quester/internal/controllers/property_controller.go:412.16,414.3 1 0
github.com/keshablive/quester/internal/controllers/property_controller.go:417.2,418.16 2 0
github.com/keshablive/quester/internal/controllers/property_controller.go:418.16,420.3 1 0
github.com/keshablive/quester/internal/controllers/property_controller.go:422.2,422.32 1 0
github.com/keshablive/quester/internal/controllers/property_controller.go:422.32,424.3 1 0
github.com/keshablive/quester/internal/controllers/property_controller.go:426.2,426.84 1 0
github.com/keshablive/quester/internal/controllers/property_controller.go:426.84,428.3 1 0
github.com/keshablive/quester/internal/controllers/property_controller.go:430.2,433.4 1 0
github.com/keshablive/quester/internal/controllers/property_controller.go:438.67,443.16 4 0
github.com/keshablive/quester/internal/controllers/property_controller.go:443.16,445.3 1 0
github.com/keshablive/quester/internal/controllers/property_controller.go:447.2,448.16 2 0
github.com/keshablive/quester/internal/controllers/property_controller.go:448.16,450.3 1 0
github.com/keshablive/quester/internal/controllers/property_controller.go:453.2,460.16 3 0
github.com/keshablive/quester/internal/controllers/property_controller.go:460.16,462.3 1 0
github.com/keshablive/quester/internal/controllers/property_controller.go:465.2,466.31 2 0
github.com/keshablive/quester/internal/controllers/property_controller.go:466.31,467.35 1 0
github.com/keshablive/quester/internal/controllers/property_controller.go:467.35,469.4 1 0
github.com/keshablive/quester/internal/controllers/property_controller.go:472.2,474.4 1 0
github.com/keshablive/quester/internal/controllers/property_controller.go:479.60,484.16 4 0
github.com/keshablive/quester/internal/controllers/property_controller.go:484.16,486.3 1 0
github.com/keshablive/quester/internal/controllers/property_controller.go:488.2,489.16 2 0
github.com/keshablive/quester/internal/controllers/property_controller.go:489.16,491.3 1 0
github.com/keshablive/quester/internal/controllers/property_controller.go:493.2,493.36 1 0
github.com/keshablive/quester/internal/controllers/quest_controller.go:20.79,22.2 1 0
github.com/keshablive/quester/internal/controllers/quest_controller.go:25.59,54.2 7 0
github.com/keshablive/quester/internal/controllers/quest_controller.go:58.59,61.9 2 0
github.com/keshablive/quester/internal/controllers/quest_controller.go:61.9,65.3 1 0
github.com/keshablive/quester/internal/controllers/quest_controller.go:68.2,69.47 2 0
github.com/keshablive/quester/internal/controllers/quest_controller.go:69.47,71.3 1 0
github.com/keshablive/quester/internal/controllers/quest_controller.go:72.2,72.51 1 0
github.com/keshablive/quester/internal/controllers/quest_controller.go:72.51,74.3 1 0
github.com/keshablive/quester/internal/controllers/quest_controller.go:76.2,77.16 2 0
github.com/keshablive/quester/internal/controllers/quest_controller.go:77.16,81.3 1 0
github.com/keshablive/quester/internal/controllers/quest_controller.go:83.2,86.4 1 0
github.com/keshablive/quester/internal/controllers/quest_controller.go:104.60,107.9 2 0
github.com/keshablive/quester/internal/controllers/quest_controller.go:107.9,111.3 1 0
github.com/keshablive/quester/internal/controllers/quest_controller.go:113.2,114.43 2 0
github.com/keshablive/quester/internal/controllers/quest_controller.go:114.43,118.3 1 0
github.com/keshablive/quester/internal/controllers/quest_controller.go:121.2,136.24 4 0
github.com/keshablive/quester/internal/controllers/quest_controller.go:136.24,138.3 1 0
github.com/keshablive/quester/internal/controllers/quest_controller.go:140.2,141.16 2 0
github.com/keshablive/quester/internal/controllers/quest_controller.go:141.16,145.3 1 0
github.com/keshablive/quester/internal/controllers/quest_controller.go:147.2,150.4 1 0
github.com/keshablive/quester/internal/controllers/quest_controller.go:155.57,158.9 2 0
github.com/keshablive/quester/internal/controllers/quest_controller.go:158.9,162.3 1 0
github.com/keshablive/quester/internal/controllers/quest_controller.go:165.2,167.16 3 0
github.com/keshablive/quester/internal/controllers/quest_controller.go:167.16,171.3 1 0
github.com/keshablive/quester/internal/controllers/quest_controller.go:173.2,174.16 2 0
github.com/keshablive/quester/internal/controllers/quest_controller.go:174.16,178.3 1 0
github.com/keshablive/quester/internal/controllers/quest_controller.go:180.2,183.4 1 0
github.com/keshablive/quester/internal/controllers/quest_controller.go:200.60,203.9 2 0
github.com/keshablive/quester/internal/controllers/quest_controller.go:203.9,207.3 1 0
github.com/keshablive/quester/internal/controllers/quest_controller.go:210.2,212.16 3 0
github.com/keshablive/quester/internal/controllers/quest_controller.go:212.16,216.3 1 0
github.com/keshablive/quester/internal/controllers/quest_controller.go:218.2,219.43 2 0
github.com/keshablive/quester/internal/controllers/quest_controller.go:219.43,223.3 1 0
github.com/keshablive/quester/internal/controllers/quest_controller.go:226.2,241.16 5 0
github.com/keshablive/quester/internal/controllers/quest_controller.go:241.16,245.3 1 0
github.com/keshablive/quester/internal/controllers/quest_controller.go:247.2,250.4 1 0
github.com/keshablive/quester/internal/controllers/quest_controller.go:256.60,259.9 2 0
github.com/keshablive/quester/internal/controllers/quest_controller.go:259.9,263.3 1 0
github.com/keshablive/quester/internal/controllers/quest_controller.go:266.2,268.16 3 0
github.com/keshablive/quester/internal/controllers/quest_controller.go:268.16,272.3 1 0
github.com/keshablive/quester/internal/controllers/quest_controller.go:274.2,274.84 1 0
github.com/keshablive/quester/internal/controllers/quest_controller.go:274.84,278.3 1 0
github.com/keshablive/quester/internal/controllers/quest_controller.go:280.2,283.4 1 0
github.com/keshablive/quester/internal/controllers/report_controller.go:20.77,22.2 1 0
github.com/keshablive/quester/internal/controllers/report_controller.go:26.63,40.45 4 0
github.com/keshablive/quester/internal/controllers/report_controller.go:40.45,44.3 1 0
github.com/keshablive/quester/internal/controllers/report_controller.go:46.2,46.58 1 0
github.com/keshablive/quester/internal/controllers/report_controller.go:46.58,50.3 1 0
github.com/keshablive/quester/internal/controllers/report_controller.go:52.2,59.16 2 0
github.com/keshablive/quester/internal/controllers/report_controller.go:59.16,63.3 1 0
github.com/keshablive/quester/internal/controllers/report_controller.go:65.2,67.4 1 0
github.com/keshablive/quester/internal/controllers/report_controller.go:72.60,74.16 2 0
github.com/keshablive/quester/internal/controllers/report_controller.go:74.16,78.3 1 0
github.com/keshablive/quester/internal/controllers/report_controller.go:80.2,81.16 2 0
github.com/keshablive/quester/internal/controllers/report_controller.go:81.16,85.3 1 0
github.com/keshablive/quester/internal/controllers/report_controller.go:87.2,89.4 1 0
github.com/keshablive/quester/internal/controllers/report_controller.go:94.65,101.31 5 0
github.com/keshablive/quester/internal/controllers/report_controller.go:101.31,103.3 1 0
github.com/keshablive/quester/internal/controllers/report_controller.go:105.2,106.16 2 0
github.com/keshablive/quester/internal/controllers/report_controller.go:106.16,110.3 1 0
github.com/keshablive/quester/internal/controllers/report_controller.go:112.2,117.4 1 0
github.com/keshablive/quester/internal/controllers/report_controller.go:122.65,124.16 2 0
github.com/keshablive/quester/internal/controllers/report_controller.go:124.16,128.3 1 0
github.com/keshablive/quester/internal/controllers/report_controller.go:131.2,131.12 1 0
github.com/keshablive/quester/internal/controllers/report_controller.go:131.12,133.3 1 0
github.com/keshablive/quester/internal/controllers/report_controller.go:135.2,138.4 1 0
github.com/keshablive/quester/internal/controllers/report_controller.go:143.63,145.16 2 0
github.com/keshablive/quester/internal/controllers/report_controller.go:145.16,149.3 1 0
github.com/keshablive/quester/internal/controllers/report_controller.go:151.2,151.57 1 0
github.com/keshablive/quester/internal/controllers/report_controller.go:151.57,155.3 1 0
github.com/keshablive/quester/internal/controllers/report_controller.go:157.2,159.4 1 0
github.com/keshablive/quester/internal/controllers/report_controller.go:164.64,168.17 3 0
github.com/keshablive/quester/internal/controllers/report_controller.go:168.17,172.3 1 0
github.com/keshablive/quester/internal/controllers/report_controller.go:174.2,177.31 3 0
github.com/keshablive/quester/internal/controllers/report_controller.go:177.31,179.3 1 0
github.com/keshablive/quester/internal/controllers/report_controller.go:181.2,182.16 2 0
github.com/keshablive/quester/internal/controllers/report_controller.go:182.16,186.3 1 0
github.com/keshablive/quester/internal/controllers/report_controller.go:188.2,192.4 1 0
github.com/keshablive/quester/internal/controllers/report_controller.go:199.71,204.50 4 0
github.com/keshablive/quester/internal/controllers/report_controller.go:204.50,208.3 1 0
github.com/keshablive/quester/internal/controllers/report_controller.go:210.2,213.66 3 0
github.com/keshablive/quester/internal/controllers/report_controller.go:213.66,217.3 1 0
github.com/keshablive/quester/internal/controllers/report_controller.go:219.2,221.4 1 0
github.com/keshablive/quester/internal/controllers/report_controller.go:226.68,228.16 2 0
github.com/keshablive/quester/internal/controllers/report_controller.go:228.16,232.3 1 0
github.com/keshablive/quester/internal/controllers/report_controller.go:234.2,235.16 2 0
github.com/keshablive/quester/internal/controllers/report_controller.go:235.16,239.3 1 0
github.com/keshablive/quester/internal/controllers/report_controller.go:241.2,243.4 1 0
github.com/keshablive/quester/internal/controllers/report_controller.go:248.73,253.16 4 0
github.com/keshablive/quester/internal/controllers/report_controller.go:253.16,257.3 1 0
github.com/keshablive/quester/internal/controllers/report_controller.go:259.2,262.4 1 0
github.com/keshablive/quester/internal/controllers/report_controller.go:267.71,269.16 2 0
github.com/keshablive/quester/internal/controllers/report_controller.go:269.16,273.3 1 0
github.com/keshablive/quester/internal/controllers/report_controller.go:275.2,276.50 2 0
github.com/keshablive/quester/internal/controllers/report_controller.go:276.50,280.3 1 0
github.com/keshablive/quester/internal/controllers/report_controller.go:282.2,284.66 2 0
github.com/keshablive/quester/internal/controllers/report_controller.go:284.66,288.3 1 0
github.com/keshablive/quester/internal/controllers/report_controller.go:290.2,292.4 1 0
github.com/keshablive/quester/internal/controllers/report_controller.go:297.71,299.16 2 0
github.com/keshablive/quester/internal/controllers/report_controller.go:299.16,303.3 1 0
github.com/keshablive/quester/internal/controllers/report_controller.go:305.2,309.45 2 0
github.com/keshablive/quester/internal/controllers/report_controller.go:309.45,313.3 1 0
github.com/keshablive/quester/internal/controllers/report_controller.go:315.2,315.81 1 0
github.com/keshablive/quester/internal/controllers/report_controller.go:315.81,319.3 1 0
github.com/keshablive/quester/internal/controllers/report_controller.go:321.2,323.4 1 0
github.com/keshablive/quester/internal/controllers/report_controller.go:328.71,330.16 2 0
github.com/keshablive/quester/internal/controllers/report_controller.go:330.16,334.3 1 0
github.com/keshablive/quester/internal/controllers/report_controller.go:336.2,336.67 1 0
github.com/keshablive/quester/internal/controllers/report_controller.go:336.67,340.3 1 0
github.com/keshablive/quester/internal/controllers/report_controller.go:342.2,344.4 1 0
github.com/keshablive/quester/internal/controllers/report_controller.go:351.70,353.16 2 0
github.com/keshablive/quester/internal/controllers/report_controller.go:353.16,357.3 1 0
github.com/keshablive/quester/internal/controllers/report_controller.go:359.2,362.31 3 0
github.com/keshablive/quester/internal/controllers/report_controller.go:362.31,364.3 1 0
github.com/keshablive/quester/internal/controllers/report_controller.go:366.2,367.16 2 0
github.com/keshablive/quester/internal/controllers/report_controller.go:367.16,371.3 1 0
github.com/keshablive/quester/internal/controllers/report_controller.go:373.2,376.4 1 0
github.com/keshablive/quester/internal/controllers/report_controller.go:381.74,383.16 2 0
github.com/keshablive/quester/internal/controllers/report_controller.go:383.16,387.3 1 0
github.com/keshablive/quester/internal/controllers/report_controller.go:389.2,393.24 4 0
github.com/keshablive/quester/internal/controllers/report_controller.go:393.24,395.17 2 0
github.com/keshablive/quester/internal/controllers/report_controller.go:395.17,399.4 1 0
github.com/keshablive/quester/internal/controllers/report_controller.go:400.8,402.3 1 0
github.com/keshablive/quester/internal/controllers/report_controller.go:404.2,404.22 1 0
github.com/keshablive/quester/internal/controllers/report_controller.go:404.22,406.17 2 0
github.com/keshablive/quester/internal/controllers/report_controller.go:406.17,410.4 1 0
github.com/keshablive/quester/internal/controllers/report_controller.go:411.8,413.3 1 0
github.com/keshablive/quester/internal/controllers/report_controller.go:415.2,416.16 2 0
github.com/keshablive/quester/internal/controllers/report_controller.go:416.16,420.3 1 0
github.com/keshablive/quester/internal/controllers/report_controller.go:422.2,426.4 1 0
github.com/keshablive/quester/internal/controllers/social_controller.go:18.83,22.2 1 0
github.com/keshablive/quester/internal/controllers/social_controller.go:27.62,39.43 4 0
github.com/keshablive/quester/internal/controllers/social_controller.go:39.43,43.3 1 0
github.com/keshablive/quester/internal/controllers/social_controller.go:46.2,46.23 1 0
github.com/keshablive/quester/internal/controllers/social_controller.go:46.23,50.3 1 0
github.com/keshablive/quester/internal/controllers/social_controller.go:52.2,52.25 1 0
github.com/keshablive/quester/internal/controllers/social_controller.go:52.25,54.3 1 0
github.com/keshablive/quester/internal/controllers/social_controller.go:56.2,56.26 1 0
github.com/keshablive/quester/internal/controllers/social_controller.go:56.26,58.3 1 0
github.com/keshablive/quester/internal/controllers/social_controller.go:61.2,62.16 2 0
github.com/keshablive/quester/internal/controllers/social_controller.go:62.16,66.3 1 0
github.com/keshablive/quester/internal/controllers/social_controller.go:68.2,71.4 1 0
github.com/keshablive/quester/internal/controllers/social_controller.go:75.59,80.50 3 0
github.com/keshablive/quester/internal/controllers/social_controller.go:80.50,83.3 2 0
github.com/keshablive/quester/internal/controllers/social_controller.go:86.2,88.16 3 0
github.com/keshablive/quester/internal/controllers/social_controller.go:88.16,92.3 1 0
github.com/keshablive/quester/internal/controllers/social_controller.go:95.2,96.16 2 0
github.com/keshablive/quester/internal/controllers/social_controller.go:96.16,97.38 1 0
github.com/keshablive/quester/internal/controllers/social_controller.go:97.38,101.4 1 0
github.com/keshablive/quester/internal/controllers/social_controller.go:102.3,104.5 1 0
github.com/keshablive/quester/internal/controllers/social_controller.go:107.2,107.21 1 0
github.com/keshablive/quester/internal/controllers/social_controller.go:111.62,118.16 5 0
github.com/keshablive/quester/internal/controllers/social_controller.go:118.16,122.3 1 0
github.com/keshablive/quester/internal/controllers/social_controller.go:125.2,130.43 2 0
github.com/keshablive/quester/internal/controllers/social_controller.go:130.43,134.3 1 0
github.com/keshablive/quester/internal/controllers/social_controller.go:137.2,138.16 2 0
github.com/keshablive/quester/internal/controllers/social_controller.go:138.16,139.36 1 0
github.com/keshablive/quester/internal/controllers/social_controller.go:139.36,143.4 1 0
github.com/keshablive/quester/internal/controllers/social_controller.go:144.3,146.5 1 0
github.com/keshablive/quester/internal/controllers/social_controller.go:149.2,152.4 1 0
github.com/keshablive/quester/internal/controllers/social_controller.go:156.62,163.16 5 0
github.com/keshablive/quester/internal/controllers/social_controller.go:163.16,167.3 1 0
github.com/keshablive/quester/internal/controllers/social_controller.go:170.2,170.93 1 0
github.com/keshablive/quester/internal/controllers/social_controller.go:170.93,171.36 1 0
github.com/keshablive/quester/internal/controllers/social_controller.go:171.36,175.4 1 0
github.com/keshablive/quester/internal/controllers/social_controller.go:176.3,178.5 1 0
github.com/keshablive/quester/internal/controllers/social_controller.go:181.2,183.4 1 0
github.com/keshablive/quester/internal/controllers/social_controller.go:187.64,193.16 4 0
github.com/keshablive/quester/internal/controllers/social_controller.go:193.16,197.3 1 0
github.com/keshablive/quester/internal/controllers/social_controller.go:200.2,205.16 4 0
github.com/keshablive/quester/internal/controllers/social_controller.go:205.16,209.3 1 0
github.com/keshablive/quester/internal/controllers/social_controller.go:211.2,216.4 1 0
github.com/keshablive/quester/internal/controllers/social_controller.go:220.59,235.26 9 0
github.com/keshablive/quester/internal/controllers/social_controller.go:235.26,237.3 1 0
github.com/keshablive/quester/internal/controllers/social_controller.go:237.8,239.3 1 0
github.com/keshablive/quester/internal/controllers/social_controller.go:241.2,241.16 1 0
github.com/keshablive/quester/internal/controllers/social_controller.go:241.16,245.3 1 0
github.com/keshablive/quester/internal/controllers/social_controller.go:247.2,252.4 1 0
github.com/keshablive/quester/internal/controllers/social_controller.go:256.63,261.17 3 0
github.com/keshablive/quester/internal/controllers/social_controller.go:261.17,265.3 1 0
github.com/keshablive/quester/internal/controllers/social_controller.go:268.2,273.16 4 0
github.com/keshablive/quester/internal/controllers/social_controller.go:273.16,277.3 1 0
github.com/keshablive/quester/internal/controllers/social_controller.go:279.2,284.4 1 0
github.com/keshablive/quester/internal/controllers/social_controller.go:290.60,297.16 5 0
github.com/keshablive/quester/internal/controllers/social_controller.go:297.16,301.3 1 0
github.com/keshablive/quester/internal/controllers/social_controller.go:304.2,304.91 1 0
github.com/keshablive/quester/internal/controllers/social_controller.go:304.91,305.47 1 0
github.com/keshablive/quester/internal/controllers/social_controller.go:305.47,309.4 1 0
github.com/keshablive/quester/internal/controllers/social_controller.go:310.3,312.5 1 0
github.com/keshablive/quester/internal/controllers/social_controller.go:315.2,317.4 1 0
github.com/keshablive/quester/internal/controllers/social_controller.go:321.62,328.16 5 0
github.com/keshablive/quester/internal/controllers/social_controller.go:328.16,332.3 1 0
github.com/keshablive/quester/internal/controllers/social_controller.go:335.2,335.93 1 0
github.com/keshablive/quester/internal/controllers/social_controller.go:335.93,336.38 1 0
github.com/keshablive/quester/internal/controllers/social_controller.go:336.38,340.4 1 0
github.com/keshablive/quester/internal/controllers/social_controller.go:341.3,343.5 1 0
github.com/keshablive/quester/internal/controllers/social_controller.go:346.2,348.4 1 0
github.com/keshablive/quester/internal/controllers/social_controller.go:352.64,358.16 4 0
github.com/keshablive/quester/internal/controllers/social_controller.go:358.16,362.3 1 0
github.com/keshablive/quester/internal/controllers/social_controller.go:365.2,370.16 4 0
github.com/keshablive/quester/internal/controllers/social_controller.go:370.16,374.3 1 0
github.com/keshablive/quester/internal/controllers/social_controller.go:376.2,381.4 1 0
github.com/keshablive/quester/internal/controllers/social_controller.go:385.64,392.16 5 0
github.com/keshablive/quester/internal/controllers/social_controller.go:392.16,396.3 1 0
github.com/keshablive/quester/internal/controllers/social_controller.go:399.2,400.16 2 0
github.com/keshablive/quester/internal/controllers/social_controller.go:400.16,404.3 1 0
github.com/keshablive/quester/internal/controllers/social_controller.go:406.2,408.4 1 0
github.com/keshablive/quester/internal/controllers/social_controller.go:412.61,419.16 5 0
github.com/keshablive/quester/internal/controllers/social_controller.go:419.16,423.3 1 0
github.com/keshablive/quester/internal/controllers/social_controller.go:426.2,426.92 1 0
github.com/keshablive/quester/internal/controllers/social_controller.go:426.92,430.3 1 0
github.com/keshablive/quester/internal/controllers/social_controller.go:432.2,434.4 1 0
github.com/keshablive/quester/internal/controllers/social_controller.go:440.62,447.16 5 0
github.com/keshablive/quester/internal/controllers/social_controller.go:447.16,451.3 1 0
github.com/keshablive/quester/internal/controllers/social_controller.go:454.2,459.43 2 0
github.com/keshablive/quester/internal/controllers/social_controller.go:459.43,463.3 1 0
github.com/keshablive/quester/internal/controllers/social_controller.go:466.2,466.23 1 0
github.com/keshablive/quester/internal/controllers/social_controller.go:466.23,470.3 1 0
github.com/keshablive/quester/internal/controllers/social_controller.go:473.2,474.16 2 0
github.com/keshablive/quester/internal/controllers/social_controller.go:474.16,478.3 1 0
github.com/keshablive/quester/internal/controllers/social_controller.go:480.2,483.4 1 0
github.com/keshablive/quester/internal/controllers/social_controller.go:487.65,494.16 5 0
github.com/keshablive/quester/internal/controllers/social_controller.go:494.16,498.3 1 0
github.com/keshablive/quester/internal/controllers/social_controller.go:501.2,505.43 2 0
github.com/keshablive/quester/internal/controllers/social_controller.go:505.43,509.3 1 0
github.com/keshablive/quester/internal/controllers/social_controller.go:512.2,512.23 1 0
github.com/keshablive/quester/internal/controllers/social_controller.go:512.23,516.3 1 0
github.com/keshablive/quester/internal/controllers/social_controller.go:519.2,520.16 2 0
github.com/keshablive/quester/internal/controllers/social_controller.go:520.16,521.36 1 0
github.com/keshablive/quester/internal/controllers/social_controller.go:521.36,525.4 1 0
github.com/keshablive/quester/internal/controllers/social_controller.go:526.3,528.5 1 0
github.com/keshablive/quester/internal/controllers/social_controller.go:531.2,534.4 1 0
github.com/keshablive/quester/internal/controllers/social_controller.go:538.65,545.16 5 0
github.com/keshablive/quester/internal/controllers/social_controller.go:545.16,549.3 1 0
github.com/keshablive/quester/internal/controllers/social_controller.go:552.2,552.99 1 0
github.com/keshablive/quester/internal/controllers/social_controller.go:552.99,553.36 1 0
github.com/keshablive/quester/internal/controllers/social_controller.go:553.36,557.4 1 0
github.com/keshablive/quester/internal/controllers/social_controller.go:558.3,560.5 1 0
github.com/keshablive/quester/internal/controllers/social_controller.go:563.2,565.4 1 0
github.com/keshablive/quester/internal/controllers/social_controller.go:569.67,575.16 4 0
github.com/keshablive/quester/internal/controllers/social_controller.go:575.16,579.3 1 0
github.com/keshablive/quester/internal/controllers/social_controller.go:582.2,587.16 4 0
github.com/keshablive/quester/internal/controllers/social_controller.go:587.16,591.3 1 0
github.com/keshablive/quester/internal/controllers/social_controller.go:593.2,598.4 1 0
github.com/keshablive/quester/internal/controllers/social_controller.go:602.69,608.16 4 0
github.com/keshablive/quester/internal/controllers/social_controller.go:608.16,612.3 1 0
github.com/keshablive/quester/internal/controllers/social_controller.go:615.2,620.16 4 0
github.com/keshablive/quester/internal/controllers/social_controller.go:620.16,624.3 1 0
github.com/keshablive/quester/internal/controllers/social_controller.go:626.2,631.4 1 0
github.com/keshablive/quester/internal/controllers/social_controller.go:637.62,645.16 5 0
github.com/keshablive/quester/internal/controllers/social_controller.go:645.16,649.3 1 0
github.com/keshablive/quester/internal/controllers/social_controller.go:652.2,652.102 1 0
github.com/keshablive/quester/internal/controllers/social_controller.go:652.102,653.94 1 0
github.com/keshablive/quester/internal/controllers/social_controller.go:653.94,657.4 1 0
github.com/keshablive/quester/internal/controllers/social_controller.go:658.3,660.5 1 0
github.com/keshablive/quester/internal/controllers/social_controller.go:663.2,665.4 1 0
github.com/keshablive/quester/internal/controllers/social_controller.go:669.64,677.16 5 0
github.com/keshablive/quester/internal/controllers/social_controller.go:677.16,681.3 1 0
github.com/keshablive/quester/internal/controllers/social_controller.go:684.2,684.104 1 0
github.com/keshablive/quester/internal/controllers/social_controller.go:684.104,685.47 1 0
github.com/keshablive/quester/internal/controllers/social_controller.go:685.47,689.4 1 0
github.com/keshablive/quester/internal/controllers/social_controller.go:690.3,692.5 1 0
github.com/keshablive/quester/internal/controllers/social_controller.go:695.2,697.4 1 0
github.com/keshablive/quester/internal/controllers/social_controller.go:701.64,707.16 4 0
github.com/keshablive/quester/internal/controllers/social_controller.go:707.16,711.3 1 0
github.com/keshablive/quester/internal/controllers/social_controller.go:714.2,719.16 4 0
github.com/keshablive/quester/internal/controllers/social_controller.go:719.16,723.3 1 0
github.com/keshablive/quester/internal/controllers/social_controller.go:725.2,730.4 1 0
github.com/keshablive/quester/internal/controllers/social_controller.go:734.64,740.16 4 0
github.com/keshablive/quester/internal/controllers/social_controller.go:740.16,744.3 1 0
github.com/keshablive/quester/internal/controllers/social_controller.go:747.2,752.16 4 0
github.com/keshablive/quester/internal/controllers/social_controller.go:752.16,756.3 1 0
github.com/keshablive/quester/internal/controllers/social_controller.go:758.2,763.4 1 0
github.com/keshablive/quester/internal/controllers/social_controller.go:767.66,773.16 4 0
github.com/keshablive/quester/internal/controllers/social_controller.go:773.16,777.3 1 0
github.com/keshablive/quester/internal/controllers/social_controller.go:780.2,781.16 2 0
github.com/keshablive/quester/internal/controllers/social_controller.go:781.16,785.3 1 0
github.com/keshablive/quester/internal/controllers/social_controller.go:787.2,787.22 1 0
github.com/keshablive/quester/internal/controllers/social_controller.go:791.68,798.16 5 0
github.com/keshablive/quester/internal/controllers/social_controller.go:798.16,802.3 1 0
github.com/keshablive/quester/internal/controllers/social_controller.go:805.2,806.16 2 0
github.com/keshablive/quester/internal/controllers/social_controller.go:806.16,810.3 1 0
github.com/keshablive/quester/internal/controllers/social_controller.go:812.2,814.4 1 0
github.com/keshablive/quester/internal/controllers/transaction_controller.go:28.123,33.2 1 1
github.com/keshablive/quester/internal/controllers/transaction_controller.go:37.74,42.16 4 0
github.com/keshablive/quester/internal/controllers/transaction_controller.go:42.16,44.3 1 0
github.com/keshablive/quester/internal/controllers/transaction_controller.go:46.2,47.16 2 0
github.com/keshablive/quester/internal/controllers/transaction_controller.go:47.16,49.3 1 0
github.com/keshablive/quester/internal/controllers/transaction_controller.go:51.2,56.43 2 0
github.com/keshablive/quester/internal/controllers/transaction_controller.go:56.43,58.3 1 0
github.com/keshablive/quester/internal/controllers/transaction_controller.go:60.2,60.50 1 0
github.com/keshablive/quester/internal/controllers/transaction_controller.go:60.50,62.3 1 0
github.com/keshablive/quester/internal/controllers/transaction_controller.go:65.2,74.40 3 0
github.com/keshablive/quester/internal/controllers/transaction_controller.go:74.40,75.36 1 0
github.com/keshablive/quester/internal/controllers/transaction_controller.go:75.36,77.9 2 0
github.com/keshablive/quester/internal/controllers/transaction_controller.go:81.2,81.14 1 0
github.com/keshablive/quester/internal/controllers/transaction_controller.go:81.14,83.3 1 0
github.com/keshablive/quester/internal/controllers/transaction_controller.go:85.2,92.16 2 0
github.com/keshablive/quester/internal/controllers/transaction_controller.go:92.16,94.3 1 0
github.com/keshablive/quester/internal/controllers/transaction_controller.go:96.2,99.4 1 0
github.com/keshablive/quester/internal/controllers/transaction_controller.go:104.69,109.16 4 0
github.com/keshablive/quester/internal/controllers/transaction_controller.go:109.16,111.3 1 0
github.com/keshablive/quester/internal/controllers/transaction_controller.go:113.2,114.16 2 0
github.com/keshablive/quester/internal/controllers/transaction_controller.go:114.16,116.3 1 0
github.com/keshablive/quester/internal/controllers/transaction_controller.go:118.2,123.43 2 0
github.com/keshablive/quester/internal/controllers/transaction_controller.go:123.43,125.3 1 0
github.com/keshablive/quester/internal/controllers/transaction_controller.go:127.2,127.50 1 0
github.com/keshablive/quester/internal/controllers/transaction_controller.go:127.50,129.3 1 0
github.com/keshablive/quester/internal/controllers/transaction_controller.go:131.2,132.16 2 0
github.com/keshablive/quester/internal/controllers/transaction_controller.go:132.16,134.3 1 0
github.com/keshablive/quester/internal/controllers/transaction_controller.go:136.2,136.42 1 0
github.com/keshablive/quester/internal/controllers/transaction_controller.go:141.70,146.16 4 0
github.com/keshablive/quester/internal/controllers/transaction_controller.go:146.16,148.3 1 0
github.com/keshablive/quester/internal/controllers/transaction_controller.go:150.2,151.16 2 0
github.com/keshablive/quester/internal/controllers/transaction_controller.go:151.16,153.3 1 0
github.com/keshablive/quester/internal/controllers/transaction_controller.go:155.2,156.16 2 0
github.com/keshablive/quester/internal/controllers/transaction_controller.go:156.16,158.3 1 0
github.com/keshablive/quester/internal/controllers/transaction_controller.go:160.2,161.16 2 0
github.com/keshablive/quester/internal/controllers/transaction_controller.go:161.16,163.3 1 0
github.com/keshablive/quester/internal/controllers/transaction_controller.go:165.2,165.42 1 0
github.com/keshablive/quester/internal/controllers/transaction_controller.go:170.67,175.16 4 0
github.com/keshablive/quester/internal/controllers/transaction_controller.go:175.16,177.3 1 0
github.com/keshablive/quester/internal/controllers/transaction_controller.go:179.2,180.16 2 0
github.com/keshablive/quester/internal/controllers/transaction_controller.go:180.16,182.3 1 0
github.com/keshablive/quester/internal/controllers/transaction_controller.go:184.2,185.16 2 0
github.com/keshablive/quester/internal/controllers/transaction_controller.go:185.16,187.3 1 0
github.com/keshablive/quester/internal/controllers/transaction_controller.go:189.2,190.16 2 0
github.com/keshablive/quester/internal/controllers/transaction_controller.go:190.16,192.3 1 0
github.com/keshablive/quester/internal/controllers/transaction_controller.go:194.2,194.42 1 0
github.com/keshablive/quester/internal/controllers/transaction_controller.go:199.66,204.16 4 0
github.com/keshablive/quester/internal/controllers/transaction_controller.go:204.16,206.3 1 0
github.com/keshablive/quester/internal/controllers/transaction_controller.go:208.2,209.16 2 0
github.com/keshablive/quester/internal/controllers/transaction_controller.go:209.16,211.3 1 0
github.com/keshablive/quester/internal/controllers/transaction_controller.go:213.2,214.16 2 0
github.com/keshablive/quester/internal/controllers/transaction_controller.go:214.16,216.3 1 0
github.com/keshablive/quester/internal/controllers/transaction_controller.go:218.2,222.43 2 0
github.com/keshablive/quester/internal/controllers/transaction_controller.go:222.43,224.3 1 0
github.com/keshablive/quester/internal/controllers/transaction_controller.go:226.2,226.50 1 0
github.com/keshablive/quester/internal/controllers/transaction_controller.go:226.50,228.3 1 0
github.com/keshablive/quester/internal/controllers/transaction_controller.go:231.2,234.16 3 0
github.com/keshablive/quester/internal/controllers/transaction_controller.go:234.16,236.3 1 0
github.com/keshablive/quester/internal/controllers/transaction_controller.go:238.2,238.42 1 0
github.com/keshablive/quester/internal/controllers/transaction_controller.go:243.69,248.16 4 0
github.com/keshablive/quester/internal/controllers/transaction_controller.go:248.16,250.3 1 0
github.com/keshablive/quester/internal/controllers/transaction_controller.go:252.2,253.16 2 0
github.com/keshablive/quester/internal/controllers/transaction_controller.go:253.16,255.3 1 0
github.com/keshablive/quester/internal/controllers/transaction_controller.go:262.2,263.16 2 0
github.com/keshablive/quester/internal/controllers/transaction_controller.go:263.16,265.3 1 0
github.com/keshablive/quester/internal/controllers/transaction_controller.go:267.2,272.43 2 0
github.com/keshablive/quester/internal/controllers/transaction_controller.go:272.43,274.3 1 0
github.com/keshablive/quester/internal/controllers/transaction_controller.go:276.2,276.50 1 0
github.com/keshablive/quester/internal/controllers/transaction_controller.go:276.50,278.3 1 0
github.com/keshablive/quester/internal/controllers/transaction_controller.go:280.2,288.16 2 0
github.com/keshablive/quester/internal/controllers/transaction_controller.go:288.16,290.3 1 0
github.com/keshablive/quester/internal/controllers/transaction_controller.go:292.2,292.42 1 0
github.com/keshablive/quester/internal/controllers/transaction_controller.go:297.69,302.16 4 0
github.com/keshablive/quester/internal/controllers/transaction_controller.go:302.16,304.3 1 0
github.com/keshablive/quester/internal/controllers/transaction_controller.go:306.2,307.16 2 0
github.com/keshablive/quester/internal/controllers/transaction_controller.go:307.16,309.3 1 0
github.com/keshablive/quester/internal/controllers/transaction_controller.go:311.2,312.16 2 0
github.com/keshablive/quester/internal/controllers/transaction_controller.go:312.16,314.3 1 0
github.com/keshablive/quester/internal/controllers/transaction_controller.go:316.2,317.16 2 0
github.com/keshablive/quester/internal/controllers/transaction_controller.go:317.16,319.3 1 0
github.com/keshablive/quester/internal/controllers/transaction_controller.go:322.2,322.69 1 0
github.com/keshablive/quester/internal/controllers/transaction_controller.go:322.69,324.3 1 0
github.com/keshablive/quester/internal/controllers/transaction_controller.go:326.2,326.42 1 0
github.com/keshablive/quester/internal/controllers/transaction_controller.go:331.72,336.16 4 0
github.com/keshablive/quester/internal/controllers/transaction_controller.go:336.16,338.3 1 0
github.com/keshablive/quester/internal/controllers/transaction_controller.go:340.2,341.16 2 0
github.com/keshablive/quester/internal/controllers/transaction_controller.go:341.16,343.3 1 0
github.com/keshablive/quester/internal/controllers/transaction_controller.go:345.2,357.16 5 0
github.com/keshablive/quester/internal/controllers/transaction_controller.go:357.16,359.3 1 0
github.com/keshablive/quester/internal/controllers/transaction_controller.go:361.2,361.92 1 0
github.com/keshablive/quester/internal/controllers/transaction_controller.go:366.78,376.2 1 0
github.com/keshablive/quester/internal/controllers/transaction_controller.go:380.70,383.21 2 0
github.com/keshablive/quester/internal/controllers/transaction_controller.go:383.21,386.3 2 0
github.com/keshablive/quester/internal/controllers/transaction_controller.go:389.2,392.50 2 0
github.com/keshablive/quester/internal/controllers/transaction_controller.go:392.50,395.3 2 0
github.com/keshablive/quester/internal/controllers/transaction_controller.go:397.2,398.45 2 0
github.com/keshablive/quester/internal/controllers/transaction_controller.go:398.45,401.3 2 0
github.com/keshablive/quester/internal/controllers/transaction_controller.go:404.2,405.9 2 0
github.com/keshablive/quester/internal/controllers/transaction_controller.go:405.9,407.3 1 0
github.com/keshablive/quester/internal/controllers/transaction_controller.go:409.2,412.19 2 0
github.com/keshablive/quester/internal/controllers/transaction_controller.go:413.26,417.76 1 0
github.com/keshablive/quester/internal/controllers/transaction_controller.go:419.24,423.74 1 0
github.com/keshablive/quester/internal/controllers/transaction_controller.go:425.24,429.74 1 0
github.com/keshablive/quester/internal/controllers/transaction_controller.go:432.2,434.4 1 0
github.com/keshablive/quester/internal/controllers/transaction_controller.go:437.68,440.21 2 0
github.com/keshablive/quester/internal/controllers/transaction_controller.go:440.21,442.3 1 0
github.com/keshablive/quester/internal/controllers/transaction_controller.go:445.2,448.48 2 0
github.com/keshablive/quester/internal/controllers/transaction_controller.go:448.48,450.3 1 0
github.com/keshablive/quester/internal/controllers/transaction_controller.go:452.2,453.45 2 0
github.com/keshablive/quester/internal/controllers/transaction_controller.go:453.45,455.3 1 0
github.com/keshablive/quester/internal/controllers/transaction_controller.go:458.2,459.9 2 0
github.com/keshablive/quester/internal/controllers/transaction_controller.go:459.9,461.3 1 0
github.com/keshablive/quester/internal/controllers/transaction_controller.go:464.2,464.19 1 0
github.com/keshablive/quester/internal/controllers/transaction_controller.go:465.34,465.34 0 0
github.com/keshablive/quester/internal/controllers/transaction_controller.go:470.39,470.39 0 0
github.com/keshablive/quester/internal/controllers/transaction_controller.go:475.25,475.25 0 0
github.com/keshablive/quester/internal/controllers/transaction_controller.go:481.2,483.4 1 0
github.com/keshablive/quester/internal/controllers/transaction_controller.go:487.94,488.43 1 1
github.com/keshablive/quester/internal/controllers/transaction_controller.go:488.43,490.3 1 1
github.com/keshablive/quester/internal/controllers/transaction_controller.go:493.2,498.65 4 1
github.com/keshablive/quester/internal/controllers/transaction_controller.go:502.98,503.41 1 1
github.com/keshablive/quester/internal/controllers/transaction_controller.go:503.41,505.3 1 1
github.com/keshablive/quester/internal/controllers/transaction_controller.go:512.2,514.29 3 1
github.com/keshablive/quester/internal/controllers/transaction_controller.go:514.29,515.20 1 1
github.com/keshablive/quester/internal/controllers/transaction_controller.go:515.20,516.24 1 1
github.com/keshablive/quester/internal/controllers/transaction_controller.go:516.24,518.5 1 1
github.com/keshablive/quester/internal/controllers/transaction_controller.go:518.10,518.49 1 1
github.com/keshablive/quester/internal/controllers/transaction_controller.go:518.49,520.5 1 1
github.com/keshablive/quester/internal/controllers/transaction_controller.go:524.2,524.42 1 1
github.com/keshablive/quester/internal/controllers/transaction_controller.go:524.42,526.3 1 1
github.com/keshablive/quester/internal/controllers/transaction_controller.go:529.2,537.67 5 1
github.com/keshablive/quester/internal/controllers/two_factor_controller.go:25.125,31.2 1 0
github.com/keshablive/quester/internal/controllers/two_factor_controller.go:34.64,36.9 2 0
github.com/keshablive/quester/internal/controllers/two_factor_controller.go:36.9,40.3 1 0
github.com/keshablive/quester/internal/controllers/two_factor_controller.go:42.2,43.9 2 0
github.com/keshablive/quester/internal/controllers/two_factor_controller.go:43.9,47.3 1 0
github.com/keshablive/quester/internal/controllers/two_factor_controller.go:49.2,50.16 2 0
github.com/keshablive/quester/internal/controllers/two_factor_controller.go:50.16,51.58 1 0
github.com/keshablive/quester/internal/controllers/two_factor_controller.go:51.58,55.4 1 0
github.com/keshablive/quester/internal/controllers/two_factor_controller.go:56.3,58.5 1 0
github.com/keshablive/quester/internal/controllers/two_factor_controller.go:61.2,64.61 2 0
github.com/keshablive/quester/internal/controllers/two_factor_controller.go:68.64,70.9 2 0
github.com/keshablive/quester/internal/controllers/two_factor_controller.go:70.9,74.3 1 0
github.com/keshablive/quester/internal/controllers/two_factor_controller.go:76.2,79.43 2 0
github.com/keshablive/quester/internal/controllers/two_factor_controller.go:79.43,83.3 1 0
github.com/keshablive/quester/internal/controllers/two_factor_controller.go:85.2,85.62 1 0
github.com/keshablive/quester/internal/controllers/two_factor_controller.go:85.62,86.55 1 0
github.com/keshablive/quester/internal/controllers/two_factor_controller.go:86.55,92.4 2 0
github.com/keshablive/quester/internal/controllers/two_factor_controller.go:93.3,95.5 1 0
github.com/keshablive/quester/internal/controllers/two_factor_controller.go:98.2,101.104 2 0
github.com/keshablive/quester/internal/controllers/two_factor_controller.go:105.65,107.9 2 0
github.com/keshablive/quester/internal/controllers/two_factor_controller.go:107.9,111.3 1 0
github.com/keshablive/quester/internal/controllers/two_factor_controller.go:113.2,116.43 2 0
github.com/keshablive/quester/internal/controllers/two_factor_controller.go:116.43,120.3 1 0
github.com/keshablive/quester/internal/controllers/two_factor_controller.go:122.2,123.16 2 0
github.com/keshablive/quester/internal/controllers/two_factor_controller.go:123.16,127.3 1 0
github.com/keshablive/quester/internal/controllers/two_factor_controller.go:129.2,129.75 1 0
github.com/keshablive/quester/internal/controllers/two_factor_controller.go:129.75,133.3 1 0
github.com/keshablive/quester/internal/controllers/two_factor_controller.go:135.2,135.53 1 0
github.com/keshablive/quester/internal/controllers/two_factor_controller.go:135.53,136.54 1 0
github.com/keshablive/quester/internal/controllers/two_factor_controller.go:136.54,140.4 1 0
github.com/keshablive/quester/internal/controllers/two_factor_controller.go:141.3,143.5 1 0
github.com/keshablive/quester/internal/controllers/two_factor_controller.go:146.2,149.105 2 0
github.com/keshablive/quester/internal/controllers/two_factor_controller.go:153.70,158.43 2 0
github.com/keshablive/quester/internal/controllers/two_factor_controller.go:158.43,162.3 1 0
github.com/keshablive/quester/internal/controllers/two_factor_controller.go:164.2,165.16 2 0
github.com/keshablive/quester/internal/controllers/two_factor_controller.go:165.16,169.3 1 0
github.com/keshablive/quester/internal/controllers/two_factor_controller.go:171.2,172.16 2 0
github.com/keshablive/quester/internal/controllers/two_factor_controller.go:172.16,176.3 1 0
github.com/keshablive/quester/internal/controllers/two_factor_controller.go:178.2,179.24 2 0
github.com/keshablive/quester/internal/controllers/two_factor_controller.go:179.24,181.3 1 0
github.com/keshablive/quester/internal/controllers/two_factor_controller.go:183.2,183.11 1 0
github.com/keshablive/quester/internal/controllers/two_factor_controller.go:183.11,186.3 1 0
github.com/keshablive/quester/internal/controllers/two_factor_controller.go:186.8,189.3 1 0
github.com/keshablive/quester/internal/controllers/two_factor_controller.go:191.2,191.59 1 0
github.com/keshablive/quester/internal/controllers/two_factor_controller.go:195.72,197.9 2 0
github.com/keshablive/quester/internal/controllers/two_factor_controller.go:197.9,201.3 1 0
github.com/keshablive/quester/internal/controllers/two_factor_controller.go:203.2,205.16 3 0
github.com/keshablive/quester/internal/controllers/two_factor_controller.go:205.16,209.3 1 0
github.com/keshablive/quester/internal/controllers/two_factor_controller.go:211.2,211.63 1 0
github.com/keshablive/quester/internal/controllers/two_factor_controller.go:215.74,217.9 2 0
github.com/keshablive/quester/internal/controllers/two_factor_controller.go:217.9,221.3 1 0
github.com/keshablive/quester/internal/controllers/two_factor_controller.go:223.2,224.20 2 0
github.com/keshablive/quester/internal/controllers/two_factor_controller.go:224.20,228.3 1 0
github.com/keshablive/quester/internal/controllers/two_factor_controller.go:230.2,232.94 2 0
github.com/keshablive/quester/internal/controllers/two_factor_controller.go:232.94,233.49 1 0
github.com/keshablive/quester/internal/controllers/two_factor_controller.go:233.49,237.4 1 0
github.com/keshablive/quester/internal/controllers/two_factor_controller.go:238.3,238.60 1 0
github.com/keshablive/quester/internal/controllers/two_factor_controller.go:238.60,242.4 1 0
github.com/keshablive/quester/internal/controllers/two_factor_controller.go:243.3,245.5 1 0
github.com/keshablive/quester/internal/controllers/two_factor_controller.go:248.2,251.92 2 0
github.com/keshablive/quester/internal/controllers/user_controller.go:25.81,31.2 1 0
github.com/keshablive/quester/internal/controllers/user_controller.go:35.58,40.16 4 0
github.com/keshablive/quester/internal/controllers/user_controller.go:40.16,42.3 1 0
github.com/keshablive/quester/internal/controllers/user_controller.go:44.2,45.16 2 0
github.com/keshablive/quester/internal/controllers/user_controller.go:45.16,47.3 1 0
github.com/keshablive/quester/internal/controllers/user_controller.go:49.2,51.4 1 0
github.com/keshablive/quester/internal/controllers/user_controller.go:56.61,61.16 4 0
github.com/keshablive/quester/internal/controllers/user_controller.go:61.16,63.3 1 0
github.com/keshablive/quester/internal/controllers/user_controller.go:65.2,68.43 2 0
github.com/keshablive/quester/internal/controllers/user_controller.go:68.43,70.3 1 0
github.com/keshablive/quester/internal/controllers/user_controller.go:73.2,74.16 2 0
github.com/keshablive/quester/internal/controllers/user_controller.go:74.16,76.3 1 0
github.com/keshablive/quester/internal/controllers/user_controller.go:79.2,79.24 1 0
github.com/keshablive/quester/internal/controllers/user_controller.go:79.24,81.3 1 0
github.com/keshablive/quester/internal/controllers/user_controller.go:84.2,84.64 1 0
github.com/keshablive/quester/internal/controllers/user_controller.go:84.64,86.3 1 0
github.com/keshablive/quester/internal/controllers/user_controller.go:88.2,90.4 1 0
github.com/keshablive/quester/internal/controllers/user_controller.go:95.60,100.16 4 0
github.com/keshablive/quester/internal/controllers/user_controller.go:100.16,102.3 1 0
github.com/keshablive/quester/internal/controllers/user_controller.go:104.2,105.16 2 0
github.com/keshablive/quester/internal/controllers/user_controller.go:105.16,107.3 1 0
github.com/keshablive/quester/internal/controllers/user_controller.go:110.2,111.16 2 0
github.com/keshablive/quester/internal/controllers/user_controller.go:111.16,113.3 1 0
github.com/keshablive/quester/internal/controllers/user_controller.go:116.2,116.29 1 0
github.com/keshablive/quester/internal/controllers/user_controller.go:116.29,118.3 1 0
github.com/keshablive/quester/internal/controllers/user_controller.go:121.2,129.23 3 0
github.com/keshablive/quester/internal/controllers/user_controller.go:129.23,131.3 1 0
github.com/keshablive/quester/internal/controllers/user_controller.go:134.2,135.16 2 0
github.com/keshablive/quester/internal/controllers/user_controller.go:135.16,137.3 1 0
github.com/keshablive/quester/internal/controllers/user_controller.go:138.2,145.23 4 0
github.com/keshablive/quester/internal/controllers/user_controller.go:145.23,147.3 1 0
github.com/keshablive/quester/internal/controllers/user_controller.go:149.2,150.16 2 0
github.com/keshablive/quester/internal/controllers/user_controller.go:150.16,152.3 1 0
github.com/keshablive/quester/internal/controllers/user_controller.go:156.2,160.16 3 0
github.com/keshablive/quester/internal/controllers/user_controller.go:160.16,162.3 1 0
github.com/keshablive/quester/internal/controllers/user_controller.go:164.2,166.64 2 0
github.com/keshablive/quester/internal/controllers/user_controller.go:166.64,168.3 1 0
github.com/keshablive/quester/internal/controllers/user_controller.go:170.2,173.4 1 0
github.com/keshablive/quester/internal/controllers/user_controller.go:178.60,183.16 4 0
github.com/keshablive/quester/internal/controllers/user_controller.go:183.16,185.3 1 0
github.com/keshablive/quester/internal/controllers/user_controller.go:188.2,189.16 2 0
github.com/keshablive/quester/internal/controllers/user_controller.go:189.16,191.3 1 0
github.com/keshablive/quester/internal/controllers/user_controller.go:193.2,193.46 1 0
github.com/keshablive/quester/internal/controllers/user_controller.go:193.46,195.3 1 0
github.com/keshablive/quester/internal/controllers/user_controller.go:198.2,201.59 2 0
github.com/keshablive/quester/internal/controllers/user_controller.go:201.60,204.3 0 0
github.com/keshablive/quester/internal/controllers/user_controller.go:207.2,208.64 2 0
github.com/keshablive/quester/internal/controllers/user_controller.go:208.64,210.3 1 0
github.com/keshablive/quester/internal/controllers/user_controller.go:212.2,214.4 1 0
github.com/keshablive/quester/internal/controllers/video_streaming_controller.go:26.140,32.2 1 0
github.com/keshablive/quester/internal/controllers/video_streaming_controller.go:49.60,55.16 5 0
github.com/keshablive/quester/internal/controllers/video_streaming_controller.go:55.16,58.3 2 0
github.com/keshablive/quester/internal/controllers/video_streaming_controller.go:59.2,59.30 1 0
github.com/keshablive/quester/internal/controllers/video_streaming_controller.go:63.40,66.21 2 0
github.com/keshablive/quester/internal/controllers/video_streaming_controller.go:66.21,69.3 1 0
github.com/keshablive/quester/internal/controllers/video_streaming_controller.go:70.2,70.18 1 0
github.com/keshablive/quester/internal/controllers/video_streaming_controller.go:94.72,99.43 3 0
github.com/keshablive/quester/internal/controllers/video_streaming_controller.go:99.43,107.3 2 0
github.com/keshablive/quester/internal/controllers/video_streaming_controller.go:110.2,110.21 1 0
github.com/keshablive/quester/internal/controllers/video_streaming_controller.go:110.21,118.3 2 0
github.com/keshablive/quester/internal/controllers/video_streaming_controller.go:121.2,122.9 2 0
github.com/keshablive/quester/internal/controllers/video_streaming_controller.go:122.9,130.3 2 0
github.com/keshablive/quester/internal/controllers/video_streaming_controller.go:132.2,133.9 2 0
github.com/keshablive/quester/internal/controllers/video_streaming_controller.go:133.9,142.3 2 0
github.com/keshablive/quester/internal/controllers/video_streaming_controller.go:145.2,146.16 2 0
github.com/keshablive/quester/internal/controllers/video_streaming_controller.go:146.16,156.3 2 0
github.com/keshablive/quester/internal/controllers/video_streaming_controller.go:158.2,184.54 3 0
github.com/keshablive/quester/internal/controllers/video_streaming_controller.go:184.54,194.3 2 0
github.com/keshablive/quester/internal/controllers/video_streaming_controller.go:197.2,228.4 7 0
github.com/keshablive/quester/internal/controllers/video_streaming_controller.go:241.74,246.43 3 0
github.com/keshablive/quester/internal/controllers/video_streaming_controller.go:246.43,251.3 3 0
github.com/keshablive/quester/internal/controllers/video_streaming_controller.go:253.2,264.67 2 0
github.com/keshablive/quester/internal/controllers/video_streaming_controller.go:264.67,276.3 2 0
github.com/keshablive/quester/internal/controllers/video_streaming_controller.go:279.2,281.16 3 0
github.com/keshablive/quester/internal/controllers/video_streaming_controller.go:281.16,282.45 1 0
github.com/keshablive/quester/internal/controllers/video_streaming_controller.go:282.45,294.4 2 0
github.com/keshablive/quester/internal/controllers/video_streaming_controller.go:295.3,302.5 2 0
github.com/keshablive/quester/internal/controllers/video_streaming_controller.go:306.2,306.45 1 0
github.com/keshablive/quester/internal/controllers/video_streaming_controller.go:306.45,321.3 2 0
github.com/keshablive/quester/internal/controllers/video_streaming_controller.go:324.2,324.31 1 0
github.com/keshablive/quester/internal/controllers/video_streaming_controller.go:324.31,328.55 3 0
github.com/keshablive/quester/internal/controllers/video_streaming_controller.go:328.55,344.4 2 0
github.com/keshablive/quester/internal/controllers/video_streaming_controller.go:347.3,347.55 1 0
github.com/keshablive/quester/internal/controllers/video_streaming_controller.go:347.55,363.4 2 0
github.com/keshablive/quester/internal/controllers/video_streaming_controller.go:367.2,368.47 2 0
github.com/keshablive/quester/internal/controllers/video_streaming_controller.go:368.47,369.69 1 0
github.com/keshablive/quester/internal/controllers/video_streaming_controller.go:369.69,385.44 3 0
github.com/keshablive/quester/internal/controllers/video_streaming_controller.go:385.44,386.71 1 0
github.com/keshablive/quester/internal/controllers/video_streaming_controller.go:386.71,393.6 1 0
github.com/keshablive/quester/internal/controllers/video_streaming_controller.go:393.11,399.6 1 0
github.com/keshablive/quester/internal/controllers/video_streaming_controller.go:404.2,420.4 2 0
github.com/keshablive/quester/internal/controllers/video_streaming_controller.go:424.24,425.11 1 0
github.com/keshablive/quester/internal/controllers/video_streaming_controller.go:425.11,427.3 1 0
github.com/keshablive/quester/internal/controllers/video_streaming_controller.go:428.2,428.10 1 0
github.com/keshablive/quester/internal/controllers/video_streaming_controller.go:433.71,437.43 3 0
github.com/keshablive/quester/internal/controllers/video_streaming_controller.go:437.43,439.3 1 0
github.com/keshablive/quester/internal/controllers/video_streaming_controller.go:441.2,451.87 3 0
github.com/keshablive/quester/internal/controllers/video_streaming_controller.go:451.87,453.70 2 0
github.com/keshablive/quester/internal/controllers/video_streaming_controller.go:453.70,458.56 3 0
github.com/keshablive/quester/internal/controllers/video_streaming_controller.go:458.56,460.5 1 0
github.com/keshablive/quester/internal/controllers/video_streaming_controller.go:462.4,475.6 1 0
github.com/keshablive/quester/internal/controllers/video_streaming_controller.go:477.8,483.3 1 0
github.com/keshablive/quester/internal/controllers/video_streaming_controller.go:485.2,485.37 1 0
github.com/keshablive/quester/internal/controllers/video_streaming_controller.go:490.77,494.21 3 0
github.com/keshablive/quester/internal/controllers/video_streaming_controller.go:494.21,500.3 2 0
github.com/keshablive/quester/internal/controllers/video_streaming_controller.go:503.2,504.88 2 0
github.com/keshablive/quester/internal/controllers/video_streaming_controller.go:504.88,505.45 1 0
github.com/keshablive/quester/internal/controllers/video_streaming_controller.go:505.45,511.4 2 0
github.com/keshablive/quester/internal/controllers/video_streaming_controller.go:513.3,518.80 2 0
github.com/keshablive/quester/internal/controllers/video_streaming_controller.go:523.2,562.31 6 0
github.com/keshablive/quester/internal/controllers/video_streaming_controller.go:567.72,572.21 4 0
github.com/keshablive/quester/internal/controllers/video_streaming_controller.go:572.21,575.3 2 0
github.com/keshablive/quester/internal/controllers/video_streaming_controller.go:577.2,578.13 2 0
github.com/keshablive/quester/internal/controllers/video_streaming_controller.go:578.13,581.3 2 0
github.com/keshablive/quester/internal/controllers/video_streaming_controller.go:585.2,587.39 3 0
github.com/keshablive/quester/internal/controllers/video_streaming_controller.go:587.39,588.35 1 0
github.com/keshablive/quester/internal/controllers/video_streaming_controller.go:588.35,590.4 1 0
github.com/keshablive/quester/internal/controllers/video_streaming_controller.go:593.2,604.21 3 0
github.com/keshablive/quester/internal/controllers/video_streaming_controller.go:609.74,615.21 5 0
github.com/keshablive/quester/internal/controllers/video_streaming_controller.go:615.21,618.3 2 0
github.com/keshablive/quester/internal/controllers/video_streaming_controller.go:620.2,621.22 2 0
github.com/keshablive/quester/internal/controllers/video_streaming_controller.go:621.22,622.65 1 0
github.com/keshablive/quester/internal/controllers/video_streaming_controller.go:622.65,624.4 1 0
github.com/keshablive/quester/internal/controllers/video_streaming_controller.go:624.9,626.4 1 0
github.com/keshablive/quester/internal/controllers/video_streaming_controller.go:629.2,630.16 2 0
github.com/keshablive/quester/internal/controllers/video_streaming_controller.go:630.16,633.3 2 0
github.com/keshablive/quester/internal/controllers/video_streaming_controller.go:635.2,641.31 5 0
github.com/keshablive/quester/internal/controllers/video_streaming_controller.go:648.72,652.23 3 0
github.com/keshablive/quester/internal/controllers/video_streaming_controller.go:652.23,656.3 1 0
github.com/keshablive/quester/internal/controllers/video_streaming_controller.go:661.2,674.4 2 0
github.com/keshablive/quester/internal/controllers/video_streaming_controller.go:679.75,683.23 3 0
github.com/keshablive/quester/internal/controllers/video_streaming_controller.go:683.23,687.3 1 0
github.com/keshablive/quester/internal/controllers/video_streaming_controller.go:690.2,691.9 2 0
github.com/keshablive/quester/internal/controllers/video_streaming_controller.go:691.9,695.3 1 0
github.com/keshablive/quester/internal/controllers/video_streaming_controller.go:699.2,709.4 2 0
github.com/keshablive/quester/internal/controllers/video_streaming_controller.go:713.49,716.2 1 0
github.com/keshablive/quester/internal/controllers/video_streaming_controller.go:718.50,721.2 1 0
github.com/keshablive/quester/internal/controllers/video_streaming_controller.go:725.75,729.21 3 0
github.com/keshablive/quester/internal/controllers/video_streaming_controller.go:729.21,733.3 1 0
github.com/keshablive/quester/internal/controllers/video_streaming_controller.go:736.2,737.9 2 0
github.com/keshablive/quester/internal/controllers/video_streaming_controller.go:737.9,741.3 1 0
github.com/keshablive/quester/internal/controllers/video_streaming_controller.go:744.2,750.43 3 0
github.com/keshablive/quester/internal/controllers/video_streaming_controller.go:750.43,760.3 2 0
github.com/keshablive/quester/internal/controllers/video_streaming_controller.go:763.2,763.57 1 0
github.com/keshablive/quester/internal/controllers/video_streaming_controller.go:763.57,767.3 1 0
github.com/keshablive/quester/internal/controllers/video_streaming_controller.go:770.2,771.88 2 0
github.com/keshablive/quester/internal/controllers/video_streaming_controller.go:771.88,772.45 1 0
github.com/keshablive/quester/internal/controllers/video_streaming_controller.go:772.45,776.4 1 0
github.com/keshablive/quester/internal/controllers/video_streaming_controller.go:777.3,785.5 2 0
github.com/keshablive/quester/internal/controllers/video_streaming_controller.go:789.2,789.41 1 0
github.com/keshablive/quester/internal/controllers/video_streaming_controller.go:789.41,800.3 2 0
github.com/keshablive/quester/internal/controllers/video_streaming_controller.go:803.2,803.46 1 0
github.com/keshablive/quester/internal/controllers/video_streaming_controller.go:803.46,808.3 1 0
github.com/keshablive/quester/internal/controllers/video_streaming_controller.go:814.2,815.24 2 0
github.com/keshablive/quester/internal/controllers/video_streaming_controller.go:815.24,817.3 1 0
github.com/keshablive/quester/internal/controllers/video_streaming_controller.go:819.2,824.27 4 0
github.com/keshablive/quester/internal/controllers/video_streaming_controller.go:824.27,831.3 1 0
github.com/keshablive/quester/internal/controllers/video_streaming_controller.go:834.2,839.70 2 0
github.com/keshablive/quester/internal/controllers/video_streaming_controller.go:839.70,850.3 2 0
github.com/keshablive/quester/internal/controllers/video_streaming_controller.go:852.2,873.4 2 0
github.com/keshablive/quester/internal/controllers/video_streaming_controller.go:878.71,883.22 3 0
github.com/keshablive/quester/internal/controllers/video_streaming_controller.go:883.22,887.3 1 0
github.com/keshablive/quester/internal/controllers/video_streaming_controller.go:889.2,890.16 2 0
github.com/keshablive/quester/internal/controllers/video_streaming_controller.go:890.16,894.3 1 0
github.com/keshablive/quester/internal/controllers/video_streaming_controller.go:897.2,903.14 5 0
github.com/keshablive/quester/internal/controllers/video_streaming_controller.go:903.14,905.3 1 0
github.com/keshablive/quester/internal/controllers/video_streaming_controller.go:906.2,906.30 1 0
github.com/keshablive/quester/internal/controllers/video_streaming_controller.go:906.30,908.3 1 0
github.com/keshablive/quester/internal/controllers/video_streaming_controller.go:910.2,916.20 3 0
github.com/keshablive/quester/internal/controllers/video_streaming_controller.go:916.20,918.17 2 0
github.com/keshablive/quester/internal/controllers/video_streaming_controller.go:918.17,922.4 1 0
github.com/keshablive/quester/internal/controllers/video_streaming_controller.go:923.3,923.51 1 0
github.com/keshablive/quester/internal/controllers/video_streaming_controller.go:924.8,927.3 1 0
github.com/keshablive/quester/internal/controllers/video_streaming_controller.go:930.2,930.18 1 0
github.com/keshablive/quester/internal/controllers/video_streaming_controller.go:930.18,932.3 1 0
github.com/keshablive/quester/internal/controllers/video_streaming_controller.go:935.2,936.50 2 0
github.com/keshablive/quester/internal/controllers/video_streaming_controller.go:936.50,945.3 2 0
github.com/keshablive/quester/internal/controllers/video_streaming_controller.go:948.2,953.36 2 0
github.com/keshablive/quester/internal/controllers/video_streaming_controller.go:953.36,962.3 2 0
github.com/keshablive/quester/internal/controllers/video_streaming_controller.go:965.2,992.4 5 0
github.com/keshablive/quester/internal/controllers/video_streaming_controller.go:997.69,1002.22 3 0
github.com/keshablive/quester/internal/controllers/video_streaming_controller.go:1002.22,1006.3 1 0
github.com/keshablive/quester/internal/controllers/video_streaming_controller.go:1008.2,1009.16 2 0
github.com/keshablive/quester/internal/controllers/video_streaming_controller.go:1009.16,1013.3 1 0
github.com/keshablive/quester/internal/controllers/video_streaming_controller.go:1016.2,1018.16 3 0
github.com/keshablive/quester/internal/controllers/video_streaming_controller.go:1018.16,1022.3 1 0
github.com/keshablive/quester/internal/controllers/video_streaming_controller.go:1025.2,1026.79 2 0
github.com/keshablive/quester/internal/controllers/video_streaming_controller.go:1026.79,1027.45 1 0
github.com/keshablive/quester/internal/controllers/video_streaming_controller.go:1027.45,1036.4 2 0
github.com/keshablive/quester/internal/controllers/video_streaming_controller.go:1037.3,1045.5 2 0
github.com/keshablive/quester/internal/controllers/video_streaming_controller.go:1050.2,1051.39 2 0
github.com/keshablive/quester/internal/controllers/video_streaming_controller.go:1051.39,1063.3 2 0
github.com/keshablive/quester/internal/controllers/video_streaming_controller.go:1065.2,1076.4 2 0
github.com/keshablive/quester/internal/controllers/video_streaming_controller.go:1088.72,1093.22 3 0
github.com/keshablive/quester/internal/controllers/video_streaming_controller.go:1093.22,1097.3 1 0
github.com/keshablive/quester/internal/controllers/video_streaming_controller.go:1099.2,1100.16 2 0
github.com/keshablive/quester/internal/controllers/video_streaming_controller.go:1100.16,1104.3 1 0
github.com/keshablive/quester/internal/controllers/video_streaming_controller.go:1107.2,1109.16 3 0
github.com/keshablive/quester/internal/controllers/video_streaming_controller.go:1109.16,1113.3 1 0
github.com/keshablive/quester/internal/controllers/video_streaming_controller.go:1116.2,1117.43 2 0
github.com/keshablive/quester/internal/controllers/video_streaming_controller.go:1117.43,1127.3 2 0
github.com/keshablive/quester/internal/controllers/video_streaming_controller.go:1130.2,1131.79 2 0
github.com/keshablive/quester/internal/controllers/video_streaming_controller.go:1131.79,1132.45 1 0
github.com/keshablive/quester/internal/controllers/video_streaming_controller.go:1132.45,1136.4 1 0
github.com/keshablive/quester/internal/controllers/video_streaming_controller.go:1137.3,1139.5 1 0
github.com/keshablive/quester/internal/controllers/video_streaming_controller.go:1143.2,1144.39 2 0
github.com/keshablive/quester/internal/controllers/video_streaming_controller.go:1144.39,1156.3 2 0
github.com/keshablive/quester/internal/controllers/video_streaming_controller.go:1159.2,1163.22 2 0
github.com/keshablive/quester/internal/controllers/video_streaming_controller.go:1163.22,1165.3 1 0
github.com/keshablive/quester/internal/controllers/video_streaming_controller.go:1166.2,1166.28 1 0
github.com/keshablive/quester/internal/controllers/video_streaming_controller.go:1166.28,1168.3 1 0
github.com/keshablive/quester/internal/controllers/video_streaming_controller.go:1169.2,1169.28 1 0
github.com/keshablive/quester/internal/controllers/video_streaming_controller.go:1169.28,1171.3 1 0
github.com/keshablive/quester/internal/controllers/video_streaming_controller.go:1174.2,1174.70 1 0
github.com/keshablive/quester/internal/controllers/video_streaming_controller.go:1174.70,1184.3 2 0
github.com/keshablive/quester/internal/controllers/video_streaming_controller.go:1187.2,1187.79 1 0
github.com/keshablive/quester/internal/controllers/video_streaming_controller.go:1187.79,1191.3 1 0
github.com/keshablive/quester/internal/controllers/video_streaming_controller.go:1193.2,1205.4 2 0
github.com/keshablive/quester/internal/controllers/video_streaming_controller.go:1210.72,1215.22 3 0
github.com/keshablive/quester/internal/controllers/video_streaming_controller.go:1215.22,1219.3 1 0
github.com/keshablive/quester/internal/controllers/video_streaming_controller.go:1221.2,1222.16 2 0
github.com/keshablive/quester/internal/controllers/video_streaming_controller.go:1222.16,1226.3 1 0
github.com/keshablive/quester/internal/controllers/video_streaming_controller.go:1229.2,1231.16 3 0
github.com/keshablive/quester/internal/controllers/video_streaming_controller.go:1231.16,1235.3 1 0
github.com/keshablive/quester/internal/controllers/video_streaming_controller.go:1238.2,1239.79 2 0
github.com/keshablive/quester/internal/controllers/video_streaming_controller.go:1239.79,1240.45 1 0
github.com/keshablive/quester/internal/controllers/video_streaming_controller.go:1240.45,1244.4 1 0
github.com/keshablive/quester/internal/controllers/video_streaming_controller.go:1245.3,1247.5 1 0
github.com/keshablive/quester/internal/controllers/video_streaming_controller.go:1251.2,1252.39 2 0
github.com/keshablive/quester/internal/controllers/video_streaming_controller.go:1252.39,1264.3 2 0
github.com/keshablive/quester/internal/controllers/video_streaming_controller.go:1267.2,1267.46 1 0
github.com/keshablive/quester/internal/controllers/video_streaming_controller.go:1267.46,1272.3 1 0
github.com/keshablive/quester/internal/controllers/video_streaming_controller.go:1275.2,1275.54 1 0
github.com/keshablive/quester/internal/controllers/video_streaming_controller.go:1275.54,1285.3 2 0
github.com/keshablive/quester/internal/controllers/video_streaming_controller.go:1290.2,1303.4 2 0
github.com/keshablive/quester/internal/controllers/video_streaming_controller.go:1308.74,1314.16 4 0
github.com/keshablive/quester/internal/controllers/video_streaming_controller.go:1314.16,1318.3 1 0
github.com/keshablive/quester/internal/controllers/video_streaming_controller.go:1321.2,1322.79 2 0
github.com/keshablive/quester/internal/controllers/video_streaming_controller.go:1322.79,1323.45 1 0
github.com/keshablive/quester/internal/controllers/video_streaming_controller.go:1323.45,1327.4 1 0
github.com/keshablive/quester/internal/controllers/video_streaming_controller.go:1328.3,1330.5 1 0
github.com/keshablive/quester/internal/controllers/video_streaming_controller.go:1335.2,1354.4 4 0
github.com/keshablive/quester/internal/controllers/websocket_controller.go:26.24,34.2 1 0
github.com/keshablive/quester/internal/controllers/websocket_controller.go:37.64,39.2 1 0
github.com/keshablive/quester/internal/controllers/websocket_controller.go:42.72,62.2 7 0
github.com/keshablive/quester/internal/controllers/websocket_controller.go:65.74,76.45 5 0
github.com/keshablive/quester/internal/controllers/websocket_controller.go:76.45,80.3 1 0
github.com/keshablive/quester/internal/controllers/websocket_controller.go:83.2,93.4 3 0
github.com/keshablive/quester/internal/controllers/websocket_controller.go:97.75,101.24 3 0
github.com/keshablive/quester/internal/controllers/websocket_controller.go:101.24,105.3 1 0
github.com/keshablive/quester/internal/controllers/websocket_controller.go:107.2,114.4 3 0
github.com/keshablive/quester/internal/controllers/websocket_controller.go:118.69,123.40 4 0
github.com/keshablive/quester/internal/controllers/websocket_controller.go:123.40,127.3 1 0
github.com/keshablive/quester/internal/controllers/websocket_controller.go:129.2,132.19 3 0
github.com/keshablive/quester/internal/controllers/websocket_controller.go:132.19,135.3 1 0
github.com/keshablive/quester/internal/controllers/websocket_controller.go:135.8,140.3 3 0
github.com/keshablive/quester/internal/controllers/websocket_controller.go:142.2,142.16 1 0
github.com/keshablive/quester/internal/controllers/websocket_controller.go:142.16,146.3 1 0
github.com/keshablive/quester/internal/controllers/websocket_controller.go:148.2,151.4 1 0
github.com/keshablive/quester/internal/controllers/websocket_controller.go:155.65,157.46 1 0
github.com/keshablive/quester/internal/controllers/websocket_controller.go:157.46,163.3 1 0
github.com/keshablive/quester/internal/controllers/websocket_controller.go:166.2,173.4 3 0
github.com/keshablive/quester/internal/controllers/websocket_controller.go:177.48,178.23 1 0
github.com/keshablive/quester/internal/controllers/websocket_controller.go:178.23,180.3 1 0
github.com/keshablive/quester/internal/controllers/websocket_controller.go:181.2,181.32 1 0
github.com/keshablive/quester/internal/framework/auth/jwt.go:39.13,54.37 4 0
github.com/keshablive/quester/internal/framework/auth/jwt.go:54.37,55.42 1 0
github.com/keshablive/quester/internal/framework/auth/jwt.go:55.42,59.9 3 0
github.com/keshablive/quester/internal/framework/auth/jwt.go:63.2,63.26 1 0
github.com/keshablive/quester/internal/framework/auth/jwt.go:63.26,64.124 1 0
github.com/keshablive/quester/internal/framework/auth/jwt.go:68.2,69.16 2 0
github.com/keshablive/quester/internal/framework/auth/jwt.go:69.16,70.84 1 0
github.com/keshablive/quester/internal/framework/auth/jwt.go:73.2,74.16 2 0
github.com/keshablive/quester/internal/framework/auth/jwt.go:74.16,75.61 1 0
github.com/keshablive/quester/internal/framework/auth/jwt.go:79.2,80.16 2 0
github.com/keshablive/quester/internal/framework/auth/jwt.go:80.16,81.82 1 0
github.com/keshablive/quester/internal/framework/auth/jwt.go:84.2,85.16 2 0
github.com/keshablive/quester/internal/framework/auth/jwt.go:85.16,86.60 1 0
github.com/keshablive/quester/internal/framework/auth/jwt.go:92.61,93.17 1 0
github.com/keshablive/quester/internal/framework/auth/jwt.go:93.17,95.3 1 0
github.com/keshablive/quester/internal/framework/auth/jwt.go:97.2,111.16 5 0
github.com/keshablive/quester/internal/framework/auth/jwt.go:111.16,113.3 1 0
github.com/keshablive/quester/internal/framework/auth/jwt.go:115.2,115.25 1 0
github.com/keshablive/quester/internal/framework/auth/jwt.go:120.62,121.17 1 0
github.com/keshablive/quester/internal/framework/auth/jwt.go:121.17,123.3 1 0
github.com/keshablive/quester/internal/framework/auth/jwt.go:125.2,139.16 5 0
github.com/keshablive/quester/internal/framework/auth/jwt.go:139.16,141.3 1 0
github.com/keshablive/quester/internal/framework/auth/jwt.go:143.2,143.25 1 0
github.com/keshablive/quester/internal/framework/auth/jwt.go:148.63,149.23 1 0
github.com/keshablive/quester/internal/framework/auth/jwt.go:149.23,151.3 1 0
github.com/keshablive/quester/internal/framework/auth/jwt.go:154.2,154.110 1 0
github.com/keshablive/quester/internal/framework/auth/jwt.go:154.110,156.57 1 0
github.com/keshablive/quester/internal/framework/auth/jwt.go:156.57,158.4 1 0
github.com/keshablive/quester/internal/framework/auth/jwt.go:159.3,159.24 1 0
github.com/keshablive/quester/internal/framework/auth/jwt.go:162.2,162.16 1 0
github.com/keshablive/quester/internal/framework/auth/jwt.go:162.16,164.3 1 0
github.com/keshablive/quester/internal/framework/auth/jwt.go:167.2,168.25 2 0
github.com/keshablive/quester/internal/framework/auth/jwt.go:168.25,170.3 1 0
github.com/keshablive/quester/internal/framework/auth/jwt.go:172.2,172.20 1 0
github.com/keshablive/quester/internal/framework/auth/jwt.go:177.63,178.23 1 0
github.com/keshablive/quester/internal/framework/auth/jwt.go:178.23,180.3 1 0
github.com/keshablive/quester/internal/framework/auth/jwt.go:183.2,185.16 3 0
github.com/keshablive/quester/internal/framework/auth/jwt.go:185.16,187.3 1 0
github.com/keshablive/quester/internal/framework/auth/jwt.go:189.2,190.9 2 0
github.com/keshablive/quester/internal/framework/auth/jwt.go:190.9,192.3 1 0
github.com/keshablive/quester/internal/framework/auth/jwt.go:194.2,194.20 1 0
github.com/keshablive/quester/internal/framework/auth/jwt.go:198.59,199.19 1 0
github.com/keshablive/quester/internal/framework/auth/jwt.go:199.19,201.3 1 0
github.com/keshablive/quester/internal/framework/auth/jwt.go:203.2,204.16 2 0
github.com/keshablive/quester/internal/framework/auth/jwt.go:204.16,206.3 1 0
github.com/keshablive/quester/internal/framework/auth/jwt.go:208.2,208.20 1 0
github.com/keshablive/quester/internal/framework/auth/jwt.go:212.61,213.19 1 0
github.com/keshablive/quester/internal/framework/auth/jwt.go:213.19,215.3 1 0
github.com/keshablive/quester/internal/framework/auth/jwt.go:217.2,218.16 2 0
github.com/keshablive/quester/internal/framework/auth/jwt.go:218.16,220.3 1 0
github.com/keshablive/quester/internal/framework/auth/jwt.go:222.2,222.22 1 0
github.com/keshablive/quester/internal/framework/auth/password.go:18.52,20.20 1 0
github.com/keshablive/quester/internal/framework/auth/password.go:20.20,22.3 1 0
github.com/keshablive/quester/internal/framework/auth/password.go:25.2,26.16 2 0
github.com/keshablive/quester/internal/framework/auth/password.go:26.16,28.3 1 0
github.com/keshablive/quester/internal/framework/auth/password.go:30.2,30.26 1 0
github.com/keshablive/quester/internal/framework/auth/password.go:35.51,37.20 1 0
github.com/keshablive/quester/internal/framework/auth/password.go:37.20,39.3 1 0
github.com/keshablive/quester/internal/framework/auth/password.go:41.2,41.16 1 0
github.com/keshablive/quester/internal/framework/auth/password.go:41.16,43.3 1 0
github.com/keshablive/quester/internal/framework/auth/password.go:46.2,47.16 2 0
github.com/keshablive/quester/internal/framework/auth/password.go:47.16,48.49 1 0
github.com/keshablive/quester/internal/framework/auth/password.go:48.49,50.4 1 0
github.com/keshablive/quester/internal/framework/auth/password.go:51.3,51.59 1 0
github.com/keshablive/quester/internal/framework/auth/password.go:54.2,54.12 1 0
github.com/keshablive/quester/internal/framework/auth/password.go:61.44,63.2 1 0
github.com/keshablive/quester/internal/framework/auth/password.go:66.70,68.2 1 0
github.com/keshablive/quester/internal/framework/cache/cache.go:24.36,27.16 2 0
github.com/keshablive/quester/internal/framework/cache/cache.go:27.16,29.3 1 0
github.com/keshablive/quester/internal/framework/cache/cache.go:32.2,32.24 1 0
github.com/keshablive/quester/internal/framework/cache/cache.go:32.24,34.3 1 0
github.com/keshablive/quester/internal/framework/cache/cache.go:37.2,37.17 1 0
github.com/keshablive/quester/internal/framework/cache/cache.go:37.17,39.3 1 0
github.com/keshablive/quester/internal/framework/cache/cache.go:42.2,48.47 4 0
github.com/keshablive/quester/internal/framework/cache/cache.go:48.47,50.3 1 0
github.com/keshablive/quester/internal/framework/cache/cache.go:52.2,52.12 1 0
github.com/keshablive/quester/internal/framework/cache/cache.go:56.20,57.19 1 0
github.com/keshablive/quester/internal/framework/cache/cache.go:57.19,59.3 1 0
github.com/keshablive/quester/internal/framework/cache/cache.go:60.2,60.23 1 0
github.com/keshablive/quester/internal/framework/cache/cache.go:64.59,65.19 1 0
github.com/keshablive/quester/internal/framework/cache/cache.go:65.19,67.3 1 0
github.com/keshablive/quester/internal/framework/cache/cache.go:69.2,70.22 2 0
github.com/keshablive/quester/internal/framework/cache/cache.go:70.22,72.3 1 0
github.com/keshablive/quester/internal/framework/cache/cache.go:73.2,73.16 1 0
github.com/keshablive/quester/internal/framework/cache/cache.go:73.16,75.3 1 0
github.com/keshablive/quester/internal/framework/cache/cache.go:77.2,77.17 1 0
github.com/keshablive/quester/internal/framework/cache/cache.go:81.87,82.19 1 0
github.com/keshablive/quester/internal/framework/cache/cache.go:82.19,84.3 1 0
github.com/keshablive/quester/internal/framework/cache/cache.go:87.2,88.27 2 0
github.com/keshablive/quester/internal/framework/cache/cache.go:89.14,90.15 1 0
github.com/keshablive/quester/internal/framework/cache/cache.go:91.14,92.23 1 0
github.com/keshablive/quester/internal/framework/cache/cache.go:93.10,96.17 2 0
github.com/keshablive/quester/internal/framework/cache/cache.go:96.17,98.4 1 0
github.com/keshablive/quester/internal/framework/cache/cache.go:99.3,99.31 1 0
github.com/keshablive/quester/internal/framework/cache/cache.go:102.2,102.66 1 0
github.com/keshablive/quester/internal/framework/cache/cache.go:102.66,104.3 1 0
github.com/keshablive/quester/internal/framework/cache/cache.go:106.2,106.12 1 0
github.com/keshablive/quester/internal/framework/cache/cache.go:110.52,111.19 1 0
github.com/keshablive/quester/internal/framework/cache/cache.go:111.19,113.3 1 0
github.com/keshablive/quester/internal/framework/cache/cache.go:115.2,115.51 1 0
github.com/keshablive/quester/internal/framework/cache/cache.go:115.51,117.3 1 0
github.com/keshablive/quester/internal/framework/cache/cache.go:119.2,119.12 1 0
github.com/keshablive/quester/internal/framework/cache/cache.go:124.97,125.19 1 0
github.com/keshablive/quester/internal/framework/cache/cache.go:125.19,127.3 1 0
github.com/keshablive/quester/internal/framework/cache/cache.go:130.2,131.27 2 0
github.com/keshablive/quester/internal/framework/cache/cache.go:132.14,133.15 1 0
github.com/keshablive/quester/internal/framework/cache/cache.go:134.14,135.23 1 0
github.com/keshablive/quester/internal/framework/cache/cache.go:136.10,138.17 2 0
github.com/keshablive/quester/internal/framework/cache/cache.go:138.17,140.4 1 0
github.com/keshablive/quester/internal/framework/cache/cache.go:141.3,141.31 1 0
github.com/keshablive/quester/internal/framework/cache/cache.go:144.2,145.16 2 0
github.com/keshablive/quester/internal/framework/cache/cache.go:145.16,147.3 1 0
github.com/keshablive/quester/internal/framework/cache/cache.go:149.2,149.20 1 0
github.com/keshablive/quester/internal/framework/cache/cache.go:153.66,154.19 1 0
github.com/keshablive/quester/internal/framework/cache/cache.go:154.19,156.3 1 0
github.com/keshablive/quester/internal/framework/cache/cache.go:158.2,159.16 2 0
github.com/keshablive/quester/internal/framework/cache/cache.go:159.16,161.3 1 0
github.com/keshablive/quester/internal/framework/cache/cache.go:163.2,163.17 1 0
github.com/keshablive/quester/internal/framework/cache/cache.go:167.64,168.19 1 0
github.com/keshablive/quester/internal/framework/cache/cache.go:168.19,170.3 1 0
github.com/keshablive/quester/internal/framework/cache/cache.go:172.2,173.16 2 0
github.com/keshablive/quester/internal/framework/cache/cache.go:173.16,175.3 1 0
github.com/keshablive/quester/internal/framework/cache/cache.go:177.2,177.17 1 0
github.com/keshablive/quester/internal/framework/cache/cache.go:181.93,182.19 1 0
github.com/keshablive/quester/internal/framework/cache/cache.go:182.19,184.3 1 0
github.com/keshablive/quester/internal/framework/cache/cache.go:186.2,191.16 5 0
github.com/keshablive/quester/internal/framework/cache/cache.go:191.16,193.3 1 0
github.com/keshablive/quester/internal/framework/cache/cache.go:195.2,195.27 1 0
github.com/keshablive/quester/internal/framework/cache/cache.go:199.60,200.19 1 0
github.com/keshablive/quester/internal/framework/cache/cache.go:200.19,202.3 1 0
github.com/keshablive/quester/internal/framework/cache/cache.go:204.2,205.16 2 0
github.com/keshablive/quester/internal/framework/cache/cache.go:205.16,207.3 1 0
github.com/keshablive/quester/internal/framework/cache/cache.go:209.2,209.23 1 0
github.com/keshablive/quester/internal/framework/cache/cache.go:213.21,214.19 1 0
github.com/keshablive/quester/internal/framework/cache/cache.go:214.19,216.3 1 0
github.com/keshablive/quester/internal/framework/cache/cache.go:218.2,221.31 3 0
github.com/keshablive/quester/internal/framework/cache/cache.go:225.71,226.19 1 0
github.com/keshablive/quester/internal/framework/cache/cache.go:226.19,228.3 1 0
github.com/keshablive/quester/internal/framework/cache/cache.go:230.2,231.16 2 0
github.com/keshablive/quester/internal/framework/cache/cache.go:231.16,233.3 1 0
github.com/keshablive/quester/internal/framework/cache/cache.go:235.2,235.58 1 0
github.com/keshablive/quester/internal/framework/cache/cache.go:235.58,237.3 1 0
github.com/keshablive/quester/internal/framework/cache/cache.go:239.2,239.12 1 0
github.com/keshablive/quester/internal/framework/cache/cache.go:243.91,244.19 1 0
github.com/keshablive/quester/internal/framework/cache/cache.go:244.19,246.3 1 0
github.com/keshablive/quester/internal/framework/cache/cache.go:248.2,249.16 2 0
github.com/keshablive/quester/internal/framework/cache/cache.go:249.16,251.3 1 0
github.com/keshablive/quester/internal/framework/cache/cache.go:253.2,253.46 1 0
github.com/keshablive/quester/internal/framework/cache/redis_client.go:39.37,54.2 1 0
github.com/keshablive/quester/internal/framework/cache/redis_client.go:57.71,59.16 2 0
github.com/keshablive/quester/internal/framework/cache/redis_client.go:59.16,61.3 1 0
github.com/keshablive/quester/internal/framework/cache/redis_client.go:64.2,82.47 15 0
github.com/keshablive/quester/internal/framework/cache/redis_client.go:82.47,84.3 1 0
github.com/keshablive/quester/internal/framework/cache/redis_client.go:86.2,86.48 1 0
github.com/keshablive/quester/internal/framework/cache/redis_client.go:90.52,92.2 1 0
github.com/keshablive/quester/internal/framework/cache/redis_client.go:95.43,97.2 1 0
github.com/keshablive/quester/internal/framework/cache/redis_client.go:100.68,102.2 1 0
github.com/keshablive/quester/internal/framework/cache/redis_client.go:107.117,109.2 1 0
github.com/keshablive/quester/internal/framework/cache/redis_client.go:112.82,114.2 1 0
github.com/keshablive/quester/internal/framework/cache/redis_client.go:117.76,119.2 1 0
github.com/keshablive/quester/internal/framework/cache/redis_client.go:122.88,124.2 1 0
github.com/keshablive/quester/internal/framework/cache/redis_client.go:127.101,129.2 1 0
github.com/keshablive/quester/internal/framework/cache/redis_client.go:134.96,136.2 1 0
github.com/keshablive/quester/internal/framework/cache/redis_client.go:139.90,141.2 1 0
github.com/keshablive/quester/internal/framework/cache/redis_client.go:144.97,146.2 1 0
github.com/keshablive/quester/internal/framework/cache/redis_client.go:149.91,151.2 1 0
github.com/keshablive/quester/internal/framework/cache/redis_client.go:156.93,158.2 1 0
github.com/keshablive/quester/internal/framework/cache/redis_client.go:161.117,163.2 1 0
github.com/keshablive/quester/internal/framework/cache/redis_client.go:167.120,169.2 1 0
github.com/keshablive/quester/internal/framework/cache/redis_client.go:172.97,174.2 1 0
github.com/keshablive/quester/internal/framework/cache/redis_client.go:177.121,179.2 1 0
github.com/keshablive/quester/internal/framework/cache/redis_client.go:184.82,186.2 1 0
github.com/keshablive/quester/internal/framework/cache/redis_client.go:189.97,191.2 1 0
github.com/keshablive/quester/internal/framework/cache/redis_client.go:194.82,196.2 1 0
github.com/keshablive/quester/internal/framework/cache/redis_client.go:199.97,201.2 1 0
github.com/keshablive/quester/internal/framework/cache/redis_client.go:206.97,208.2 1 0
github.com/keshablive/quester/internal/framework/cache/redis_client.go:211.97,213.2 1 0
github.com/keshablive/quester/internal/framework/cache/redis_client.go:216.89,218.2 1 0
github.com/keshablive/quester/internal/framework/cache/redis_client.go:221.106,223.2 1 0
github.com/keshablive/quester/internal/framework/cache/redis_client.go:226.83,228.2 1 0
github.com/keshablive/quester/internal/framework/container/container.go:24.23,28.2 1 0
github.com/keshablive/quester/internal/framework/container/container.go:32.79,34.2 1 0
github.com/keshablive/quester/internal/framework/container/container.go:38.79,40.2 1 0
github.com/keshablive/quester/internal/framework/container/container.go:43.30,50.2 5 0
github.com/keshablive/quester/internal/framework/container/container.go:53.61,55.51 2 0
github.com/keshablive/quester/internal/framework/container/container.go:55.51,57.3 1 0
github.com/keshablive/quester/internal/framework/container/container.go:58.2,60.12 3 0
github.com/keshablive/quester/internal/framework/container/container.go:64.38,67.2 2 0
github.com/keshablive/quester/internal/framework/container/container.go:70.63,81.16 4 0
github.com/keshablive/quester/internal/framework/container/container.go:81.16,83.3 1 0
github.com/keshablive/quester/internal/framework/container/container.go:85.2,85.20 1 0
github.com/keshablive/quester/internal/framework/container/container.go:90.58,92.16 2 0
github.com/keshablive/quester/internal/framework/container/container.go:92.16,93.79 1 0
github.com/keshablive/quester/internal/framework/container/container.go:95.2,95.17 1 0
github.com/keshablive/quester/internal/framework/container/container.go:101.62,103.16 2 0
github.com/keshablive/quester/internal/framework/container/container.go:103.16,106.3 2 0
github.com/keshablive/quester/internal/framework/container/container.go:107.2,107.17 1 0
github.com/keshablive/quester/internal/framework/container/container.go:112.63,115.21 3 0
github.com/keshablive/quester/internal/framework/container/container.go:115.21,117.3 1 0
github.com/keshablive/quester/internal/framework/container/container.go:119.2,120.9 2 0
github.com/keshablive/quester/internal/framework/container/container.go:120.9,123.3 2 0
github.com/keshablive/quester/internal/framework/container/container.go:125.2,125.14 1 0
github.com/keshablive/quester/internal/framework/container/container.go:130.64,133.16 3 0
github.com/keshablive/quester/internal/framework/container/container.go:133.16,135.3 1 0
github.com/keshablive/quester/internal/framework/container/container.go:137.2,138.9 2 0
github.com/keshablive/quester/internal/framework/container/container.go:138.9,140.3 1 0
github.com/keshablive/quester/internal/framework/container/container.go:142.2,142.19 1 0
github.com/keshablive/quester/internal/framework/container/container.go:146.59,148.16 2 0
github.com/keshablive/quester/internal/framework/container/container.go:148.16,149.79 1 0
github.com/keshablive/quester/internal/framework/container/container.go:151.2,151.14 1 0
github.com/keshablive/quester/internal/framework/container/container.go:155.98,157.24 1 0
github.com/keshablive/quester/internal/framework/container/container.go:157.24,162.3 1 0
github.com/keshablive/quester/internal/framework/container/container.go:165.2,166.13 2 0
github.com/keshablive/quester/internal/framework/container/container.go:166.13,168.3 1 0
github.com/keshablive/quester/internal/framework/container/container.go:171.2,171.32 1 0
github.com/keshablive/quester/internal/framework/container/container.go:171.32,172.53 1 0
github.com/keshablive/quester/internal/framework/container/container.go:172.53,174.4 1 0
github.com/keshablive/quester/internal/framework/container/container.go:178.2,183.16 4 0
github.com/keshablive/quester/internal/framework/container/container.go:183.16,188.3 1 0
github.com/keshablive/quester/internal/framework/container/container.go:191.2,191.32 1 0
github.com/keshablive/quester/internal/framework/container/container.go:191.32,193.3 1 0
github.com/keshablive/quester/internal/framework/container/container.go:195.2,195.22 1 0
github.com/keshablive/quester/internal/framework/container/container.go:199.43,201.2 1 0
github.com/keshablive/quester/internal/framework/container/container.go:204.33,206.2 1 0
github.com/keshablive/quester/internal/framework/container/container.go:209.37,211.2 1 0
github.com/keshablive/quester/internal/framework/container/container.go:215.57,219.2 1 0
github.com/keshablive/quester/internal/framework/container/errors.go:10.50,12.2 1 0
github.com/keshablive/quester/internal/framework/container/errors.go:20.48,22.2 1 0
github.com/keshablive/quester/internal/framework/container/errors.go:30.50,32.2 1 0
github.com/keshablive/quester/internal/framework/container/errors.go:34.50,36.2 1 0
github.com/keshablive/quester/internal/framework/container/errors.go:43.44,45.2 1 0
github.com/keshablive/quester/internal/framework/container/errors.go:54.50,56.18 2 0
github.com/keshablive/quester/internal/framework/container/errors.go:56.18,58.3 1 0
github.com/keshablive/quester/internal/framework/container/errors.go:59.2,59.12 1 0
github.com/keshablive/quester/internal/framework/container/errors.go:69.48,71.17 2 0
github.com/keshablive/quester/internal/framework/container/errors.go:71.17,73.3 1 0
github.com/keshablive/quester/internal/framework/container/errors.go:74.2,74.86 1 0
github.com/keshablive/quester/internal/framework/container/lifecycle.go:29.56,33.2 3 0
github.com/keshablive/quester/internal/framework/container/lifecycle.go:36.64,40.2 3 0
github.com/keshablive/quester/internal/framework/container/lifecycle.go:49.48,53.2 1 0
github.com/keshablive/quester/internal/framework/container/lifecycle.go:56.55,60.2 3 0
github.com/keshablive/quester/internal/framework/container/lifecycle.go:63.36,66.23 3 0
github.com/keshablive/quester/internal/framework/container/lifecycle.go:66.23,68.3 1 0
github.com/keshablive/quester/internal/framework/container/lifecycle.go:72.64,75.32 3 0
github.com/keshablive/quester/internal/framework/container/lifecycle.go:75.32,76.26 1 0
github.com/keshablive/quester/internal/framework/container/lifecycle.go:76.26,78.4 1 0
github.com/keshablive/quester/internal/framework/container/lifecycle.go:80.2,80.14 1 0
github.com/keshablive/quester/internal/framework/container/lifecycle.go:84.50,90.2 5 0
github.com/keshablive/quester/internal/framework/container/registry.go:14.30,18.2 1 0
github.com/keshablive/quester/internal/framework/container/registry.go:21.90,22.20 1 0
github.com/keshablive/quester/internal/framework/container/registry.go:22.20,24.3 1 0
github.com/keshablive/quester/internal/framework/container/registry.go:26.2,36.12 4 0
github.com/keshablive/quester/internal/framework/container/registry.go:40.64,46.2 4 0
github.com/keshablive/quester/internal/framework/container/registry.go:49.42,55.2 4 0
github.com/keshablive/quester/internal/framework/container/registry.go:58.32,63.2 3 0
github.com/keshablive/quester/internal/framework/container/registry.go:66.36,71.31 4 0
github.com/keshablive/quester/internal/framework/container/registry.go:71.31,73.3 1 0
github.com/keshablive/quester/internal/framework/container/registry.go:74.2,74.14 1 0
github.com/keshablive/quester/internal/framework/config/config.go:210.30,320.39 6 0
github.com/keshablive/quester/internal/framework/config/config.go:320.39,322.3 1 0
github.com/keshablive/quester/internal/framework/config/config.go:324.2,324.17 1 0
github.com/keshablive/quester/internal/framework/config/config.go:328.35,329.25 1 0
github.com/keshablive/quester/internal/framework/config/config.go:329.25,331.3 1 0
github.com/keshablive/quester/internal/framework/config/config.go:333.2,333.27 1 0
github.com/keshablive/quester/internal/framework/config/config.go:333.27,335.3 1 0
github.com/keshablive/quester/internal/framework/config/config.go:337.2,337.26 1 0
github.com/keshablive/quester/internal/framework/config/config.go:337.26,339.3 1 0
github.com/keshablive/quester/internal/framework/config/config.go:341.2,341.24 1 0
github.com/keshablive/quester/internal/framework/config/config.go:341.24,343.3 1 0
github.com/keshablive/quester/internal/framework/config/config.go:345.2,345.12 1 0
github.com/keshablive/quester/internal/framework/config/config.go:350.46,351.42 1 0
github.com/keshablive/quester/internal/framework/config/config.go:351.42,353.3 1 0
github.com/keshablive/quester/internal/framework/config/config.go:354.2,354.21 1 0
github.com/keshablive/quester/internal/framework/config/config.go:357.52,358.42 1 0
github.com/keshablive/quester/internal/framework/config/config.go:358.42,359.53 1 0
github.com/keshablive/quester/internal/framework/config/config.go:359.53,361.4 1 0
github.com/keshablive/quester/internal/framework/config/config.go:363.2,363.21 1 0
github.com/keshablive/quester/internal/framework/config/config.go:366.55,367.42 1 0
github.com/keshablive/quester/internal/framework/config/config.go:367.42,368.59 1 0
github.com/keshablive/quester/internal/framework/config/config.go:368.59,370.4 1 0
github.com/keshablive/quester/internal/framework/config/config.go:372.2,372.21 1 0
github.com/keshablive/quester/internal/framework/config/config.go:375.62,376.42 1 0
github.com/keshablive/quester/internal/framework/config/config.go:376.42,377.65 1 0
github.com/keshablive/quester/internal/framework/config/config.go:377.65,379.4 1 0
github.com/keshablive/quester/internal/framework/config/config.go:381.2,381.21 1 0
github.com/keshablive/quester/internal/framework/config/config.go:384.77,385.42 1 0
github.com/keshablive/quester/internal/framework/config/config.go:385.42,386.61 1 0
github.com/keshablive/quester/internal/framework/config/config.go:386.61,388.4 1 0
github.com/keshablive/quester/internal/framework/config/config.go:390.2,390.21 1 0
github.com/keshablive/quester/internal/framework/config/config.go:393.64,394.42 1 0
github.com/keshablive/quester/internal/framework/config/config.go:394.42,398.30 3 0
github.com/keshablive/quester/internal/framework/config/config.go:398.30,399.19 1 0
github.com/keshablive/quester/internal/framework/config/config.go:399.19,400.22 1 0
github.com/keshablive/quester/internal/framework/config/config.go:400.22,403.6 2 0
github.com/keshablive/quester/internal/framework/config/config.go:404.10,406.5 1 0
github.com/keshablive/quester/internal/framework/config/config.go:408.3,408.20 1 0
github.com/keshablive/quester/internal/framework/config/config.go:408.20,410.4 1 0
github.com/keshablive/quester/internal/framework/config/config.go:411.3,411.16 1 0
github.com/keshablive/quester/internal/framework/config/config.go:413.2,413.21 1 0
github.com/keshablive/quester/internal/framework/config/config.go:417.39,425.22 3 0
github.com/keshablive/quester/internal/framework/config/config.go:425.22,427.36 2 0
github.com/keshablive/quester/internal/framework/config/config.go:427.36,429.23 2 0
github.com/keshablive/quester/internal/framework/config/config.go:429.23,431.5 1 0
github.com/keshablive/quester/internal/framework/config/config.go:435.2,435.14 1 0
github.com/keshablive/quester/internal/framework/config/config.go:439.59,441.28 1 0
github.com/keshablive/quester/internal/framework/config/config.go:441.28,443.3 1 0
github.com/keshablive/quester/internal/framework/config/config.go:446.2,446.53 1 0
github.com/keshablive/quester/internal/framework/config/config.go:446.53,448.3 1 0
github.com/keshablive/quester/internal/framework/config/config.go:450.2,450.14 1 0
github.com/keshablive/quester/internal/framework/config/config.go:454.42,456.20 2 0
github.com/keshablive/quester/internal/framework/config/config.go:456.20,458.3 1 0
github.com/keshablive/quester/internal/framework/config/config.go:460.2,470.18 2 0
github.com/keshablive/quester/internal/framework/config/config.go:471.13,477.54 5 0
github.com/keshablive/quester/internal/framework/config/config.go:477.54,479.4 1 0
github.com/keshablive/quester/internal/framework/config/config.go:481.13,489.53 6 0
github.com/keshablive/quester/internal/framework/config/config.go:489.53,491.4 1 0
github.com/keshablive/quester/internal/framework/config/config.go:493.15,500.85 6 0
github.com/keshablive/quester/internal/framework/config/config.go:500.85,502.4 1 0
github.com/keshablive/quester/internal/framework/config/config.go:504.3,504.29 1 0
github.com/keshablive/quester/internal/framework/config/config.go:504.29,506.4 1 0
github.com/keshablive/quester/internal/framework/config/config.go:508.14,510.29 2 0
github.com/keshablive/quester/internal/framework/config/config.go:510.29,512.4 1 0
github.com/keshablive/quester/internal/framework/config/config.go:514.10,515.102 1 0
github.com/keshablive/quester/internal/framework/config/config.go:518.2,518.20 1 0
github.com/keshablive/quester/internal/framework/config/config.go:522.40,523.20 1 0
github.com/keshablive/quester/internal/framework/config/config.go:524.13,525.73 1 0
github.com/keshablive/quester/internal/framework/config/config.go:526.13,528.60 1 0
github.com/keshablive/quester/internal/framework/config/config.go:529.15,530.80 1 0
github.com/keshablive/quester/internal/framework/config/config.go:531.14,532.47 1 0
github.com/keshablive/quester/internal/framework/config/config.go:533.10,534.12 1 0
github.com/keshablive/quester/internal/framework/config/config.go:539.38,540.97 1 0
github.com/keshablive/quester/internal/framework/config/config.go:540.97,542.3 1 0
github.com/keshablive/quester/internal/framework/config/config.go:544.2,544.23 1 0
github.com/keshablive/quester/internal/framework/config/config.go:544.23,546.3 1 0
github.com/keshablive/quester/internal/framework/config/config.go:548.2,548.27 1 0
github.com/keshablive/quester/internal/framework/config/config.go:548.27,550.3 1 0
github.com/keshablive/quester/internal/framework/config/config.go:552.2,552.12 1 0
github.com/keshablive/quester/internal/framework/config/config.go:556.53,557.30 1 0
github.com/keshablive/quester/internal/framework/config/config.go:557.30,559.3 1 0
github.com/keshablive/quester/internal/framework/config/config.go:560.2,560.23 1 0
github.com/keshablive/quester/internal/framework/config/config.go:560.23,562.3 1 0
github.com/keshablive/quester/internal/framework/config/config.go:563.2,563.29 1 0
github.com/keshablive/quester/internal/framework/config/config.go:563.29,565.3 1 0
github.com/keshablive/quester/internal/framework/config/config.go:566.2,566.30 1 0
github.com/keshablive/quester/internal/framework/config/config.go:566.30,568.3 1 0
github.com/keshablive/quester/internal/framework/config/config.go:569.2,569.12 1 0
github.com/keshablive/quester/internal/framework/config/config.go:573.48,574.23 1 0
github.com/keshablive/quester/internal/framework/config/config.go:574.23,576.3 1 0
github.com/keshablive/quester/internal/framework/config/config.go:577.2,577.26 1 0
github.com/keshablive/quester/internal/framework/config/config.go:577.26,579.3 1 0
github.com/keshablive/quester/internal/framework/config/config.go:580.2,580.23 1 0
github.com/keshablive/quester/internal/framework/config/config.go:580.23,582.3 1 0
github.com/keshablive/quester/internal/framework/config/config.go:583.2,583.27 1 0
github.com/keshablive/quester/internal/framework/config/config.go:583.27,585.3 1 0
github.com/keshablive/quester/internal/framework/config/config.go:586.2,586.23 1 0
github.com/keshablive/quester/internal/framework/config/config.go:586.23,588.3 1 0
github.com/keshablive/quester/internal/framework/config/config.go:589.2,589.25 1 0
github.com/keshablive/quester/internal/framework/config/config.go:589.25,591.3 1 0
github.com/keshablive/quester/internal/framework/config/config.go:592.2,592.12 1 0
github.com/keshablive/quester/internal/framework/config/config.go:596.53,597.30 1 0
github.com/keshablive/quester/internal/framework/config/config.go:597.30,599.3 1 0
github.com/keshablive/quester/internal/framework/config/config.go:600.2,600.23 1 0
github.com/keshablive/quester/internal/framework/config/config.go:600.23,602.3 1 0
github.com/keshablive/quester/internal/framework/config/config.go:603.2,603.25 1 0
github.com/keshablive/quester/internal/framework/config/config.go:603.25,605.3 1 0
github.com/keshablive/quester/internal/framework/config/config.go:606.2,606.24 1 0
github.com/keshablive/quester/internal/framework/config/config.go:606.24,608.3 1 0
github.com/keshablive/quester/internal/framework/config/config.go:609.2,609.12 1 0
github.com/keshablive/quester/internal/framework/config/config.go:613.51,614.28 1 0
github.com/keshablive/quester/internal/framework/config/config.go:614.28,616.3 1 0
github.com/keshablive/quester/internal/framework/config/config.go:617.2,617.29 1 0
github.com/keshablive/quester/internal/framework/config/config.go:617.29,619.3 1 0
github.com/keshablive/quester/internal/framework/config/config.go:620.2,620.32 1 0
github.com/keshablive/quester/internal/framework/config/config.go:620.32,622.3 1 0
github.com/keshablive/quester/internal/framework/config/config.go:623.2,623.27 1 0
github.com/keshablive/quester/internal/framework/config/config.go:623.27,625.3 1 0
github.com/keshablive/quester/internal/framework/config/config.go:626.2,626.23 1 0
github.com/keshablive/quester/internal/framework/config/config.go:626.23,628.3 1 0
github.com/keshablive/quester/internal/framework/config/config.go:629.2,629.25 1 0
github.com/keshablive/quester/internal/framework/config/config.go:629.25,631.3 1 0
github.com/keshablive/quester/internal/framework/config/config.go:632.2,632.12 1 0
github.com/keshablive/quester/internal/framework/database/database.go:30.36,35.20 3 0
github.com/keshablive/quester/internal/framework/database/database.go:35.20,37.3 1 0
github.com/keshablive/quester/internal/framework/database/database.go:37.8,39.3 1 0
github.com/keshablive/quester/internal/framework/database/database.go:42.2,44.29 1 0
github.com/keshablive/quester/internal/framework/database/database.go:44.29,46.4 1 0
github.com/keshablive/quester/internal/framework/database/database.go:52.2,53.16 2 0
github.com/keshablive/quester/internal/framework/database/database.go:53.16,55.3 1 0
github.com/keshablive/quester/internal/framework/database/database.go:58.2,59.16 2 0
github.com/keshablive/quester/internal/framework/database/database.go:59.16,61.3 1 0
github.com/keshablive/quester/internal/framework/database/database.go:64.2,69.37 4 0
github.com/keshablive/quester/internal/framework/database/database.go:69.37,71.3 1 0
github.com/keshablive/quester/internal/framework/database/database.go:74.2,74.55 1 0
github.com/keshablive/quester/internal/framework/database/database.go:74.55,77.3 1 0
github.com/keshablive/quester/internal/framework/database/database.go:79.2,82.12 2 0
github.com/keshablive/quester/internal/framework/database/database.go:86.20,87.15 1 0
github.com/keshablive/quester/internal/framework/database/database.go:87.15,89.3 1 0
github.com/keshablive/quester/internal/framework/database/database.go:91.2,92.16 2 0
github.com/keshablive/quester/internal/framework/database/database.go:92.16,94.3 1 0
github.com/keshablive/quester/internal/framework/database/database.go:96.2,96.22 1 0
github.com/keshablive/quester/internal/framework/database/database.go:100.47,101.15 1 0
github.com/keshablive/quester/internal/framework/database/database.go:101.15,103.3 1 0
github.com/keshablive/quester/internal/framework/database/database.go:105.2,105.34 1 0
github.com/keshablive/quester/internal/framework/database/database.go:110.65,111.36 1 0
github.com/keshablive/quester/internal/framework/database/database.go:111.36,113.3 1 0
github.com/keshablive/quester/internal/framework/database/database.go:117.46,118.15 1 0
github.com/keshablive/quester/internal/framework/database/database.go:118.15,120.3 1 0
github.com/keshablive/quester/internal/framework/database/database.go:121.2,121.41 1 0
github.com/keshablive/quester/internal/framework/database/database.go:125.52,126.15 1 0
github.com/keshablive/quester/internal/framework/database/database.go:126.15,128.3 1 0
github.com/keshablive/quester/internal/framework/database/database.go:130.2,130.27 1 0
github.com/keshablive/quester/internal/framework/database/database.go:134.84,135.15 1 0
github.com/keshablive/quester/internal/framework/database/database.go:135.15,137.3 1 0
github.com/keshablive/quester/internal/framework/database/database.go:139.2,139.44 1 0
github.com/keshablive/quester/internal/framework/database/database.go:143.21,144.15 1 0
github.com/keshablive/quester/internal/framework/database/database.go:144.15,146.3 1 0
github.com/keshablive/quester/internal/framework/database/database.go:148.2,149.16 2 0
github.com/keshablive/quester/internal/framework/database/database.go:149.16,151.3 1 0
github.com/keshablive/quester/internal/framework/database/database.go:153.2,156.31 3 0
github.com/keshablive/quester/internal/framework/database/database.go:167.33,168.15 1 0
github.com/keshablive/quester/internal/framework/database/database.go:168.15,170.3 1 0
github.com/keshablive/quester/internal/framework/database/database.go:172.2,173.16 2 0
github.com/keshablive/quester/internal/framework/database/database.go:173.16,175.3 1 0
github.com/keshablive/quester/internal/framework/database/database.go:177.2,183.8 2 0
github.com/keshablive/quester/internal/framework/database/database.go:187.52,188.12 1 0
github.com/keshablive/quester/internal/framework/database/database.go:188.12,192.22 3 0
github.com/keshablive/quester/internal/framework/database/database.go:192.22,193.17 1 0
github.com/keshablive/quester/internal/framework/database/database.go:193.17,194.13 1 0
github.com/keshablive/quester/internal/framework/database/database.go:197.4,198.18 2 0
github.com/keshablive/quester/internal/framework/database/database.go:198.18,199.13 1 0
github.com/keshablive/quester/internal/framework/database/database.go:202.4,203.60 2 0
github.com/keshablive/quester/internal/framework/metrics/gorm.go:14.43,16.2 1 0
github.com/keshablive/quester/internal/framework/metrics/gorm.go:19.59,23.2 2 0
github.com/keshablive/quester/internal/framework/metrics/gorm.go:26.37,28.95 1 0
github.com/keshablive/quester/internal/framework/metrics/gorm.go:28.95,30.3 1 0
github.com/keshablive/quester/internal/framework/metrics/gorm.go:33.2,33.92 1 0
github.com/keshablive/quester/internal/framework/metrics/gorm.go:33.92,35.3 1 0
github.com/keshablive/quester/internal/framework/metrics/gorm.go:38.2,38.95 1 0
github.com/keshablive/quester/internal/framework/metrics/gorm.go:38.95,40.3 1 0
github.com/keshablive/quester/internal/framework/metrics/gorm.go:43.2,43.95 1 0
github.com/keshablive/quester/internal/framework/metrics/gorm.go:43.95,45.3 1 0
github.com/keshablive/quester/internal/framework/metrics/gorm.go:48.2,48.86 1 0
github.com/keshablive/quester/internal/framework/metrics/gorm.go:48.86,50.3 1 0
github.com/keshablive/quester/internal/framework/metrics/gorm.go:53.2,53.86 1 0
github.com/keshablive/quester/internal/framework/metrics/gorm.go:53.86,55.3 1 0
github.com/keshablive/quester/internal/framework/metrics/gorm.go:59.49,62.9 2 0
github.com/keshablive/quester/internal/framework/metrics/gorm.go:62.9,66.3 2 0
github.com/keshablive/quester/internal/framework/metrics/gorm.go:69.2,72.64 2 0
github.com/keshablive/quester/internal/framework/metrics/gorm.go:76.39,77.25 1 0
github.com/keshablive/quester/internal/framework/metrics/gorm.go:77.25,79.3 1 0
github.com/keshablive/quester/internal/framework/metrics/gorm.go:81.2,81.30 1 0
github.com/keshablive/quester/internal/framework/metrics/gorm.go:81.30,83.3 1 0
github.com/keshablive/quester/internal/framework/metrics/gorm.go:85.2,85.32 1 0
github.com/keshablive/quester/internal/framework/metrics/gorm.go:85.32,87.3 1 0
github.com/keshablive/quester/internal/framework/metrics/gorm.go:89.2,89.18 1 0
github.com/keshablive/quester/internal/framework/metrics/gorm.go:93.43,101.2 6 0
github.com/keshablive/quester/internal/framework/metrics/gorm.go:104.34,106.2 1 0
github.com/keshablive/quester/internal/framework/metrics/gorm.go:109.44,116.2 3 0
github.com/keshablive/quester/internal/framework/metrics/handler.go:11.30,13.2 1 0
github.com/keshablive/quester/internal/framework/metrics/metrics.go:42.13,43.68 1 0
github.com/keshablive/quester/internal/framework/metrics/metrics.go:43.68,46.3 1 0
github.com/keshablive/quester/internal/framework/metrics/metrics.go:47.2,47.74 1 0
github.com/keshablive/quester/internal/framework/metrics/metrics.go:47.74,49.3 1 0
github.com/keshablive/quester/internal/framework/metrics/metrics.go:50.2,50.70 1 0
github.com/keshablive/quester/internal/framework/metrics/metrics.go:50.70,52.3 1 0
github.com/keshablive/quester/internal/framework/metrics/metrics.go:53.2,53.69 1 0
github.com/keshablive/quester/internal/framework/metrics/metrics.go:53.69,55.3 1 0
github.com/keshablive/quester/internal/framework/metrics/metrics.go:59.27,61.2 1 0
github.com/keshablive/quester/internal/framework/metrics/metrics.go:64.48,66.2 1 0
github.com/keshablive/quester/internal/framework/metrics/metrics.go:69.44,71.2 1 0
github.com/keshablive/quester/internal/framework/metrics/metrics.go:74.30,76.2 1 0
github.com/keshablive/quester/internal/framework/metrics/prometheus.go:405.116,412.2 5 0
github.com/keshablive/quester/internal/framework/metrics/prometheus.go:415.80,417.16 2 0
github.com/keshablive/quester/internal/framework/metrics/prometheus.go:417.16,419.3 1 0
github.com/keshablive/quester/internal/framework/metrics/prometheus.go:421.2,422.79 2 0
github.com/keshablive/quester/internal/framework/metrics/prometheus.go:426.48,429.2 2 0
github.com/keshablive/quester/internal/framework/metrics/prometheus.go:432.76,434.16 2 0
github.com/keshablive/quester/internal/framework/metrics/prometheus.go:434.16,436.3 1 0
github.com/keshablive/quester/internal/framework/metrics/prometheus.go:438.2,439.75 2 0
github.com/keshablive/quester/internal/framework/metrics/prometheus.go:443.44,445.2 1 0
github.com/keshablive/quester/internal/framework/metrics/prometheus.go:448.80,450.18 2 0
github.com/keshablive/quester/internal/framework/metrics/prometheus.go:450.18,452.3 1 0
github.com/keshablive/quester/internal/framework/metrics/prometheus.go:456.53,458.14 2 0
github.com/keshablive/quester/internal/framework/metrics/prometheus.go:458.14,460.3 1 0
github.com/keshablive/quester/internal/framework/metrics/prometheus.go:461.2,461.57 1 0
github.com/keshablive/quester/internal/framework/metrics/prometheus.go:465.50,468.2 2 0
github.com/keshablive/quester/internal/framework/metrics/prometheus.go:471.48,476.2 4 0
github.com/keshablive/quester/internal/framework/metrics/prometheus.go:479.25,481.2 1 0
github.com/keshablive/quester/internal/framework/metrics/prometheus.go:484.35,486.2 1 0
github.com/keshablive/quester/internal/framework/metrics/prometheus.go:489.31,491.2 1 0
github.com/keshablive/quester/internal/framework/metrics/prometheus.go:494.31,496.2 1 0
github.com/keshablive/quester/internal/framework/metrics/prometheus.go:499.47,501.2 1 0
github.com/keshablive/quester/internal/framework/metrics/prometheus.go:504.34,506.2 1 0
github.com/keshablive/quester/internal/framework/metrics/prometheus.go:509.24,511.2 1 0
github.com/keshablive/quester/internal/framework/metrics/prometheus.go:514.59,516.2 1 0
github.com/keshablive/quester/internal/framework/metrics/prometheus.go:519.69,521.2 1 0
github.com/keshablive/quester/internal/framework/metrics/prometheus.go:524.48,526.2 1 0
github.com/keshablive/quester/internal/framework/metrics/prometheus.go:529.36,533.2 3 0
github.com/keshablive/quester/internal/framework/metrics/prometheus.go:536.52,539.2 2 0
github.com/keshablive/quester/internal/framework/metrics/prometheus.go:542.27,544.2 1 0
github.com/keshablive/quester/internal/framework/metrics/prometheus.go:547.48,550.34 2 0
github.com/keshablive/quester/internal/framework/metrics/prometheus.go:550.34,552.3 1 0
github.com/keshablive/quester/internal/framework/metrics/prometheus.go:556.38,558.2 1 0
github.com/keshablive/quester/internal/framework/metrics/prometheus.go:561.82,565.2 3 0
github.com/keshablive/quester/internal/framework/metrics/prometheus.go:568.38,570.2 1 0
github.com/keshablive/quester/internal/framework/metrics/prometheus.go:573.34,575.2 1 0
github.com/keshablive/quester/internal/framework/metrics/prometheus.go:578.38,580.2 1 0
github.com/keshablive/quester/internal/framework/metrics/prometheus.go:583.35,585.2 1 0
github.com/keshablive/quester/internal/framework/metrics/prometheus.go:588.80,592.2 3 0
github.com/keshablive/quester/internal/framework/metrics/prometheus.go:595.53,597.13 2 0
github.com/keshablive/quester/internal/framework/metrics/prometheus.go:597.13,599.3 1 0
github.com/keshablive/quester/internal/framework/metrics/prometheus.go:600.2,600.64 1 0
github.com/keshablive/quester/internal/framework/metrics/prometheus.go:604.46,606.2 1 0
github.com/keshablive/quester/internal/framework/metrics/prometheus.go:609.43,610.34 1 0
github.com/keshablive/quester/internal/framework/metrics/prometheus.go:610.34,634.3 10 0
github.com/keshablive/quester/internal/framework/metrics/prometheus.go:661.46,744.2 1 0
github.com/keshablive/quester/internal/framework/metrics/prometheus.go:750.29,751.37 1 0
github.com/keshablive/quester/internal/framework/metrics/prometheus.go:751.37,753.3 1 0
github.com/keshablive/quester/internal/framework/metrics/prometheus.go:757.46,758.37 1 0
github.com/keshablive/quester/internal/framework/metrics/prometheus.go:758.37,760.3 1 0
github.com/keshablive/quester/internal/framework/metrics/prometheus.go:761.2,761.33 1 0
github.com/keshablive/quester/internal/framework/core/claims.go:17.51,19.2 1 0
github.com/keshablive/quester/internal/framework/core/claims.go:23.50,26.16 2 0
github.com/keshablive/quester/internal/framework/core/claims.go:26.16,28.3 1 0
github.com/keshablive/quester/internal/framework/core/claims.go:30.2,30.31 1 0
github.com/keshablive/quester/internal/framework/core/claims.go:34.57,36.2 1 0
github.com/keshablive/quester/internal/framework/core/claims.go:39.52,41.16 2 0
github.com/keshablive/quester/internal/framework/core/claims.go:41.16,43.3 1 0
github.com/keshablive/quester/internal/framework/core/claims.go:44.2,44.33 1 0
github.com/keshablive/quester/internal/framework/core/database.go:11.31,13.2 1 0
github.com/keshablive/quester/internal/framework/core/database.go:16.23,18.2 1 0
github.com/keshablive/quester/internal/framework/core/validation.go:11.42,13.2 1 0
github.com/keshablive/quester/internal/framework/interfaces/database.go:117.57,119.2 1 0
github.com/keshablive/quester/internal/framework/interfaces/database.go:124.79,126.2 1 0
github.com/keshablive/quester/internal/framework/interfaces/database.go:128.54,130.2 1 0
github.com/keshablive/quester/internal/framework/interfaces/database.go:132.46,134.2 1 0
github.com/keshablive/quester/internal/framework/interfaces/database.go:136.48,138.2 1 0
github.com/keshablive/quester/internal/framework/interfaces/database.go:140.83,141.50 1 0
github.com/keshablive/quester/internal/framework/interfaces/database.go:141.50,143.3 1 0
github.com/keshablive/quester/internal/framework/interfaces/database.go:146.85,148.2 1 0
github.com/keshablive/quester/internal/framework/interfaces/database.go:150.86,152.2 1 0
github.com/keshablive/quester/internal/framework/interfaces/database.go:154.63,156.2 1 0
github.com/keshablive/quester/internal/framework/interfaces/database.go:158.61,160.2 1 0
github.com/keshablive/quester/internal/framework/interfaces/database.go:162.78,164.2 1 0
github.com/keshablive/quester/internal/framework/interfaces/database.go:166.65,168.2 1 0
github.com/keshablive/quester/internal/framework/interfaces/database.go:170.85,172.2 1 0
github.com/keshablive/quester/internal/framework/interfaces/database.go:174.83,176.2 1 0
github.com/keshablive/quester/internal/framework/interfaces/database.go:178.82,180.2 1 0
github.com/keshablive/quester/internal/framework/interfaces/database.go:182.92,184.2 1 0
github.com/keshablive/quester/internal/framework/interfaces/database.go:186.89,188.2 1 0
github.com/keshablive/quester/internal/framework/interfaces/database.go:190.90,192.2 1 0
github.com/keshablive/quester/internal/framework/interfaces/database.go:194.71,196.2 1 0
github.com/keshablive/quester/internal/framework/interfaces/database.go:198.63,200.2 1 0
github.com/keshablive/quester/internal/framework/interfaces/database.go:202.65,204.2 1 0
github.com/keshablive/quester/internal/framework/interfaces/database.go:206.65,208.2 1 0
github.com/keshablive/quester/internal/framework/interfaces/database.go:210.93,212.2 1 0
github.com/keshablive/quester/internal/framework/interfaces/database.go:214.87,216.2 1 0
github.com/keshablive/quester/internal/framework/interfaces/database.go:218.89,220.2 1 0
github.com/keshablive/quester/internal/framework/interfaces/database.go:222.57,224.2 1 0
github.com/keshablive/quester/internal/framework/interfaces/database.go:226.60,228.2 1 0
github.com/keshablive/quester/internal/framework/interfaces/database.go:230.76,232.2 1 0
github.com/keshablive/quester/internal/framework/interfaces/database.go:234.45,236.2 1 0
github.com/keshablive/quester/internal/framework/interfaces/database.go:238.52,240.2 1 0
github.com/keshablive/quester/internal/framework/interfaces/database.go:242.53,244.2 1 0
github.com/keshablive/quester/internal/framework/interfaces/database.go:246.55,248.2 1 0
github.com/keshablive/quester/internal/framework/middleware/auth.go:36.53,37.71 1 0
github.com/keshablive/quester/internal/framework/middleware/auth.go:37.71,40.23 2 0
github.com/keshablive/quester/internal/framework/middleware/auth.go:40.23,43.4 2 0
github.com/keshablive/quester/internal/framework/middleware/auth.go:46.3,47.46 2 0
github.com/keshablive/quester/internal/framework/middleware/auth.go:47.46,50.4 2 0
github.com/keshablive/quester/internal/framework/middleware/auth.go:52.3,57.48 4 0
github.com/keshablive/quester/internal/framework/middleware/auth.go:57.48,60.4 2 0
github.com/keshablive/quester/internal/framework/middleware/auth.go:63.3,64.17 2 0
github.com/keshablive/quester/internal/framework/middleware/auth.go:64.17,67.4 2 0
github.com/keshablive/quester/internal/framework/middleware/auth.go:70.3,71.17 2 0
github.com/keshablive/quester/internal/framework/middleware/auth.go:71.17,74.4 2 0
github.com/keshablive/quester/internal/framework/middleware/auth.go:77.3,78.17 2 0
github.com/keshablive/quester/internal/framework/middleware/auth.go:78.17,81.4 2 0
github.com/keshablive/quester/internal/framework/middleware/auth.go:84.3,85.22 2 0
github.com/keshablive/quester/internal/framework/middleware/auth.go:85.22,88.4 2 0
github.com/keshablive/quester/internal/framework/middleware/auth.go:91.3,97.40 5 0
github.com/keshablive/quester/internal/framework/middleware/auth.go:102.92,109.2 3 0
github.com/keshablive/quester/internal/framework/middleware/auth.go:112.66,115.2 2 0
github.com/keshablive/quester/internal/framework/middleware/auth.go:118.68,121.2 2 0
github.com/keshablive/quester/internal/framework/middleware/auth.go:124.66,127.2 2 0
github.com/keshablive/quester/internal/framework/middleware/auth.go:132.79,133.46 1 0
github.com/keshablive/quester/internal/framework/middleware/auth.go:133.46,134.72 1 0
github.com/keshablive/quester/internal/framework/middleware/auth.go:134.72,137.11 2 0
github.com/keshablive/quester/internal/framework/middleware/auth.go:137.11,140.5 2 0
github.com/keshablive/quester/internal/framework/middleware/auth.go:143.4,143.32 1 0
github.com/keshablive/quester/internal/framework/middleware/auth.go:143.32,146.5 2 0
github.com/keshablive/quester/internal/framework/middleware/auth.go:149.4,149.28 1 0
github.com/keshablive/quester/internal/framework/middleware/auth.go:149.28,152.5 2 0
github.com/keshablive/quester/internal/framework/middleware/auth.go:155.4,155.24 1 0
github.com/keshablive/quester/internal/framework/middleware/auth.go:162.37,165.2 2 0
github.com/keshablive/quester/internal/framework/middleware/circuit_breaker.go:26.39,27.11 1 0
github.com/keshablive/quester/internal/framework/middleware/circuit_breaker.go:28.19,29.18 1 0
github.com/keshablive/quester/internal/framework/middleware/circuit_breaker.go:30.17,31.16 1 0
github.com/keshablive/quester/internal/framework/middleware/circuit_breaker.go:32.21,33.21 1 0
github.com/keshablive/quester/internal/framework/middleware/circuit_breaker.go:34.10,35.19 1 0
github.com/keshablive/quester/internal/framework/middleware/circuit_breaker.go:54.57,62.2 1 0
github.com/keshablive/quester/internal/framework/middleware/circuit_breaker.go:84.69,85.25 1 0
github.com/keshablive/quester/internal/framework/middleware/circuit_breaker.go:85.25,87.3 1 0
github.com/keshablive/quester/internal/framework/middleware/circuit_breaker.go:88.2,88.34 1 0
github.com/keshablive/quester/internal/framework/middleware/circuit_breaker.go:88.34,90.3 1 0
github.com/keshablive/quester/internal/framework/middleware/circuit_breaker.go:91.2,91.34 1 0
github.com/keshablive/quester/internal/framework/middleware/circuit_breaker.go:91.34,93.3 1 0
github.com/keshablive/quester/internal/framework/middleware/circuit_breaker.go:94.2,94.29 1 0
github.com/keshablive/quester/internal/framework/middleware/circuit_breaker.go:94.29,96.3 1 0
github.com/keshablive/quester/internal/framework/middleware/circuit_breaker.go:97.2,97.39 1 0
github.com/keshablive/quester/internal/framework/middleware/circuit_breaker.go:97.39,99.3 1 0
github.com/keshablive/quester/internal/framework/middleware/circuit_breaker.go:101.2,131.11 2 0
github.com/keshablive/quester/internal/framework/middleware/circuit_breaker.go:135.54,136.34 1 0
github.com/keshablive/quester/internal/framework/middleware/circuit_breaker.go:136.34,138.23 1 0
github.com/keshablive/quester/internal/framework/middleware/circuit_breaker.go:138.23,144.4 2 0
github.com/keshablive/quester/internal/framework/middleware/circuit_breaker.go:147.3,154.13 5 0
github.com/keshablive/quester/internal/framework/middleware/circuit_breaker.go:154.13,156.4 1 0
github.com/keshablive/quester/internal/framework/middleware/circuit_breaker.go:158.3,158.10 1 0
github.com/keshablive/quester/internal/framework/middleware/circuit_breaker.go:159.21,169.6 4 0
github.com/keshablive/quester/internal/framework/middleware/circuit_breaker.go:171.22,175.54 2 0
github.com/keshablive/quester/internal/framework/middleware/circuit_breaker.go:175.54,178.5 2 0
github.com/keshablive/quester/internal/framework/middleware/circuit_breaker.go:178.10,181.5 2 0
github.com/keshablive/quester/internal/framework/middleware/circuit_breaker.go:184.4,184.43 1 0
github.com/keshablive/quester/internal/framework/middleware/circuit_breaker.go:184.43,187.5 1 0
github.com/keshablive/quester/internal/framework/middleware/circuit_breaker.go:189.4,189.14 1 0
github.com/keshablive/quester/internal/framework/middleware/circuit_breaker.go:195.45,199.18 3 0
github.com/keshablive/quester/internal/framework/middleware/circuit_breaker.go:200.19,201.14 1 0
github.com/keshablive/quester/internal/framework/middleware/circuit_breaker.go:203.17,205.58 1 0
github.com/keshablive/quester/internal/framework/middleware/circuit_breaker.go:205.58,208.4 2 0
github.com/keshablive/quester/internal/framework/middleware/circuit_breaker.go:209.3,209.15 1 0
github.com/keshablive/quester/internal/framework/middleware/circuit_breaker.go:211.21,213.60 1 0
github.com/keshablive/quester/internal/framework/middleware/circuit_breaker.go:213.60,216.4 2 0
github.com/keshablive/quester/internal/framework/middleware/circuit_breaker.go:217.3,217.15 1 0
github.com/keshablive/quester/internal/framework/middleware/circuit_breaker.go:219.10,220.15 1 0
github.com/keshablive/quester/internal/framework/middleware/circuit_breaker.go:225.39,229.18 3 0
github.com/keshablive/quester/internal/framework/middleware/circuit_breaker.go:230.19,232.29 1 0
github.com/keshablive/quester/internal/framework/middleware/circuit_breaker.go:234.21,238.60 3 0
github.com/keshablive/quester/internal/framework/middleware/circuit_breaker.go:238.60,244.4 4 0
github.com/keshablive/quester/internal/framework/middleware/circuit_breaker.go:246.17,248.24 1 0
github.com/keshablive/quester/internal/framework/middleware/circuit_breaker.go:253.39,257.18 3 0
github.com/keshablive/quester/internal/framework/middleware/circuit_breaker.go:258.19,262.59 3 0
github.com/keshablive/quester/internal/framework/middleware/circuit_breaker.go:262.59,265.4 1 0
github.com/keshablive/quester/internal/framework/middleware/circuit_breaker.go:267.21,275.41 5 0
github.com/keshablive/quester/internal/framework/middleware/circuit_breaker.go:275.41,277.4 1 0
github.com/keshablive/quester/internal/framework/middleware/circuit_breaker.go:279.17,281.24 1 0
github.com/keshablive/quester/internal/framework/middleware/circuit_breaker.go:286.63,287.26 1 0
github.com/keshablive/quester/internal/framework/middleware/circuit_breaker.go:287.26,289.3 1 0
github.com/keshablive/quester/internal/framework/middleware/circuit_breaker.go:291.2,301.90 7 0
github.com/keshablive/quester/internal/framework/middleware/circuit_breaker.go:305.51,309.2 3 0
github.com/keshablive/quester/internal/framework/middleware/circuit_breaker.go:312.45,314.2 1 0
github.com/keshablive/quester/internal/framework/middleware/circuit_breaker.go:317.61,329.2 3 0
github.com/keshablive/quester/internal/framework/middleware/circuit_breaker.go:332.35,341.2 7 0
github.com/keshablive/quester/internal/framework/middleware/fiber_auth.go:27.42,28.34 1 0
github.com/keshablive/quester/internal/framework/middleware/fiber_auth.go:28.34,31.23 2 0
github.com/keshablive/quester/internal/framework/middleware/fiber_auth.go:31.23,36.4 1 0
github.com/keshablive/quester/internal/framework/middleware/fiber_auth.go:39.3,40.46 2 0
github.com/keshablive/quester/internal/framework/middleware/fiber_auth.go:40.46,45.4 1 0
github.com/keshablive/quester/internal/framework/middleware/fiber_auth.go:47.3,51.17 3 0
github.com/keshablive/quester/internal/framework/middleware/fiber_auth.go:51.17,56.4 1 0
github.com/keshablive/quester/internal/framework/middleware/fiber_auth.go:59.3,60.17 2 0
github.com/keshablive/quester/internal/framework/middleware/fiber_auth.go:60.17,65.4 1 0
github.com/keshablive/quester/internal/framework/middleware/fiber_auth.go:68.3,69.17 2 0
github.com/keshablive/quester/internal/framework/middleware/fiber_auth.go:69.17,74.4 1 0
github.com/keshablive/quester/internal/framework/middleware/fiber_auth.go:77.3,78.22 2 0
github.com/keshablive/quester/internal/framework/middleware/fiber_auth.go:78.22,83.4 1 0
github.com/keshablive/quester/internal/framework/middleware/fiber_auth.go:86.3,91.18 4 0
github.com/keshablive/quester/internal/framework/middleware/fiber_auth.go:98.66,99.34 1 0
github.com/keshablive/quester/internal/framework/middleware/fiber_auth.go:99.34,102.10 2 0
github.com/keshablive/quester/internal/framework/middleware/fiber_auth.go:102.10,107.4 1 0
github.com/keshablive/quester/internal/framework/middleware/fiber_auth.go:110.3,110.31 1 0
github.com/keshablive/quester/internal/framework/middleware/fiber_auth.go:110.31,112.4 1 0
github.com/keshablive/quester/internal/framework/middleware/fiber_auth.go:115.3,115.27 1 0
github.com/keshablive/quester/internal/framework/middleware/fiber_auth.go:115.27,120.4 1 0
github.com/keshablive/quester/internal/framework/middleware/fiber_auth.go:123.3,123.18 1 0
github.com/keshablive/quester/internal/framework/middleware/fiber_auth.go:128.64,131.2 2 0
github.com/keshablive/quester/internal/framework/middleware/fiber_auth.go:134.66,137.2 2 0
github.com/keshablive/quester/internal/framework/middleware/fiber_auth.go:140.64,143.2 2 0
github.com/keshablive/quester/internal/framework/middleware/fiber_auth.go:149.53,150.34 1 0
github.com/keshablive/quester/internal/framework/middleware/fiber_auth.go:150.34,153.10 2 0
github.com/keshablive/quester/internal/framework/middleware/fiber_auth.go:153.10,158.4 1 0
github.com/keshablive/quester/internal/framework/middleware/fiber_auth.go:161.3,161.31 1 0
github.com/keshablive/quester/internal/framework/middleware/fiber_auth.go:161.31,163.4 1 0
github.com/keshablive/quester/internal/framework/middleware/fiber_auth.go:166.3,167.10 2 0
github.com/keshablive/quester/internal/framework/middleware/fiber_auth.go:167.10,172.4 1 0
github.com/keshablive/quester/internal/framework/middleware/fiber_auth.go:175.3,176.26 2 0
github.com/keshablive/quester/internal/framework/middleware/fiber_auth.go:176.26,180.4 1 0
github.com/keshablive/quester/internal/framework/middleware/fiber_auth.go:183.3,184.17 2 0
github.com/keshablive/quester/internal/framework/middleware/fiber_auth.go:184.17,189.4 1 0
github.com/keshablive/quester/internal/framework/middleware/fiber_auth.go:192.3,192.39 1 0
github.com/keshablive/quester/internal/framework/middleware/fiber_auth.go:192.39,199.29 6 0
github.com/keshablive/quester/internal/framework/middleware/fiber_auth.go:199.29,200.63 1 0
github.com/keshablive/quester/internal/framework/middleware/fiber_auth.go:200.63,202.6 1 0
github.com/keshablive/quester/internal/framework/middleware/fiber_auth.go:207.4,207.14 1 0
github.com/keshablive/quester/internal/framework/middleware/fiber_auth.go:207.14,218.5 4 0
github.com/keshablive/quester/internal/framework/middleware/fiber_auth.go:220.4,223.6 1 0
github.com/keshablive/quester/internal/framework/middleware/fiber_auth.go:227.3,227.18 1 0
github.com/keshablive/quester/internal/framework/middleware/helpers.go:9.27,11.2 1 0
github.com/keshablive/quester/internal/framework/middleware/helpers.go:17.53,21.34 1 0
github.com/keshablive/quester/internal/framework/middleware/helpers.go:21.34,23.3 1 0
github.com/keshablive/quester/internal/framework/middleware/helpers.go:28.34,30.2 1 0
github.com/keshablive/quester/internal/framework/middleware/helpers.go:33.39,34.34 1 0
github.com/keshablive/quester/internal/framework/middleware/helpers.go:34.34,38.22 2 0
github.com/keshablive/quester/internal/framework/middleware/helpers.go:38.22,42.4 1 0
github.com/keshablive/quester/internal/framework/middleware/helpers.go:43.3,43.18 1 0
github.com/keshablive/quester/internal/framework/middleware/rate_limit.go:17.92,18.34 1 0
github.com/keshablive/quester/internal/framework/middleware/rate_limit.go:18.34,25.17 4 0
github.com/keshablive/quester/internal/framework/middleware/rate_limit.go:25.17,29.4 1 0
github.com/keshablive/quester/internal/framework/middleware/rate_limit.go:32.3,32.20 1 0
github.com/keshablive/quester/internal/framework/middleware/rate_limit.go:32.20,35.18 2 0
github.com/keshablive/quester/internal/framework/middleware/rate_limit.go:35.18,37.5 1 0
github.com/keshablive/quester/internal/framework/middleware/rate_limit.go:40.4,41.29 2 0
github.com/keshablive/quester/internal/framework/middleware/rate_limit.go:41.29,43.5 1 0
github.com/keshablive/quester/internal/framework/middleware/rate_limit.go:44.4,50.6 2 0
github.com/keshablive/quester/internal/framework/middleware/rate_limit.go:54.3,58.18 3 0
github.com/keshablive/quester/internal/framework/middleware/rate_limit.go:65.74,66.34 1 0
github.com/keshablive/quester/internal/framework/middleware/rate_limit.go:66.34,72.25 3 0
github.com/keshablive/quester/internal/framework/middleware/rate_limit.go:72.25,74.4 1 0
github.com/keshablive/quester/internal/framework/middleware/rate_limit.go:77.3,82.17 4 0
github.com/keshablive/quester/internal/framework/middleware/rate_limit.go:82.17,85.4 1 0
github.com/keshablive/quester/internal/framework/middleware/rate_limit.go:88.3,88.20 1 0
github.com/keshablive/quester/internal/framework/middleware/rate_limit.go:88.20,91.18 2 0
github.com/keshablive/quester/internal/framework/middleware/rate_limit.go:91.18,93.5 1 0
github.com/keshablive/quester/internal/framework/middleware/rate_limit.go:96.4,97.29 2 0
github.com/keshablive/quester/internal/framework/middleware/rate_limit.go:97.29,99.5 1 0
github.com/keshablive/quester/internal/framework/middleware/rate_limit.go:100.4,106.6 2 0
github.com/keshablive/quester/internal/framework/middleware/rate_limit.go:110.3,114.18 3 0
github.com/keshablive/quester/internal/framework/middleware/rate_limit.go:120.77,121.34 1 0
github.com/keshablive/quester/internal/framework/middleware/rate_limit.go:121.34,127.45 2 0
github.com/keshablive/quester/internal/framework/middleware/rate_limit.go:127.45,134.18 5 0
github.com/keshablive/quester/internal/framework/middleware/rate_limit.go:134.18,136.5 1 0
github.com/keshablive/quester/internal/framework/middleware/rate_limit.go:138.4,138.21 1 0
github.com/keshablive/quester/internal/framework/middleware/rate_limit.go:138.21,141.30 3 0
github.com/keshablive/quester/internal/framework/middleware/rate_limit.go:141.30,143.6 1 0
github.com/keshablive/quester/internal/framework/middleware/rate_limit.go:144.5,149.7 2 0
github.com/keshablive/quester/internal/framework/middleware/rate_limit.go:152.4,152.19 1 0
github.com/keshablive/quester/internal/framework/middleware/rate_limit.go:156.3,161.17 4 0
github.com/keshablive/quester/internal/framework/middleware/rate_limit.go:161.17,164.4 1 0
github.com/keshablive/quester/internal/framework/middleware/rate_limit.go:167.3,167.20 1 0
github.com/keshablive/quester/internal/framework/middleware/rate_limit.go:167.20,170.18 2 0
github.com/keshablive/quester/internal/framework/middleware/rate_limit.go:170.18,172.5 1 0
github.com/keshablive/quester/internal/framework/middleware/rate_limit.go:175.4,176.29 2 0
github.com/keshablive/quester/internal/framework/middleware/rate_limit.go:176.29,178.5 1 0
github.com/keshablive/quester/internal/framework/middleware/rate_limit.go:179.4,185.6 2 0
github.com/keshablive/quester/internal/framework/middleware/rate_limit.go:189.3,193.18 3 0
github.com/keshablive/quester/internal/framework/middleware/stream_rate_limiter.go:44.70,50.16 5 0
github.com/keshablive/quester/internal/framework/middleware/stream_rate_limiter.go:50.16,53.3 2 0
github.com/keshablive/quester/internal/framework/middleware/stream_rate_limiter.go:55.2,55.30 1 0
github.com/keshablive/quester/internal/framework/middleware/stream_rate_limiter.go:60.78,62.35 1 0
github.com/keshablive/quester/internal/framework/middleware/stream_rate_limiter.go:62.35,64.3 1 0
github.com/keshablive/quester/internal/framework/middleware/stream_rate_limiter.go:65.2,65.24 1 0
github.com/keshablive/quester/internal/framework/middleware/stream_rate_limiter.go:65.24,67.3 1 0
github.com/keshablive/quester/internal/framework/middleware/stream_rate_limiter.go:69.2,69.34 1 0
github.com/keshablive/quester/internal/framework/middleware/stream_rate_limiter.go:69.34,71.70 1 0
github.com/keshablive/quester/internal/framework/middleware/stream_rate_limiter.go:71.70,73.4 1 0
github.com/keshablive/quester/internal/framework/middleware/stream_rate_limiter.go:75.3,79.23 3 0
github.com/keshablive/quester/internal/framework/middleware/stream_rate_limiter.go:79.23,82.4 1 0
github.com/keshablive/quester/internal/framework/middleware/stream_rate_limiter.go:84.3,85.17 2 0
github.com/keshablive/quester/internal/framework/middleware/stream_rate_limiter.go:85.17,89.4 1 0
github.com/keshablive/quester/internal/framework/middleware/stream_rate_limiter.go:92.3,92.30 1 0
github.com/keshablive/quester/internal/framework/middleware/stream_rate_limiter.go:92.30,94.73 2 0
github.com/keshablive/quester/internal/framework/middleware/stream_rate_limiter.go:94.73,103.5 2 0
github.com/keshablive/quester/internal/framework/middleware/stream_rate_limiter.go:107.3,107.26 1 0
github.com/keshablive/quester/internal/framework/middleware/stream_rate_limiter.go:107.26,113.4 2 0
github.com/keshablive/quester/internal/framework/middleware/stream_rate_limiter.go:115.3,131.43 8 0
github.com/keshablive/quester/internal/framework/middleware/stream_rate_limiter.go:131.43,139.4 2 0
github.com/keshablive/quester/internal/framework/middleware/stream_rate_limiter.go:141.3,142.17 2 0
github.com/keshablive/quester/internal/framework/middleware/stream_rate_limiter.go:142.17,150.4 2 0
github.com/keshablive/quester/internal/framework/middleware/stream_rate_limiter.go:153.3,153.52 1 0
github.com/keshablive/quester/internal/framework/middleware/stream_rate_limiter.go:153.52,157.43 3 0
github.com/keshablive/quester/internal/framework/middleware/stream_rate_limiter.go:157.43,160.5 2 0
github.com/keshablive/quester/internal/framework/middleware/stream_rate_limiter.go:160.10,162.5 1 0
github.com/keshablive/quester/internal/framework/middleware/stream_rate_limiter.go:164.4,165.22 2 0
github.com/keshablive/quester/internal/framework/middleware/stream_rate_limiter.go:165.22,167.5 1 0
github.com/keshablive/quester/internal/framework/middleware/stream_rate_limiter.go:169.4,194.6 6 0
github.com/keshablive/quester/internal/framework/middleware/stream_rate_limiter.go:198.3,201.24 1 0
github.com/keshablive/quester/internal/framework/middleware/stream_rate_limiter.go:201.24,208.4 1 0
github.com/keshablive/quester/internal/framework/middleware/stream_rate_limiter.go:211.3,211.83 1 0
github.com/keshablive/quester/internal/framework/middleware/stream_rate_limiter.go:211.83,217.4 1 0
github.com/keshablive/quester/internal/framework/middleware/stream_rate_limiter.go:220.3,221.20 2 0
github.com/keshablive/quester/internal/framework/middleware/stream_rate_limiter.go:221.20,223.4 1 0
github.com/keshablive/quester/internal/framework/middleware/stream_rate_limiter.go:226.3,239.18 4 0
github.com/keshablive/quester/internal/framework/payment/payment_manager.go:38.109,42.57 2 0
github.com/keshablive/quester/internal/framework/payment/payment_manager.go:42.57,44.17 2 0
github.com/keshablive/quester/internal/framework/payment/payment_manager.go:44.17,46.4 1 0
github.com/keshablive/quester/internal/framework/payment/payment_manager.go:47.3,47.28 1 0
github.com/keshablive/quester/internal/framework/payment/payment_manager.go:51.2,51.57 1 0
github.com/keshablive/quester/internal/framework/payment/payment_manager.go:51.57,53.17 2 0
github.com/keshablive/quester/internal/framework/payment/payment_manager.go:53.17,55.4 1 0
github.com/keshablive/quester/internal/framework/payment/payment_manager.go:56.3,56.26 1 0
github.com/keshablive/quester/internal/framework/payment/payment_manager.go:59.2,59.21 1 0
github.com/keshablive/quester/internal/framework/payment/payment_manager.go:63.57,65.2 1 0
github.com/keshablive/quester/internal/framework/payment/payment_manager.go:68.53,70.2 1 0
github.com/keshablive/quester/internal/framework/payment/payment_manager.go:73.46,75.2 1 0
github.com/keshablive/quester/internal/framework/payment/payment_manager.go:78.44,80.2 1 0
github.com/keshablive/quester/internal/framework/payment/razorpay_client.go:69.73,70.50 1 0
github.com/keshablive/quester/internal/framework/payment/razorpay_client.go:70.50,72.3 1 0
github.com/keshablive/quester/internal/framework/payment/razorpay_client.go:74.2,79.8 2 0
github.com/keshablive/quester/internal/framework/payment/razorpay_client.go:83.162,84.17 1 0
github.com/keshablive/quester/internal/framework/payment/razorpay_client.go:84.17,86.3 1 0
github.com/keshablive/quester/internal/framework/payment/razorpay_client.go:88.2,88.20 1 0
github.com/keshablive/quester/internal/framework/payment/razorpay_client.go:88.20,90.3 1 0
github.com/keshablive/quester/internal/framework/payment/razorpay_client.go:93.2,103.16 4 0
github.com/keshablive/quester/internal/framework/payment/razorpay_client.go:103.16,105.3 1 0
github.com/keshablive/quester/internal/framework/payment/razorpay_client.go:107.2,116.53 2 0
github.com/keshablive/quester/internal/framework/payment/razorpay_client.go:116.53,118.3 1 0
github.com/keshablive/quester/internal/framework/payment/razorpay_client.go:120.2,120.51 1 0
github.com/keshablive/quester/internal/framework/payment/razorpay_client.go:120.51,122.3 1 0
github.com/keshablive/quester/internal/framework/payment/razorpay_client.go:124.2,124.19 1 0
github.com/keshablive/quester/internal/framework/payment/razorpay_client.go:128.98,129.19 1 0
github.com/keshablive/quester/internal/framework/payment/razorpay_client.go:129.19,131.3 1 0
github.com/keshablive/quester/internal/framework/payment/razorpay_client.go:133.2,134.16 2 0
github.com/keshablive/quester/internal/framework/payment/razorpay_client.go:134.16,136.3 1 0
github.com/keshablive/quester/internal/framework/payment/razorpay_client.go:138.2,147.53 2 0
github.com/keshablive/quester/internal/framework/payment/razorpay_client.go:147.53,149.3 1 0
github.com/keshablive/quester/internal/framework/payment/razorpay_client.go:151.2,151.51 1 0
github.com/keshablive/quester/internal/framework/payment/razorpay_client.go:151.51,153.3 1 0
github.com/keshablive/quester/internal/framework/payment/razorpay_client.go:155.2,155.19 1 0
github.com/keshablive/quester/internal/framework/payment/razorpay_client.go:159.139,160.21 1 0
github.com/keshablive/quester/internal/framework/payment/razorpay_client.go:160.21,162.3 1 0
github.com/keshablive/quester/internal/framework/payment/razorpay_client.go:164.2,164.17 1 0
github.com/keshablive/quester/internal/framework/payment/razorpay_client.go:164.17,166.3 1 0
github.com/keshablive/quester/internal/framework/payment/razorpay_client.go:168.2,168.20 1 0
github.com/keshablive/quester/internal/framework/payment/razorpay_client.go:168.20,170.3 1 0
github.com/keshablive/quester/internal/framework/payment/razorpay_client.go:173.2,181.16 4 0
github.com/keshablive/quester/internal/framework/payment/razorpay_client.go:181.16,183.3 1 0
github.com/keshablive/quester/internal/framework/payment/razorpay_client.go:185.2,195.50 2 0
github.com/keshablive/quester/internal/framework/payment/razorpay_client.go:195.50,197.3 1 0
github.com/keshablive/quester/internal/framework/payment/razorpay_client.go:199.2,199.45 1 0
github.com/keshablive/quester/internal/framework/payment/razorpay_client.go:199.45,201.3 1 0
github.com/keshablive/quester/internal/framework/payment/razorpay_client.go:203.2,203.49 1 0
github.com/keshablive/quester/internal/framework/payment/razorpay_client.go:203.49,205.3 1 0
github.com/keshablive/quester/internal/framework/payment/razorpay_client.go:207.2,207.38 1 0
github.com/keshablive/quester/internal/framework/payment/razorpay_client.go:207.38,209.3 1 0
github.com/keshablive/quester/internal/framework/payment/razorpay_client.go:211.2,211.38 1 0
github.com/keshablive/quester/internal/framework/payment/razorpay_client.go:211.38,213.3 1 0
github.com/keshablive/quester/internal/framework/payment/razorpay_client.go:215.2,215.21 1 0
github.com/keshablive/quester/internal/framework/payment/razorpay_client.go:219.104,220.21 1 0
github.com/keshablive/quester/internal/framework/payment/razorpay_client.go:220.21,222.3 1 0
github.com/keshablive/quester/internal/framework/payment/razorpay_client.go:224.2,225.16 2 0
github.com/keshablive/quester/internal/framework/payment/razorpay_client.go:225.16,227.3 1 0
github.com/keshablive/quester/internal/framework/payment/razorpay_client.go:229.2,239.50 2 0
github.com/keshablive/quester/internal/framework/payment/razorpay_client.go:239.50,241.3 1 0
github.com/keshablive/quester/internal/framework/payment/razorpay_client.go:243.2,243.45 1 0
github.com/keshablive/quester/internal/framework/payment/razorpay_client.go:243.45,245.3 1 0
github.com/keshablive/quester/internal/framework/payment/razorpay_client.go:247.2,247.49 1 0
github.com/keshablive/quester/internal/framework/payment/razorpay_client.go:247.49,249.3 1 0
github.com/keshablive/quester/internal/framework/payment/razorpay_client.go:251.2,251.54 1 0
github.com/keshablive/quester/internal/framework/payment/razorpay_client.go:251.54,253.3 1 0
github.com/keshablive/quester/internal/framework/payment/razorpay_client.go:255.2,255.61 1 0
github.com/keshablive/quester/internal/framework/payment/razorpay_client.go:255.61,257.3 1 0
github.com/keshablive/quester/internal/framework/payment/razorpay_client.go:259.2,259.21 1 0
github.com/keshablive/quester/internal/framework/payment/razorpay_client.go:263.158,264.21 1 0
github.com/keshablive/quester/internal/framework/payment/razorpay_client.go:264.21,266.3 1 0
github.com/keshablive/quester/internal/framework/payment/razorpay_client.go:268.2,273.34 2 0
github.com/keshablive/quester/internal/framework/payment/razorpay_client.go:273.34,275.3 1 0
github.com/keshablive/quester/internal/framework/payment/razorpay_client.go:277.2,278.16 2 0
github.com/keshablive/quester/internal/framework/payment/razorpay_client.go:278.16,280.3 1 0
github.com/keshablive/quester/internal/framework/payment/razorpay_client.go:282.2,282.18 1 0
github.com/keshablive/quester/internal/framework/payment/razorpay_client.go:286.143,287.21 1 0
github.com/keshablive/quester/internal/framework/payment/razorpay_client.go:287.21,289.3 1 0
github.com/keshablive/quester/internal/framework/payment/razorpay_client.go:291.2,291.25 1 0
github.com/keshablive/quester/internal/framework/payment/razorpay_client.go:291.25,293.3 1 0
github.com/keshablive/quester/internal/framework/payment/razorpay_client.go:295.2,300.16 3 0
github.com/keshablive/quester/internal/framework/payment/razorpay_client.go:300.16,302.3 1 0
github.com/keshablive/quester/internal/framework/payment/razorpay_client.go:305.2,306.29 2 0
github.com/keshablive/quester/internal/framework/payment/razorpay_client.go:306.29,308.3 1 0
github.com/keshablive/quester/internal/framework/payment/razorpay_client.go:310.2,319.62 3 0
github.com/keshablive/quester/internal/framework/payment/razorpay_client.go:319.62,321.3 1 0
github.com/keshablive/quester/internal/framework/payment/razorpay_client.go:323.2,323.56 1 0
github.com/keshablive/quester/internal/framework/payment/razorpay_client.go:323.56,325.3 1 0
github.com/keshablive/quester/internal/framework/payment/razorpay_client.go:327.2,327.65 1 0
github.com/keshablive/quester/internal/framework/payment/razorpay_client.go:327.65,329.3 1 0
github.com/keshablive/quester/internal/framework/payment/razorpay_client.go:331.2,331.22 1 0
github.com/keshablive/quester/internal/framework/payment/razorpay_client.go:335.106,342.2 4 0
github.com/keshablive/quester/internal/framework/payment/razorpay_client.go:345.85,351.2 4 0
github.com/keshablive/quester/internal/framework/payment/stripe_client.go:62.67,63.28 1 0
github.com/keshablive/quester/internal/framework/payment/stripe_client.go:63.28,65.3 1 0
github.com/keshablive/quester/internal/framework/payment/stripe_client.go:68.2,72.8 2 0
github.com/keshablive/quester/internal/framework/payment/stripe_client.go:76.178,77.17 1 0
github.com/keshablive/quester/internal/framework/payment/stripe_client.go:77.17,79.3 1 0
github.com/keshablive/quester/internal/framework/payment/stripe_client.go:81.2,81.20 1 0
github.com/keshablive/quester/internal/framework/payment/stripe_client.go:81.20,83.3 1 0
github.com/keshablive/quester/internal/framework/payment/stripe_client.go:86.2,96.35 3 0
github.com/keshablive/quester/internal/framework/payment/stripe_client.go:96.35,98.3 1 0
github.com/keshablive/quester/internal/framework/payment/stripe_client.go:100.2,101.16 2 0
github.com/keshablive/quester/internal/framework/payment/stripe_client.go:101.16,103.3 1 0
github.com/keshablive/quester/internal/framework/payment/stripe_client.go:105.2,113.29 2 0
github.com/keshablive/quester/internal/framework/payment/stripe_client.go:113.29,115.3 1 0
github.com/keshablive/quester/internal/framework/payment/stripe_client.go:117.2,117.27 1 0
github.com/keshablive/quester/internal/framework/payment/stripe_client.go:117.27,119.3 1 0
github.com/keshablive/quester/internal/framework/payment/stripe_client.go:121.2,121.26 1 0
github.com/keshablive/quester/internal/framework/payment/stripe_client.go:121.26,123.3 1 0
github.com/keshablive/quester/internal/framework/payment/stripe_client.go:125.2,125.20 1 0
github.com/keshablive/quester/internal/framework/payment/stripe_client.go:129.197,130.17 1 0
github.com/keshablive/quester/internal/framework/payment/stripe_client.go:130.17,132.3 1 0
github.com/keshablive/quester/internal/framework/payment/stripe_client.go:134.2,134.20 1 0
github.com/keshablive/quester/internal/framework/payment/stripe_client.go:134.20,136.3 1 0
github.com/keshablive/quester/internal/framework/payment/stripe_client.go:138.2,138.41 1 0
github.com/keshablive/quester/internal/framework/payment/stripe_client.go:138.41,140.3 1 0
github.com/keshablive/quester/internal/framework/payment/stripe_client.go:143.2,167.35 3 0
github.com/keshablive/quester/internal/framework/payment/stripe_client.go:167.35,169.3 1 0
github.com/keshablive/quester/internal/framework/payment/stripe_client.go:171.2,172.16 2 0
github.com/keshablive/quester/internal/framework/payment/stripe_client.go:172.16,174.3 1 0
github.com/keshablive/quester/internal/framework/payment/stripe_client.go:176.2,184.31 2 0
github.com/keshablive/quester/internal/framework/payment/stripe_client.go:184.31,186.3 1 0
github.com/keshablive/quester/internal/framework/payment/stripe_client.go:188.2,188.69 1 0
github.com/keshablive/quester/internal/framework/payment/stripe_client.go:188.69,190.3 1 0
github.com/keshablive/quester/internal/framework/payment/stripe_client.go:192.2,192.29 1 0
github.com/keshablive/quester/internal/framework/payment/stripe_client.go:196.114,197.27 1 0
github.com/keshablive/quester/internal/framework/payment/stripe_client.go:197.27,199.3 1 0
github.com/keshablive/quester/internal/framework/payment/stripe_client.go:201.2,204.16 3 0
github.com/keshablive/quester/internal/framework/payment/stripe_client.go:204.16,206.3 1 0
github.com/keshablive/quester/internal/framework/payment/stripe_client.go:208.2,215.29 2 0
github.com/keshablive/quester/internal/framework/payment/stripe_client.go:215.29,217.3 1 0
github.com/keshablive/quester/internal/framework/payment/stripe_client.go:219.2,219.27 1 0
github.com/keshablive/quester/internal/framework/payment/stripe_client.go:219.27,221.3 1 0
github.com/keshablive/quester/internal/framework/payment/stripe_client.go:223.2,223.26 1 0
github.com/keshablive/quester/internal/framework/payment/stripe_client.go:223.26,225.3 1 0
github.com/keshablive/quester/internal/framework/payment/stripe_client.go:227.2,227.20 1 0
github.com/keshablive/quester/internal/framework/payment/stripe_client.go:231.118,232.27 1 0
github.com/keshablive/quester/internal/framework/payment/stripe_client.go:232.27,234.3 1 0
github.com/keshablive/quester/internal/framework/payment/stripe_client.go:236.2,237.16 2 0
github.com/keshablive/quester/internal/framework/payment/stripe_client.go:237.16,239.3 1 0
github.com/keshablive/quester/internal/framework/payment/stripe_client.go:241.2,248.29 2 0
github.com/keshablive/quester/internal/framework/payment/stripe_client.go:248.29,250.3 1 0
github.com/keshablive/quester/internal/framework/payment/stripe_client.go:252.2,252.27 1 0
github.com/keshablive/quester/internal/framework/payment/stripe_client.go:252.27,254.3 1 0
github.com/keshablive/quester/internal/framework/payment/stripe_client.go:256.2,256.26 1 0
github.com/keshablive/quester/internal/framework/payment/stripe_client.go:256.26,258.3 1 0
github.com/keshablive/quester/internal/framework/payment/stripe_client.go:260.2,260.20 1 0
github.com/keshablive/quester/internal/framework/payment/stripe_client.go:264.139,265.27 1 0
github.com/keshablive/quester/internal/framework/payment/stripe_client.go:265.27,267.3 1 0
github.com/keshablive/quester/internal/framework/payment/stripe_client.go:269.2,274.34 2 0
github.com/keshablive/quester/internal/framework/payment/stripe_client.go:274.34,276.3 1 0
github.com/keshablive/quester/internal/framework/payment/stripe_client.go:279.2,279.18 1 0
github.com/keshablive/quester/internal/framework/payment/stripe_client.go:279.18,281.3 1 0
github.com/keshablive/quester/internal/framework/payment/stripe_client.go:283.2,284.16 2 0
github.com/keshablive/quester/internal/framework/payment/stripe_client.go:284.16,286.3 1 0
github.com/keshablive/quester/internal/framework/payment/stripe_client.go:288.2,288.15 1 0
github.com/keshablive/quester/internal/framework/payment/stripe_client.go:292.166,293.17 1 0
github.com/keshablive/quester/internal/framework/payment/stripe_client.go:293.17,295.3 1 0
github.com/keshablive/quester/internal/framework/payment/stripe_client.go:297.2,297.23 1 0
github.com/keshablive/quester/internal/framework/payment/stripe_client.go:297.23,299.3 1 0
github.com/keshablive/quester/internal/framework/payment/stripe_client.go:301.2,301.20 1 0
github.com/keshablive/quester/internal/framework/payment/stripe_client.go:301.20,303.3 1 0
github.com/keshablive/quester/internal/framework/payment/stripe_client.go:306.2,315.35 3 0
github.com/keshablive/quester/internal/framework/payment/stripe_client.go:315.35,317.3 1 0
github.com/keshablive/quester/internal/framework/payment/stripe_client.go:319.2,320.16 2 0
github.com/keshablive/quester/internal/framework/payment/stripe_client.go:320.16,322.3 1 0
github.com/keshablive/quester/internal/framework/payment/stripe_client.go:324.2,331.32 2 0
github.com/keshablive/quester/internal/framework/payment/stripe_client.go:331.32,333.3 1 0
github.com/keshablive/quester/internal/framework/payment/stripe_client.go:335.2,335.28 1 0
github.com/keshablive/quester/internal/framework/payment/stripe_client.go:339.104,340.34 1 0
github.com/keshablive/quester/internal/framework/payment/stripe_client.go:340.34,342.3 1 0
github.com/keshablive/quester/internal/framework/payment/stripe_client.go:344.2,345.16 2 0
github.com/keshablive/quester/internal/framework/payment/stripe_client.go:345.16,347.3 1 0
github.com/keshablive/quester/internal/framework/payment/stripe_client.go:349.2,349.20 1 0
github.com/keshablive/quester/internal/framework/payment/stripe_client.go:353.119,354.27 1 0
github.com/keshablive/quester/internal/framework/payment/stripe_client.go:354.27,356.3 1 0
github.com/keshablive/quester/internal/framework/payment/stripe_client.go:358.2,361.16 3 0
github.com/keshablive/quester/internal/framework/payment/stripe_client.go:361.16,363.3 1 0
github.com/keshablive/quester/internal/framework/payment/stripe_client.go:365.2,372.20 2 0
github.com/keshablive/quester/internal/framework/responses/helpers.go:10.52,15.2 1 0
github.com/keshablive/quester/internal/framework/responses/helpers.go:18.66,24.2 1 0
github.com/keshablive/quester/internal/framework/responses/helpers.go:27.36,29.2 1 0
github.com/keshablive/quester/internal/framework/responses/helpers.go:32.52,37.2 1 0
github.com/keshablive/quester/internal/framework/responses/helpers.go:40.89,46.2 1 0
github.com/keshablive/quester/internal/framework/responses/helpers.go:49.100,60.2 1 0
github.com/keshablive/quester/internal/framework/responses/helpers.go:63.53,68.2 1 0
github.com/keshablive/quester/internal/framework/responses/helpers.go:71.55,76.2 1 0
github.com/keshablive/quester/internal/framework/responses/helpers.go:79.52,84.2 1 0
github.com/keshablive/quester/internal/framework/responses/helpers.go:87.51,92.2 1 0
github.com/keshablive/quester/internal/framework/responses/helpers.go:95.56,100.2 1 0
github.com/keshablive/quester/internal/framework/responses/helpers.go:103.53,106.66 2 0
github.com/keshablive/quester/internal/framework/responses/helpers.go:106.66,107.38 1 0
github.com/keshablive/quester/internal/framework/responses/helpers.go:107.38,109.4 1 0
github.com/keshablive/quester/internal/framework/responses/helpers.go:110.8,112.3 1 0
github.com/keshablive/quester/internal/framework/responses/helpers.go:114.2,118.4 1 0
github.com/keshablive/quester/internal/framework/responses/helpers.go:122.58,127.2 1 0
github.com/keshablive/quester/internal/framework/responses/helpers.go:130.56,134.2 1 0
github.com/keshablive/quester/internal/framework/push/fcm_client.go:25.75,31.16 3 0
github.com/keshablive/quester/internal/framework/push/fcm_client.go:31.16,33.3 1 0
github.com/keshablive/quester/internal/framework/push/fcm_client.go:36.2,37.16 2 0
github.com/keshablive/quester/internal/framework/push/fcm_client.go:37.16,39.3 1 0
github.com/keshablive/quester/internal/framework/push/fcm_client.go:41.2,44.8 1 0
github.com/keshablive/quester/internal/framework/push/fcm_client.go:56.104,69.16 3 0
github.com/keshablive/quester/internal/framework/push/fcm_client.go:69.16,71.3 1 0
github.com/keshablive/quester/internal/framework/push/fcm_client.go:73.2,73.22 1 0
github.com/keshablive/quester/internal/framework/push/fcm_client.go:77.126,78.23 1 0
github.com/keshablive/quester/internal/framework/push/fcm_client.go:78.23,80.3 1 0
github.com/keshablive/quester/internal/framework/push/fcm_client.go:82.2,94.16 3 0
github.com/keshablive/quester/internal/framework/push/fcm_client.go:94.16,96.3 1 0
github.com/keshablive/quester/internal/framework/push/fcm_client.go:98.2,98.22 1 0
github.com/keshablive/quester/internal/framework/push/fcm_client.go:103.104,116.16 3 0
github.com/keshablive/quester/internal/framework/push/fcm_client.go:116.16,118.3 1 0
github.com/keshablive/quester/internal/framework/push/fcm_client.go:120.2,120.22 1 0
github.com/keshablive/quester/internal/framework/push/fcm_client.go:124.96,126.16 2 0
github.com/keshablive/quester/internal/framework/push/fcm_client.go:126.16,128.3 1 0
github.com/keshablive/quester/internal/framework/push/fcm_client.go:129.2,129.12 1 0
github.com/keshablive/quester/internal/framework/push/fcm_client.go:133.100,135.16 2 0
github.com/keshablive/quester/internal/framework/push/fcm_client.go:135.16,137.3 1 0
github.com/keshablive/quester/internal/framework/push/fcm_client.go:138.2,138.12 1 0
github.com/keshablive/quester/internal/framework/push/fcm_client.go:143.109,163.16 3 0
github.com/keshablive/quester/internal/framework/push/fcm_client.go:163.16,165.3 1 0
github.com/keshablive/quester/internal/framework/push/fcm_client.go:167.2,167.22 1 0
github.com/keshablive/quester/internal/framework/push/fcm_client.go:171.35,174.2 1 0
github.com/keshablive/quester/internal/framework/sentry/sentry.go:24.36,25.19 1 0
github.com/keshablive/quester/internal/framework/sentry/sentry.go:25.19,27.3 1 0
github.com/keshablive/quester/internal/framework/sentry/sentry.go:29.2,36.79 1 0
github.com/keshablive/quester/internal/framework/sentry/sentry.go:36.79,38.28 1 0
github.com/keshablive/quester/internal/framework/sentry/sentry.go:38.28,40.37 1 0
github.com/keshablive/quester/internal/framework/sentry/sentry.go:40.37,43.6 2 0
github.com/keshablive/quester/internal/framework/sentry/sentry.go:45.5,45.31 1 0
github.com/keshablive/quester/internal/framework/sentry/sentry.go:47.4,47.16 1 0
github.com/keshablive/quester/internal/framework/sentry/sentry.go:51.2,51.16 1 0
github.com/keshablive/quester/internal/framework/sentry/sentry.go:51.16,53.3 1 0
github.com/keshablive/quester/internal/framework/sentry/sentry.go:55.2,55.12 1 0
github.com/keshablive/quester/internal/framework/sentry/sentry.go:59.14,61.2 1 0
github.com/keshablive/quester/internal/framework/sentry/sentry.go:64.46,66.2 1 0
github.com/keshablive/quester/internal/framework/sentry/sentry.go:69.53,71.2 1 0
github.com/keshablive/quester/internal/framework/sentry/sentry.go:74.85,78.30 3 0
github.com/keshablive/quester/internal/framework/sentry/sentry.go:78.30,80.59 1 0
github.com/keshablive/quester/internal/framework/sentry/sentry.go:80.59,82.4 1 0
github.com/keshablive/quester/internal/framework/sentry/sentry.go:82.9,85.4 1 0
github.com/keshablive/quester/internal/framework/sentry/sentry.go:88.2,88.37 1 0
github.com/keshablive/quester/internal/framework/sentry/sentry.go:92.46,93.50 1 0
github.com/keshablive/quester/internal/framework/sentry/sentry.go:93.50,99.3 1 0
github.com/keshablive/quester/internal/framework/sentry/sentry.go:103.32,104.50 1 0
github.com/keshablive/quester/internal/framework/sentry/sentry.go:104.50,106.3 1 0
github.com/keshablive/quester/internal/framework/sentry/sentry.go:110.46,111.50 1 0
github.com/keshablive/quester/internal/framework/sentry/sentry.go:111.50,113.3 1 0
github.com/keshablive/quester/internal/framework/sentry/sentry.go:117.53,121.2 3 0
github.com/keshablive/quester/internal/framework/sentry/sentry.go:124.43,125.17 1 0
github.com/keshablive/quester/internal/framework/sentry/sentry.go:125.17,127.3 1 0
github.com/keshablive/quester/internal/framework/sentry/sentry.go:131.33,132.34 1 0
github.com/keshablive/quester/internal/framework/sentry/sentry.go:132.34,145.51 8 0
github.com/keshablive/quester/internal/framework/sentry/sentry.go:145.51,147.4 1 0
github.com/keshablive/quester/internal/framework/sentry/sentry.go:148.3,148.57 1 0
github.com/keshablive/quester/internal/framework/sentry/sentry.go:148.57,150.4 1 0
github.com/keshablive/quester/internal/framework/sentry/sentry.go:153.3,156.17 2 0
github.com/keshablive/quester/internal/framework/sentry/sentry.go:156.17,169.52 4 0
github.com/keshablive/quester/internal/framework/sentry/sentry.go:169.52,173.5 1 0
github.com/keshablive/quester/internal/framework/sentry/sentry.go:176.4,186.29 2 0
github.com/keshablive/quester/internal/framework/sentry/sentry.go:190.3,194.24 3 0
github.com/keshablive/quester/internal/framework/sentry/sentry.go:194.24,196.4 1 0
github.com/keshablive/quester/internal/framework/sentry/sentry.go:196.9,196.31 1 0
github.com/keshablive/quester/internal/framework/sentry/sentry.go:196.31,198.4 1 0
github.com/keshablive/quester/internal/framework/sentry/sentry.go:198.9,200.4 1 0
github.com/keshablive/quester/internal/framework/sentry/sentry.go:202.3,202.13 1 0
github.com/keshablive/quester/internal/framework/sentry/sentry.go:207.40,208.34 1 0
github.com/keshablive/quester/internal/framework/sentry/sentry.go:208.34,209.16 1 0
github.com/keshablive/quester/internal/framework/sentry/sentry.go:209.16,210.32 1 0
github.com/keshablive/quester/internal/framework/sentry/sentry.go:210.32,212.26 2 0
github.com/keshablive/quester/internal/framework/sentry/sentry.go:213.17,214.38 1 0
github.com/keshablive/quester/internal/framework/sentry/sentry.go:215.16,216.38 1 0
github.com/keshablive/quester/internal/framework/sentry/sentry.go:217.13,218.38 1 0
github.com/keshablive/quester/internal/framework/sentry/sentry.go:222.5,234.53 5 0
github.com/keshablive/quester/internal/framework/sentry/sentry.go:234.53,238.6 1 0
github.com/keshablive/quester/internal/framework/sentry/sentry.go:241.5,247.7 3 0
github.com/keshablive/quester/internal/framework/sentry/sentry.go:251.3,251.18 1 0
github.com/keshablive/quester/internal/framework/sentry/sentry.go:256.49,258.54 2 0
github.com/keshablive/quester/internal/framework/sentry/sentry.go:258.54,261.54 2 0
github.com/keshablive/quester/internal/framework/sentry/sentry.go:261.54,263.4 1 0
github.com/keshablive/quester/internal/framework/sentry/sentry.go:265.2,265.16 1 0
github.com/keshablive/quester/internal/framework/sentry/sentry.go:269.88,270.26 1 0
github.com/keshablive/quester/internal/framework/sentry/sentry.go:270.26,271.46 1 0
github.com/keshablive/quester/internal/framework/sentry/sentry.go:271.46,279.52 7 0
github.com/keshablive/quester/internal/framework/sentry/sentry.go:279.52,281.5 1 0
github.com/keshablive/quester/internal/framework/sentry/sentry.go:283.4,284.58 1 0
github.com/keshablive/quester/internal/framework/sentry/sentry.go:290.95,298.2 1 0
github.com/keshablive/quester/internal/framework/storage/s3_client.go:32.72,42.16 2 0
github.com/keshablive/quester/internal/framework/storage/s3_client.go:42.16,44.3 1 0
github.com/keshablive/quester/internal/framework/storage/s3_client.go:47.2,47.36 1 0
github.com/keshablive/quester/internal/framework/storage/s3_client.go:47.36,48.25 1 0
github.com/keshablive/quester/internal/framework/storage/s3_client.go:48.25,51.4 1 0
github.com/keshablive/quester/internal/framework/storage/s3_client.go:54.2,60.8 2 0
github.com/keshablive/quester/internal/framework/storage/s3_client.go:64.136,72.16 2 0
github.com/keshablive/quester/internal/framework/storage/s3_client.go:72.16,74.3 1 0
github.com/keshablive/quester/internal/framework/storage/s3_client.go:75.2,75.12 1 0
github.com/keshablive/quester/internal/framework/storage/s3_client.go:79.89,84.16 2 0
github.com/keshablive/quester/internal/framework/storage/s3_client.go:84.16,86.3 1 0
github.com/keshablive/quester/internal/framework/storage/s3_client.go:87.2,87.25 1 0
github.com/keshablive/quester/internal/framework/storage/s3_client.go:91.70,96.16 2 0
github.com/keshablive/quester/internal/framework/storage/s3_client.go:96.16,98.3 1 0
github.com/keshablive/quester/internal/framework/storage/s3_client.go:99.2,99.12 1 0
github.com/keshablive/quester/internal/framework/storage/s3_client.go:103.78,108.16 2 0
github.com/keshablive/quester/internal/framework/storage/s3_client.go:108.16,111.3 1 0
github.com/keshablive/quester/internal/framework/storage/s3_client.go:112.2,112.18 1 0
github.com/keshablive/quester/internal/framework/storage/s3_client.go:117.115,123.35 2 0
github.com/keshablive/quester/internal/framework/storage/s3_client.go:123.35,125.3 1 0
github.com/keshablive/quester/internal/framework/storage/s3_client.go:127.2,127.16 1 0
github.com/keshablive/quester/internal/framework/storage/s3_client.go:127.16,129.3 1 0
github.com/keshablive/quester/internal/framework/storage/s3_client.go:131.2,131.21 1 0
github.com/keshablive/quester/internal/framework/storage/s3_client.go:135.141,142.35 2 0
github.com/keshablive/quester/internal/framework/storage/s3_client.go:142.35,144.3 1 0
github.com/keshablive/quester/internal/framework/storage/s3_client.go:146.2,146.16 1 0
github.com/keshablive/quester/internal/framework/storage/s3_client.go:146.16,148.3 1 0
github.com/keshablive/quester/internal/framework/storage/s3_client.go:150.2,150.21 1 0
github.com/keshablive/quester/internal/framework/storage/s3_client.go:154.99,160.16 2 0
github.com/keshablive/quester/internal/framework/storage/s3_client.go:160.16,162.3 1 0
github.com/keshablive/quester/internal/framework/storage/s3_client.go:164.2,165.38 2 0
github.com/keshablive/quester/internal/framework/storage/s3_client.go:165.38,167.3 1 0
github.com/keshablive/quester/internal/framework/storage/s3_client.go:168.2,168.18 1 0
github.com/keshablive/quester/internal/framework/storage/s3_client.go:172.96,177.16 2 0
github.com/keshablive/quester/internal/framework/storage/s3_client.go:177.16,179.3 1 0
github.com/keshablive/quester/internal/framework/storage/s3_client.go:180.2,180.29 1 0
github.com/keshablive/quester/internal/framework/utils/errors.go:38.75,39.16 1 0
github.com/keshablive/quester/internal/framework/utils/errors.go:39.16,41.3 1 0
github.com/keshablive/quester/internal/framework/utils/errors.go:44.2,44.44 1 0
github.com/keshablive/quester/internal/framework/utils/errors.go:44.44,46.3 1 0
github.com/keshablive/quester/internal/framework/utils/errors.go:49.2,49.70 1 0
github.com/keshablive/quester/internal/framework/utils/errors.go:53.59,55.2 1 0
github.com/keshablive/quester/internal/framework/utils/errors.go:58.58,59.16 1 0
github.com/keshablive/quester/internal/framework/utils/errors.go:59.16,61.3 1 0
github.com/keshablive/quester/internal/framework/utils/errors.go:62.2,62.63 1 0
github.com/keshablive/quester/internal/framework/utils/errors.go:67.66,68.16 1 0
github.com/keshablive/quester/internal/framework/utils/errors.go:68.16,70.3 1 0
github.com/keshablive/quester/internal/framework/utils/errors.go:71.2,71.44 1 0
github.com/keshablive/quester/internal/framework/utils/errors.go:71.44,73.3 1 0
github.com/keshablive/quester/internal/framework/utils/errors.go:74.2,74.61 1 0
github.com/keshablive/quester/internal/framework/utils/errors.go:78.58,79.16 1 0
github.com/keshablive/quester/internal/framework/utils/errors.go:79.16,81.3 1 0
github.com/keshablive/quester/internal/framework/utils/errors.go:82.2,82.63 1 0
github.com/keshablive/quester/internal/framework/utils/errors.go:86.58,87.16 1 0
github.com/keshablive/quester/internal/framework/utils/errors.go:87.16,89.3 1 0
github.com/keshablive/quester/internal/framework/utils/errors.go:90.2,90.63 1 0
github.com/keshablive/quester/internal/framework/utils/errors.go:94.56,95.16 1 0
github.com/keshablive/quester/internal/framework/utils/errors.go:95.16,97.3 1 0
github.com/keshablive/quester/internal/framework/utils/errors.go:98.2,98.61 1 0
github.com/keshablive/quester/internal/framework/utils/errors.go:102.57,103.16 1 0
github.com/keshablive/quester/internal/framework/utils/errors.go:103.16,105.3 1 0
github.com/keshablive/quester/internal/framework/utils/errors.go:106.2,106.62 1 0
github.com/keshablive/quester/internal/framework/utils/errors.go:111.76,112.25 1 0
github.com/keshablive/quester/internal/framework/utils/errors.go:112.25,114.3 1 0
github.com/keshablive/quester/internal/framework/utils/errors.go:115.2,115.30 1 0
github.com/keshablive/quester/internal/framework/utils/errors.go:115.30,117.3 1 0
github.com/keshablive/quester/internal/framework/utils/errors.go:118.2,118.12 1 0
github.com/keshablive/quester/internal/framework/utils/errors.go:124.58,125.16 1 0
github.com/keshablive/quester/internal/framework/utils/errors.go:125.16,127.3 1 0
github.com/keshablive/quester/internal/framework/utils/errors.go:128.2,128.66 1 0
github.com/keshablive/quester/internal/framework/utils/errors.go:132.79,134.2 1 0
github.com/keshablive/quester/internal/framework/utils/errors.go:137.78,139.2 1 0
github.com/keshablive/quester/internal/framework/utils/errors.go:142.68,143.16 1 0
github.com/keshablive/quester/internal/framework/utils/errors.go:143.16,145.3 1 0
github.com/keshablive/quester/internal/framework/utils/errors.go:146.2,146.72 1 0
github.com/keshablive/quester/internal/framework/utils/errors.go:150.62,152.2 1 0
github.com/keshablive/quester/internal/framework/utils/errors.go:155.38,157.2 1 0
github.com/keshablive/quester/internal/framework/utils/errors.go:160.40,162.2 1 0
github.com/keshablive/quester/internal/framework/utils/errors.go:165.43,167.2 1 0
github.com/keshablive/quester/internal/framework/utils/repository_helpers.go:13.81,15.2 1 0
github.com/keshablive/quester/internal/framework/utils/repository_helpers.go:18.84,20.2 1 0
github.com/keshablive/quester/internal/framework/utils/repository_helpers.go:29.121,33.34 2 0
github.com/keshablive/quester/internal/framework/utils/repository_helpers.go:33.34,35.3 1 0
github.com/keshablive/quester/internal/framework/utils/repository_helpers.go:37.2,37.14 1 0
github.com/keshablive/quester/internal/framework/utils/repository_helpers.go:41.124,45.34 2 0
github.com/keshablive/quester/internal/framework/utils/repository_helpers.go:45.34,47.3 1 0
github.com/keshablive/quester/internal/framework/utils/repository_helpers.go:49.2,49.14 1 0
github.com/keshablive/quester/internal/framework/utils/repository_helpers.go:53.67,55.63 2 0
github.com/keshablive/quester/internal/framework/utils/repository_helpers.go:55.63,57.3 1 0
github.com/keshablive/quester/internal/framework/utils/repository_helpers.go:58.2,58.19 1 0
github.com/keshablive/quester/internal/framework/utils/repository_helpers.go:62.91,64.81 2 0
github.com/keshablive/quester/internal/framework/utils/repository_helpers.go:64.81,66.3 1 0
github.com/keshablive/quester/internal/framework/utils/repository_helpers.go:67.2,67.12 1 0
github.com/keshablive/quester/internal/framework/utils/repository_helpers.go:71.57,72.14 1 0
github.com/keshablive/quester/internal/framework/utils/repository_helpers.go:72.14,74.3 1 0
github.com/keshablive/quester/internal/framework/utils/repository_helpers.go:75.2,75.18 1 0
github.com/keshablive/quester/internal/framework/utils/repository_helpers.go:75.18,77.3 1 0
github.com/keshablive/quester/internal/framework/utils/repository_helpers.go:78.2,78.20 1 0
github.com/keshablive/quester/internal/framework/utils/repository_helpers.go:78.20,80.3 1 0
github.com/keshablive/quester/internal/framework/utils/repository_helpers.go:81.2,81.12 1 0
github.com/keshablive/quester/internal/framework/utils/response.go:56.78,62.22 2 0
github.com/keshablive/quester/internal/framework/utils/response.go:62.22,64.3 1 0
github.com/keshablive/quester/internal/framework/utils/response.go:66.2,66.25 1 0
github.com/keshablive/quester/internal/framework/utils/response.go:70.78,76.22 2 0
github.com/keshablive/quester/internal/framework/utils/response.go:76.22,78.3 1 0
github.com/keshablive/quester/internal/framework/utils/response.go:78.8,80.3 1 0
github.com/keshablive/quester/internal/framework/utils/response.go:82.2,82.53 1 0
github.com/keshablive/quester/internal/framework/utils/response.go:86.43,88.2 1 0
github.com/keshablive/quester/internal/framework/utils/response.go:91.88,106.2 3 0
github.com/keshablive/quester/internal/framework/utils/response.go:109.112,115.22 2 0
github.com/keshablive/quester/internal/framework/utils/response.go:115.22,117.3 1 0
github.com/keshablive/quester/internal/framework/utils/response.go:119.2,124.44 2 0
github.com/keshablive/quester/internal/framework/utils/response.go:128.95,130.2 1 0
github.com/keshablive/quester/internal/framework/utils/response.go:133.65,135.22 2 0
github.com/keshablive/quester/internal/framework/utils/response.go:135.22,137.3 1 0
github.com/keshablive/quester/internal/framework/utils/response.go:138.2,138.76 1 0
github.com/keshablive/quester/internal/framework/utils/response.go:142.62,144.22 2 0
github.com/keshablive/quester/internal/framework/utils/response.go:144.22,146.3 1 0
github.com/keshablive/quester/internal/framework/utils/response.go:147.2,147.70 1 0
github.com/keshablive/quester/internal/framework/utils/response.go:151.62,153.23 2 0
github.com/keshablive/quester/internal/framework/utils/response.go:153.23,155.3 1 0
github.com/keshablive/quester/internal/framework/utils/response.go:156.2,156.68 1 0
github.com/keshablive/quester/internal/framework/utils/response.go:160.93,162.2 1 0
github.com/keshablive/quester/internal/framework/utils/response.go:165.82,171.20 2 0
github.com/keshablive/quester/internal/framework/utils/response.go:171.20,173.3 1 0
github.com/keshablive/quester/internal/framework/utils/response.go:175.2,180.65 2 0
github.com/keshablive/quester/internal/framework/utils/response.go:184.66,186.22 2 0
github.com/keshablive/quester/internal/framework/utils/response.go:186.22,188.3 1 0
github.com/keshablive/quester/internal/framework/utils/response.go:189.2,189.79 1 0
github.com/keshablive/quester/internal/framework/utils/response.go:193.51,195.2 1 0
github.com/keshablive/quester/internal/framework/utils/response.go:198.48,200.2 1 0
github.com/keshablive/quester/internal/framework/utils/response.go:203.49,205.53 1 0
github.com/keshablive/quester/internal/framework/utils/response.go:205.53,207.3 1 0
github.com/keshablive/quester/internal/framework/utils/response.go:210.2,210.44 1 0
github.com/keshablive/quester/internal/framework/utils/response.go:210.44,211.24 1 0
github.com/keshablive/quester/internal/framework/utils/response.go:212.31,213.49 1 0
github.com/keshablive/quester/internal/framework/utils/response.go:214.33,215.51 1 0
github.com/keshablive/quester/internal/framework/utils/response.go:216.30,217.48 1 0
github.com/keshablive/quester/internal/framework/utils/response.go:218.29,219.47 1 0
github.com/keshablive/quester/internal/framework/utils/response.go:220.29,221.47 1 0
github.com/keshablive/quester/internal/framework/utils/response.go:222.36,223.38 1 0
github.com/keshablive/quester/internal/framework/utils/response.go:224.11,225.76 1 0
github.com/keshablive/quester/internal/framework/utils/response.go:230.2,230.45 1 0
github.com/keshablive/quester/internal/framework/utils/sanitize.go:10.13,15.2 1 0
github.com/keshablive/quester/internal/framework/utils/sanitize.go:19.40,20.23 1 0
github.com/keshablive/quester/internal/framework/utils/sanitize.go:20.23,23.3 1 0
github.com/keshablive/quester/internal/framework/utils/sanitize.go:24.2,24.35 1 0
github.com/keshablive/quester/internal/framework/utils/sanitize.go:28.42,30.2 1 0
github.com/keshablive/quester/internal/framework/utils/service_transaction.go:18.87,19.65 1 0
github.com/keshablive/quester/internal/framework/utils/service_transaction.go:19.65,20.32 1 0
github.com/keshablive/quester/internal/framework/utils/service_transaction.go:20.32,22.4 1 0
github.com/keshablive/quester/internal/framework/utils/service_transaction.go:23.3,23.13 1 0
github.com/keshablive/quester/internal/framework/utils/service_transaction.go:29.122,31.65 2 0
github.com/keshablive/quester/internal/framework/utils/service_transaction.go:31.65,35.3 3 0
github.com/keshablive/quester/internal/framework/utils/service_transaction.go:36.2,36.20 1 0
github.com/keshablive/quester/internal/framework/utils/service_transaction.go:40.62,41.16 1 0
github.com/keshablive/quester/internal/framework/utils/service_transaction.go:41.16,43.3 1 0
github.com/keshablive/quester/internal/framework/utils/service_transaction.go:44.2,44.71 1 0
github.com/keshablive/quester/internal/framework/utils/service_transaction.go:55.101,56.65 1 0
github.com/keshablive/quester/internal/framework/utils/service_transaction.go:56.65,57.33 1 0
github.com/keshablive/quester/internal/framework/utils/service_transaction.go:57.33,58.43 1 0
github.com/keshablive/quester/internal/framework/utils/service_transaction.go:58.43,60.5 1 0
github.com/keshablive/quester/internal/framework/utils/service_transaction.go:62.3,62.13 1 0
github.com/keshablive/quester/internal/framework/utils/validation.go:40.42,42.2 1 0
github.com/keshablive/quester/internal/framework/utils/validation.go:45.40,46.17 1 0
github.com/keshablive/quester/internal/framework/utils/validation.go:46.17,48.3 1 0
github.com/keshablive/quester/internal/framework/utils/validation.go:50.2,52.22 2 0
github.com/keshablive/quester/internal/framework/utils/validation.go:52.22,54.3 1 0
github.com/keshablive/quester/internal/framework/utils/validation.go:56.2,56.36 1 0
github.com/keshablive/quester/internal/framework/utils/validation.go:56.36,58.3 1 0
github.com/keshablive/quester/internal/framework/utils/validation.go:60.2,60.12 1 0
github.com/keshablive/quester/internal/framework/utils/validation.go:64.46,65.20 1 0
github.com/keshablive/quester/internal/framework/utils/validation.go:65.20,67.3 1 0
github.com/keshablive/quester/internal/framework/utils/validation.go:69.2,71.23 2 0
github.com/keshablive/quester/internal/framework/utils/validation.go:71.23,73.3 1 0
github.com/keshablive/quester/internal/framework/utils/validation.go:75.2,75.24 1 0
github.com/keshablive/quester/internal/framework/utils/validation.go:75.24,77.3 1 0
github.com/keshablive/quester/internal/framework/utils/validation.go:79.2,79.42 1 0
github.com/keshablive/quester/internal/framework/utils/validation.go:79.42,81.3 1 0
github.com/keshablive/quester/internal/framework/utils/validation.go:83.2,83.12 1 0
github.com/keshablive/quester/internal/framework/utils/validation.go:88.46,89.20 1 0
github.com/keshablive/quester/internal/framework/utils/validation.go:89.20,91.3 1 0
github.com/keshablive/quester/internal/framework/utils/validation.go:93.2,93.23 1 0
github.com/keshablive/quester/internal/framework/utils/validation.go:93.23,95.3 1 0
github.com/keshablive/quester/internal/framework/utils/validation.go:97.2,97.25 1 0
github.com/keshablive/quester/internal/framework/utils/validation.go:97.25,99.3 1 0
github.com/keshablive/quester/internal/framework/utils/validation.go:101.2,108.32 2 0
github.com/keshablive/quester/internal/framework/utils/validation.go:108.32,109.10 1 0
github.com/keshablive/quester/internal/framework/utils/validation.go:110.30,111.19 1 0
github.com/keshablive/quester/internal/framework/utils/validation.go:112.30,113.19 1 0
github.com/keshablive/quester/internal/framework/utils/validation.go:114.31,115.20 1 0
github.com/keshablive/quester/internal/framework/utils/validation.go:116.56,117.21 1 0
github.com/keshablive/quester/internal/framework/utils/validation.go:121.2,121.15 1 0
github.com/keshablive/quester/internal/framework/utils/validation.go:121.15,123.3 1 0
github.com/keshablive/quester/internal/framework/utils/validation.go:125.2,125.15 1 0
github.com/keshablive/quester/internal/framework/utils/validation.go:125.15,127.3 1 0
github.com/keshablive/quester/internal/framework/utils/validation.go:129.2,129.16 1 0
github.com/keshablive/quester/internal/framework/utils/validation.go:129.16,131.3 1 0
github.com/keshablive/quester/internal/framework/utils/validation.go:133.2,133.17 1 0
github.com/keshablive/quester/internal/framework/utils/validation.go:133.17,135.3 1 0
github.com/keshablive/quester/internal/framework/utils/validation.go:137.2,137.12 1 0
github.com/keshablive/quester/internal/framework/utils/validation.go:141.40,142.17 1 0
github.com/keshablive/quester/internal/framework/utils/validation.go:142.17,144.3 1 0
github.com/keshablive/quester/internal/framework/utils/validation.go:146.2,149.37 2 0
github.com/keshablive/quester/internal/framework/utils/validation.go:149.37,151.3 1 0
github.com/keshablive/quester/internal/framework/utils/validation.go:154.2,154.43 1 0
github.com/keshablive/quester/internal/framework/utils/validation.go:154.43,156.3 1 0
github.com/keshablive/quester/internal/framework/utils/validation.go:158.2,158.81 1 0
github.com/keshablive/quester/internal/framework/utils/validation.go:162.36,163.15 1 0
github.com/keshablive/quester/internal/framework/utils/validation.go:163.15,165.3 1 0
github.com/keshablive/quester/internal/framework/utils/validation.go:167.2,169.21 2 0
github.com/keshablive/quester/internal/framework/utils/validation.go:169.21,171.3 1 0
github.com/keshablive/quester/internal/framework/utils/validation.go:173.2,173.32 1 0
github.com/keshablive/quester/internal/framework/utils/validation.go:173.32,175.3 1 0
github.com/keshablive/quester/internal/framework/utils/validation.go:177.2,177.12 1 0
github.com/keshablive/quester/internal/framework/utils/validation.go:181.50,182.36 1 0
github.com/keshablive/quester/internal/framework/utils/validation.go:182.36,184.3 1 0
github.com/keshablive/quester/internal/framework/utils/validation.go:185.2,185.12 1 0
github.com/keshablive/quester/internal/framework/utils/validation.go:189.60,190.41 1 0
github.com/keshablive/quester/internal/framework/utils/validation.go:190.41,195.3 1 0
github.com/keshablive/quester/internal/framework/utils/validation.go:196.2,196.12 1 0
github.com/keshablive/quester/internal/framework/utils/validation.go:200.60,201.22 1 0
github.com/keshablive/quester/internal/framework/utils/validation.go:201.22,206.3 1 0
github.com/keshablive/quester/internal/framework/utils/validation.go:207.2,207.12 1 0
github.com/keshablive/quester/internal/framework/utils/validation.go:211.61,212.32 1 0
github.com/keshablive/quester/internal/framework/utils/validation.go:212.32,217.3 1 0
github.com/keshablive/quester/internal/framework/utils/validation.go:218.2,218.12 1 0
github.com/keshablive/quester/internal/framework/utils/validation.go:222.64,223.28 1 0
github.com/keshablive/quester/internal/framework/utils/validation.go:223.28,224.17 1 0
github.com/keshablive/quester/internal/framework/utils/validation.go:224.17,226.4 1 0
github.com/keshablive/quester/internal/framework/utils/validation.go:228.2,231.3 1 0
github.com/keshablive/quester/internal/framework/utils/validation.go:235.38,236.16 1 0
github.com/keshablive/quester/internal/framework/utils/validation.go:236.16,238.3 1 0
github.com/keshablive/quester/internal/framework/utils/validation.go:240.2,243.34 3 0
github.com/keshablive/quester/internal/framework/utils/validation.go:243.34,245.3 1 0
github.com/keshablive/quester/internal/framework/utils/validation.go:247.2,247.12 1 0
github.com/keshablive/quester/internal/framework/utils/validation.go:251.38,254.34 2 0
github.com/keshablive/quester/internal/framework/utils/validation.go:254.34,256.3 1 0
github.com/keshablive/quester/internal/framework/utils/validation.go:258.2,258.12 1 0
github.com/keshablive/quester/internal/framework/utils/validation.go:262.46,263.20 1 0
github.com/keshablive/quester/internal/framework/utils/validation.go:263.20,265.3 1 0
github.com/keshablive/quester/internal/framework/utils/validation.go:266.2,266.12 1 0
github.com/keshablive/quester/internal/framework/utils/validation.go:270.43,273.36 2 0
github.com/keshablive/quester/internal/framework/utils/validation.go:273.36,275.3 1 0
github.com/keshablive/quester/internal/framework/utils/validation.go:277.2,277.12 1 0
github.com/keshablive/quester/internal/framework/utils/validation.go:281.36,282.25 1 0
github.com/keshablive/quester/internal/framework/utils/validation.go:282.25,283.57 1 0
github.com/keshablive/quester/internal/framework/utils/validation.go:283.57,285.4 1 0
github.com/keshablive/quester/internal/framework/utils/validation.go:287.2,287.13 1 0
github.com/keshablive/quester/internal/framework/utils/validation.go:293.65,294.20 1 0
github.com/keshablive/quester/internal/framework/utils/validation.go:294.20,296.3 1 0
github.com/keshablive/quester/internal/framework/utils/validation.go:297.2,297.12 1 0
github.com/keshablive/quester/internal/framework/utils/validation.go:301.67,302.17 1 0
github.com/keshablive/quester/internal/framework/utils/validation.go:302.17,304.3 1 0
github.com/keshablive/quester/internal/framework/utils/validation.go:305.2,305.12 1 0
github.com/keshablive/quester/internal/framework/utils/validation.go:309.62,310.39 1 0
github.com/keshablive/quester/internal/framework/utils/validation.go:310.39,311.66 1 0
github.com/keshablive/quester/internal/framework/utils/validation.go:311.66,313.4 1 0
github.com/keshablive/quester/internal/framework/utils/validation.go:315.2,315.12 1 0
github.com/keshablive/quester/internal/framework/utils/validation.go:319.63,320.39 1 0
github.com/keshablive/quester/internal/framework/utils/validation.go:320.39,321.64 1 0
github.com/keshablive/quester/internal/framework/utils/validation.go:321.64,323.4 1 0
github.com/keshablive/quester/internal/framework/utils/validation.go:325.2,325.12 1 0
github.com/keshablive/quester/internal/framework/utils/validation.go:329.68,330.16 1 0
github.com/keshablive/quester/internal/framework/utils/validation.go:330.16,332.3 1 0
github.com/keshablive/quester/internal/framework/utils/validation.go:333.2,333.12 1 0
github.com/keshablive/quester/internal/framework/utils/validation.go:337.81,338.14 1 0
github.com/keshablive/quester/internal/framework/utils/validation.go:338.14,340.3 1 0
github.com/keshablive/quester/internal/framework/utils/validation.go:341.2,341.18 1 0
github.com/keshablive/quester/internal/framework/utils/validation.go:341.18,343.3 1 0
github.com/keshablive/quester/internal/framework/utils/validation.go:344.2,344.20 1 0
github.com/keshablive/quester/internal/framework/utils/validation.go:344.20,346.3 1 0
github.com/keshablive/quester/internal/framework/utils/validation.go:347.2,347.28 1 0
github.com/keshablive/quester/internal/framework/utils/validation.go:351.46,352.17 1 0
github.com/keshablive/quester/internal/framework/utils/validation.go:352.17,354.3 1 0
github.com/keshablive/quester/internal/framework/utils/validation.go:355.2,355.29 1 0
github.com/keshablive/quester/internal/framework/utils/validation.go:359.58,360.16 1 0
github.com/keshablive/quester/internal/framework/utils/validation.go:360.16,362.3 1 0
github.com/keshablive/quester/internal/framework/utils/validation.go:363.2,363.20 1 0
github.com/keshablive/quester/internal/framework/utils/validation.go:363.20,365.3 1 0
github.com/keshablive/quester/internal/framework/utils/validation.go:366.2,366.12 1 0
github.com/keshablive/quester/internal/framework/streaming/dvr_manager.go:50.77,52.29 1 0
github.com/keshablive/quester/internal/framework/streaming/dvr_manager.go:52.29,54.3 1 0
github.com/keshablive/quester/internal/framework/streaming/dvr_manager.go:55.2,55.29 1 0
github.com/keshablive/quester/internal/framework/streaming/dvr_manager.go:55.29,57.3 1 0
github.com/keshablive/quester/internal/framework/streaming/dvr_manager.go:58.2,58.33 1 0
github.com/keshablive/quester/internal/framework/streaming/dvr_manager.go:58.33,60.3 1 0
github.com/keshablive/quester/internal/framework/streaming/dvr_manager.go:63.2,64.53 2 0
github.com/keshablive/quester/internal/framework/streaming/dvr_manager.go:64.53,66.3 1 0
github.com/keshablive/quester/internal/framework/streaming/dvr_manager.go:68.2,76.8 2 0
github.com/keshablive/quester/internal/framework/streaming/dvr_manager.go:80.36,84.17 3 0
github.com/keshablive/quester/internal/framework/streaming/dvr_manager.go:84.17,86.3 1 0
github.com/keshablive/quester/internal/framework/streaming/dvr_manager.go:88.2,97.12 5 0
github.com/keshablive/quester/internal/framework/streaming/dvr_manager.go:101.35,105.18 3 0
github.com/keshablive/quester/internal/framework/streaming/dvr_manager.go:105.18,107.3 1 0
github.com/keshablive/quester/internal/framework/streaming/dvr_manager.go:109.2,122.12 6 0
github.com/keshablive/quester/internal/framework/streaming/dvr_manager.go:126.73,132.16 4 0
github.com/keshablive/quester/internal/framework/streaming/dvr_manager.go:132.16,134.3 1 0
github.com/keshablive/quester/internal/framework/streaming/dvr_manager.go:137.2,153.45 5 0
github.com/keshablive/quester/internal/framework/streaming/dvr_manager.go:153.45,155.3 1 0
github.com/keshablive/quester/internal/framework/streaming/dvr_manager.go:158.2,158.44 1 0
github.com/keshablive/quester/internal/framework/streaming/dvr_manager.go:158.44,160.3 1 0
github.com/keshablive/quester/internal/framework/streaming/dvr_manager.go:162.2,162.12 1 0
github.com/keshablive/quester/internal/framework/streaming/dvr_manager.go:166.38,172.6 4 0
github.com/keshablive/quester/internal/framework/streaming/dvr_manager.go:172.6,173.10 1 0
github.com/keshablive/quester/internal/framework/streaming/dvr_manager.go:174.23,175.10 1 0
github.com/keshablive/quester/internal/framework/streaming/dvr_manager.go:176.19,179.17 3 0
github.com/keshablive/quester/internal/framework/streaming/dvr_manager.go:185.43,186.45 1 0
github.com/keshablive/quester/internal/framework/streaming/dvr_manager.go:186.45,188.3 1 0
github.com/keshablive/quester/internal/framework/streaming/dvr_manager.go:191.2,197.41 3 0
github.com/keshablive/quester/internal/framework/streaming/dvr_manager.go:197.41,198.76 1 0
github.com/keshablive/quester/internal/framework/streaming/dvr_manager.go:198.76,200.4 1 0
github.com/keshablive/quester/internal/framework/streaming/dvr_manager.go:200.9,202.4 1 0
github.com/keshablive/quester/internal/framework/streaming/dvr_manager.go:206.2,209.41 2 0
github.com/keshablive/quester/internal/framework/streaming/dvr_manager.go:213.65,216.20 2 0
github.com/keshablive/quester/internal/framework/streaming/dvr_manager.go:216.20,218.3 1 0
github.com/keshablive/quester/internal/framework/streaming/dvr_manager.go:221.2,226.12 5 0
github.com/keshablive/quester/internal/framework/streaming/dvr_manager.go:230.50,238.2 5 0
github.com/keshablive/quester/internal/framework/streaming/dvr_manager.go:241.44,245.2 3 0
github.com/keshablive/quester/internal/framework/streaming/dvr_manager.go:248.41,252.2 3 0
github.com/keshablive/quester/internal/framework/streaming/dvr_manager.go:255.54,259.26 3 0
github.com/keshablive/quester/internal/framework/streaming/dvr_manager.go:259.26,261.3 1 0
github.com/keshablive/quester/internal/framework/streaming/dvr_manager.go:263.2,263.23 1 0
github.com/keshablive/quester/internal/framework/streaming/dvr_manager.go:267.54,271.26 3 0
github.com/keshablive/quester/internal/framework/streaming/dvr_manager.go:271.26,273.3 1 0
github.com/keshablive/quester/internal/framework/streaming/dvr_manager.go:275.2,275.39 1 0
github.com/keshablive/quester/internal/framework/streaming/dvr_manager.go:279.56,284.37 4 0
github.com/keshablive/quester/internal/framework/streaming/dvr_manager.go:284.37,286.3 1 0
github.com/keshablive/quester/internal/framework/streaming/dvr_manager.go:288.2,297.3 1 0
github.com/keshablive/quester/internal/framework/streaming/dvr_manager.go:301.41,308.37 4 0
github.com/keshablive/quester/internal/framework/streaming/dvr_manager.go:308.37,309.76 1 0
github.com/keshablive/quester/internal/framework/streaming/dvr_manager.go:309.76,311.4 1 0
github.com/keshablive/quester/internal/framework/streaming/dvr_manager.go:315.2,315.48 1 0
github.com/keshablive/quester/internal/framework/streaming/dvr_manager.go:315.48,317.3 1 0
github.com/keshablive/quester/internal/framework/streaming/dvr_manager.go:319.2,323.12 3 0
github.com/keshablive/quester/internal/framework/streaming/dvr_manager.go:328.64,332.26 3 0
github.com/keshablive/quester/internal/framework/streaming/dvr_manager.go:332.26,334.3 1 0
github.com/keshablive/quester/internal/framework/streaming/dvr_manager.go:337.2,338.16 2 0
github.com/keshablive/quester/internal/framework/streaming/dvr_manager.go:338.16,340.3 1 0
github.com/keshablive/quester/internal/framework/streaming/dvr_manager.go:342.2,347.29 4 0
github.com/keshablive/quester/internal/framework/streaming/dvr_manager.go:347.29,348.15 1 0
github.com/keshablive/quester/internal/framework/streaming/dvr_manager.go:348.15,350.56 2 0
github.com/keshablive/quester/internal/framework/streaming/dvr_manager.go:350.56,357.5 2 0
github.com/keshablive/quester/internal/framework/streaming/dvr_manager.go:358.9,358.82 1 0
github.com/keshablive/quester/internal/framework/streaming/dvr_manager.go:358.82,361.39 2 0
github.com/keshablive/quester/internal/framework/streaming/dvr_manager.go:361.39,362.40 1 0
github.com/keshablive/quester/internal/framework/streaming/dvr_manager.go:362.40,364.11 2 0
github.com/keshablive/quester/internal/framework/streaming/dvr_manager.go:371.2,372.77 2 0
github.com/keshablive/quester/internal/framework/streaming/dvr_manager.go:372.77,374.3 1 0
github.com/keshablive/quester/internal/framework/streaming/dvr_manager.go:376.2,376.12 1 0
github.com/keshablive/quester/internal/framework/streaming/hls_uploader.go:56.87,58.22 1 0
github.com/keshablive/quester/internal/framework/streaming/hls_uploader.go:58.22,60.3 1 0
github.com/keshablive/quester/internal/framework/streaming/hls_uploader.go:61.2,61.31 1 0
github.com/keshablive/quester/internal/framework/streaming/hls_uploader.go:61.31,63.3 1 0
github.com/keshablive/quester/internal/framework/streaming/hls_uploader.go:64.2,64.31 1 0
github.com/keshablive/quester/internal/framework/streaming/hls_uploader.go:64.31,66.3 1 0
github.com/keshablive/quester/internal/framework/streaming/hls_uploader.go:67.2,67.28 1 0
github.com/keshablive/quester/internal/framework/streaming/hls_uploader.go:67.28,69.3 1 0
github.com/keshablive/quester/internal/framework/streaming/hls_uploader.go:72.2,78.29 2 0
github.com/keshablive/quester/internal/framework/streaming/hls_uploader.go:78.29,81.3 2 0
github.com/keshablive/quester/internal/framework/streaming/hls_uploader.go:83.2,84.16 2 0
github.com/keshablive/quester/internal/framework/streaming/hls_uploader.go:84.16,86.3 1 0
github.com/keshablive/quester/internal/framework/streaming/hls_uploader.go:88.2,92.16 3 0
github.com/keshablive/quester/internal/framework/streaming/hls_uploader.go:92.16,94.3 1 0
github.com/keshablive/quester/internal/framework/streaming/hls_uploader.go:96.2,105.8 2 0
github.com/keshablive/quester/internal/framework/streaming/hls_uploader.go:109.37,113.17 3 0
github.com/keshablive/quester/internal/framework/streaming/hls_uploader.go:113.17,115.3 1 0
github.com/keshablive/quester/internal/framework/streaming/hls_uploader.go:118.2,118.57 1 0
github.com/keshablive/quester/internal/framework/streaming/hls_uploader.go:118.57,120.3 1 0
github.com/keshablive/quester/internal/framework/streaming/hls_uploader.go:122.2,130.12 5 0
github.com/keshablive/quester/internal/framework/streaming/hls_uploader.go:134.36,138.18 3 0
github.com/keshablive/quester/internal/framework/streaming/hls_uploader.go:138.18,140.3 1 0
github.com/keshablive/quester/internal/framework/streaming/hls_uploader.go:142.2,158.12 7 0
github.com/keshablive/quester/internal/framework/streaming/hls_uploader.go:162.36,169.6 3 0
github.com/keshablive/quester/internal/framework/streaming/hls_uploader.go:169.6,170.10 1 0
github.com/keshablive/quester/internal/framework/streaming/hls_uploader.go:171.23,172.10 1 0
github.com/keshablive/quester/internal/framework/streaming/hls_uploader.go:174.40,175.11 1 0
github.com/keshablive/quester/internal/framework/streaming/hls_uploader.go:175.11,177.5 1 0
github.com/keshablive/quester/internal/framework/streaming/hls_uploader.go:180.4,180.96 1 0
github.com/keshablive/quester/internal/framework/streaming/hls_uploader.go:180.96,182.32 1 0
github.com/keshablive/quester/internal/framework/streaming/hls_uploader.go:182.32,187.53 2 0
github.com/keshablive/quester/internal/framework/streaming/hls_uploader.go:187.53,189.7 1 0
github.com/keshablive/quester/internal/framework/streaming/hls_uploader.go:193.38,194.11 1 0
github.com/keshablive/quester/internal/framework/streaming/hls_uploader.go:194.11,196.5 1 0
github.com/keshablive/quester/internal/framework/streaming/hls_uploader.go:197.4,197.42 1 0
github.com/keshablive/quester/internal/framework/streaming/hls_uploader.go:203.45,205.16 2 0
github.com/keshablive/quester/internal/framework/streaming/hls_uploader.go:205.16,208.3 2 0
github.com/keshablive/quester/internal/framework/streaming/hls_uploader.go:210.2,210.29 1 0
github.com/keshablive/quester/internal/framework/streaming/hls_uploader.go:210.29,211.19 1 0
github.com/keshablive/quester/internal/framework/streaming/hls_uploader.go:211.19,212.12 1 0
github.com/keshablive/quester/internal/framework/streaming/hls_uploader.go:215.3,216.28 2 0
github.com/keshablive/quester/internal/framework/streaming/hls_uploader.go:216.28,217.49 1 0
github.com/keshablive/quester/internal/framework/streaming/hls_uploader.go:217.49,219.5 1 0
github.com/keshablive/quester/internal/framework/streaming/hls_uploader.go:225.55,228.2 2 0
github.com/keshablive/quester/internal/framework/streaming/hls_uploader.go:231.57,234.16 2 0
github.com/keshablive/quester/internal/framework/streaming/hls_uploader.go:234.16,236.3 1 0
github.com/keshablive/quester/internal/framework/streaming/hls_uploader.go:237.2,242.16 4 0
github.com/keshablive/quester/internal/framework/streaming/hls_uploader.go:242.16,244.3 1 0
github.com/keshablive/quester/internal/framework/streaming/hls_uploader.go:247.2,263.16 5 0
github.com/keshablive/quester/internal/framework/streaming/hls_uploader.go:263.16,265.3 1 0
github.com/keshablive/quester/internal/framework/streaming/hls_uploader.go:268.2,271.40 4 0
github.com/keshablive/quester/internal/framework/streaming/hls_uploader.go:271.40,273.3 1 0
github.com/keshablive/quester/internal/framework/streaming/hls_uploader.go:273.8,273.49 1 0
github.com/keshablive/quester/internal/framework/streaming/hls_uploader.go:273.49,275.3 1 0
github.com/keshablive/quester/internal/framework/streaming/hls_uploader.go:276.2,280.12 3 0
github.com/keshablive/quester/internal/framework/streaming/hls_uploader.go:284.62,286.13 2 0
github.com/keshablive/quester/internal/framework/streaming/hls_uploader.go:287.15,288.41 1 0
github.com/keshablive/quester/internal/framework/streaming/hls_uploader.go:289.13,290.22 1 0
github.com/keshablive/quester/internal/framework/streaming/hls_uploader.go:291.10,292.36 1 0
github.com/keshablive/quester/internal/framework/streaming/hls_uploader.go:297.63,299.42 1 0
github.com/keshablive/quester/internal/framework/streaming/hls_uploader.go:299.42,300.43 1 0
github.com/keshablive/quester/internal/framework/streaming/hls_uploader.go:300.43,302.4 1 0
github.com/keshablive/quester/internal/framework/streaming/hls_uploader.go:303.3,303.21 1 0
github.com/keshablive/quester/internal/framework/streaming/hls_uploader.go:307.2,307.40 1 0
github.com/keshablive/quester/internal/framework/streaming/hls_uploader.go:307.40,309.3 1 0
github.com/keshablive/quester/internal/framework/streaming/hls_uploader.go:311.2,311.30 1 0
github.com/keshablive/quester/internal/framework/streaming/hls_uploader.go:315.47,320.2 1 0
github.com/keshablive/quester/internal/framework/streaming/hls_uploader.go:323.57,335.2 3 0
github.com/keshablive/quester/internal/framework/streaming/hls_uploader.go:338.44,350.105 4 0
github.com/keshablive/quester/internal/framework/streaming/hls_uploader.go:350.105,351.37 1 0
github.com/keshablive/quester/internal/framework/streaming/hls_uploader.go:351.37,355.4 1 0
github.com/keshablive/quester/internal/framework/streaming/hls_uploader.go:356.3,356.19 1 0
github.com/keshablive/quester/internal/framework/streaming/hls_uploader.go:359.2,359.16 1 0
github.com/keshablive/quester/internal/framework/streaming/hls_uploader.go:359.16,361.3 1 0
github.com/keshablive/quester/internal/framework/streaming/hls_uploader.go:363.2,363.26 1 0
github.com/keshablive/quester/internal/framework/streaming/hls_uploader.go:363.26,366.3 2 0
github.com/keshablive/quester/internal/framework/streaming/hls_uploader.go:369.2,378.16 3 0
github.com/keshablive/quester/internal/framework/streaming/hls_uploader.go:378.16,380.3 1 0
github.com/keshablive/quester/internal/framework/streaming/hls_uploader.go:382.2,384.12 2 0
github.com/keshablive/quester/internal/framework/streaming/hls_uploader.go:388.77,391.16 2 0
github.com/keshablive/quester/internal/framework/streaming/hls_uploader.go:391.16,393.3 1 0
github.com/keshablive/quester/internal/framework/streaming/hls_uploader.go:394.2,397.47 3 0
github.com/keshablive/quester/internal/framework/streaming/hls_uploader.go:397.47,399.3 1 0
github.com/keshablive/quester/internal/framework/streaming/hls_uploader.go:402.2,415.16 4 0
github.com/keshablive/quester/internal/framework/streaming/hls_uploader.go:415.16,417.3 1 0
github.com/keshablive/quester/internal/framework/streaming/hls_uploader.go:420.2,426.26 3 0
github.com/keshablive/quester/internal/framework/streaming/rtmp_auth.go:18.55,22.2 1 0
github.com/keshablive/quester/internal/framework/streaming/rtmp_auth.go:26.93,31.70 3 0
github.com/keshablive/quester/internal/framework/streaming/rtmp_auth.go:31.70,33.3 1 0
github.com/keshablive/quester/internal/framework/streaming/rtmp_auth.go:36.2,36.33 1 0
github.com/keshablive/quester/internal/framework/streaming/rtmp_auth.go:36.33,38.3 1 0
github.com/keshablive/quester/internal/framework/streaming/rtmp_auth.go:41.2,44.49 2 0
github.com/keshablive/quester/internal/framework/streaming/rtmp_auth.go:44.49,46.3 1 0
github.com/keshablive/quester/internal/framework/streaming/rtmp_auth.go:48.2,50.12 2 0
github.com/keshablive/quester/internal/framework/streaming/rtmp_auth.go:55.91,60.70 3 0
github.com/keshablive/quester/internal/framework/streaming/rtmp_auth.go:60.70,62.3 1 0
github.com/keshablive/quester/internal/framework/streaming/rtmp_auth.go:65.2,68.59 2 0
github.com/keshablive/quester/internal/framework/streaming/rtmp_auth.go:68.59,71.3 2 0
github.com/keshablive/quester/internal/framework/streaming/rtmp_auth.go:74.2,74.49 1 0
github.com/keshablive/quester/internal/framework/streaming/rtmp_auth.go:74.49,76.3 1 0
github.com/keshablive/quester/internal/framework/streaming/rtmp_auth.go:78.2,80.12 2 0
github.com/keshablive/quester/internal/framework/streaming/rtmp_auth.go:85.102,89.99 2 0
github.com/keshablive/quester/internal/framework/streaming/rtmp_auth.go:89.99,90.36 1 0
github.com/keshablive/quester/internal/framework/streaming/rtmp_auth.go:90.36,92.4 1 0
github.com/keshablive/quester/internal/framework/streaming/rtmp_auth.go:93.3,93.52 1 0
github.com/keshablive/quester/internal/framework/streaming/rtmp_auth.go:97.2,97.35 1 0
github.com/keshablive/quester/internal/framework/streaming/rtmp_auth.go:97.35,99.3 1 0
github.com/keshablive/quester/internal/framework/streaming/rtmp_auth.go:102.2,102.49 1 0
github.com/keshablive/quester/internal/framework/streaming/rtmp_auth.go:102.49,104.3 1 0
github.com/keshablive/quester/internal/framework/streaming/rtmp_auth.go:107.2,107.24 1 0
github.com/keshablive/quester/internal/framework/streaming/rtmp_auth.go:107.24,109.3 1 0
github.com/keshablive/quester/internal/framework/streaming/rtmp_auth.go:112.2,112.73 1 0
github.com/keshablive/quester/internal/framework/streaming/rtmp_auth.go:112.73,115.3 1 0
github.com/keshablive/quester/internal/framework/streaming/rtmp_auth.go:117.2,117.21 1 0
github.com/keshablive/quester/internal/framework/streaming/rtmp_auth.go:121.104,126.74 3 0
github.com/keshablive/quester/internal/framework/streaming/rtmp_auth.go:126.74,128.3 1 0
github.com/keshablive/quester/internal/framework/streaming/rtmp_auth.go:131.2,134.53 2 0
github.com/keshablive/quester/internal/framework/streaming/rtmp_auth.go:134.53,136.3 1 0
github.com/keshablive/quester/internal/framework/streaming/rtmp_auth.go:138.2,140.12 2 0
github.com/keshablive/quester/internal/framework/streaming/rtmp_auth.go:144.95,148.72 2 0
github.com/keshablive/quester/internal/framework/streaming/rtmp_auth.go:148.72,149.36 1 0
github.com/keshablive/quester/internal/framework/streaming/rtmp_auth.go:149.36,151.4 1 0
github.com/keshablive/quester/internal/framework/streaming/rtmp_auth.go:152.3,152.52 1 0
github.com/keshablive/quester/internal/framework/streaming/rtmp_auth.go:155.2,155.21 1 0
github.com/keshablive/quester/internal/framework/streaming/rtmp_auth.go:159.66,162.70 2 0
github.com/keshablive/quester/internal/framework/streaming/rtmp_auth.go:162.70,164.3 1 0
github.com/keshablive/quester/internal/framework/streaming/rtmp_auth.go:170.2,172.49 2 0
github.com/keshablive/quester/internal/framework/streaming/rtmp_auth.go:172.49,174.3 1 0
github.com/keshablive/quester/internal/framework/streaming/rtmp_auth.go:176.2,178.12 2 0
github.com/keshablive/quester/internal/framework/streaming/rtmp_server.go:66.67,67.23 1 0
github.com/keshablive/quester/internal/framework/streaming/rtmp_server.go:67.23,69.3 1 0
github.com/keshablive/quester/internal/framework/streaming/rtmp_server.go:71.2,82.20 3 0
github.com/keshablive/quester/internal/framework/streaming/rtmp_server.go:89.3,92.2 2 0
github.com/keshablive/quester/internal/framework/streaming/rtmp_server.go:95.36,97.16 2 0
github.com/keshablive/quester/internal/framework/streaming/rtmp_server.go:97.16,99.3 1 0
github.com/keshablive/quester/internal/framework/streaming/rtmp_server.go:101.2,107.12 5 0
github.com/keshablive/quester/internal/framework/streaming/rtmp_server.go:111.35,114.23 2 0
github.com/keshablive/quester/internal/framework/streaming/rtmp_server.go:114.23,116.3 1 0
github.com/keshablive/quester/internal/framework/streaming/rtmp_server.go:119.2,121.12 2 0
github.com/keshablive/quester/internal/framework/streaming/rtmp_server.go:125.35,128.6 2 0
github.com/keshablive/quester/internal/framework/streaming/rtmp_server.go:128.6,129.10 1 0
github.com/keshablive/quester/internal/framework/streaming/rtmp_server.go:130.23,131.10 1 0
github.com/keshablive/quester/internal/framework/streaming/rtmp_server.go:132.11,132.11 0 0
github.com/keshablive/quester/internal/framework/streaming/rtmp_server.go:135.3,136.17 2 0
github.com/keshablive/quester/internal/framework/streaming/rtmp_server.go:136.17,137.26 1 0
github.com/keshablive/quester/internal/framework/streaming/rtmp_server.go:137.26,140.5 1 0
github.com/keshablive/quester/internal/framework/streaming/rtmp_server.go:141.4,142.12 2 0
github.com/keshablive/quester/internal/framework/streaming/rtmp_server.go:145.3,146.30 2 0
github.com/keshablive/quester/internal/framework/streaming/rtmp_server.go:151.54,158.43 4 0
github.com/keshablive/quester/internal/framework/streaming/rtmp_server.go:158.43,161.3 2 0
github.com/keshablive/quester/internal/framework/streaming/rtmp_server.go:164.2,172.16 5 0
github.com/keshablive/quester/internal/framework/streaming/rtmp_server.go:172.16,175.3 2 0
github.com/keshablive/quester/internal/framework/streaming/rtmp_server.go:179.2,179.65 1 0
github.com/keshablive/quester/internal/framework/streaming/rtmp_server.go:183.87,186.20 2 0
github.com/keshablive/quester/internal/framework/streaming/rtmp_server.go:186.20,188.3 1 0
github.com/keshablive/quester/internal/framework/streaming/rtmp_server.go:190.2,193.48 2 0
github.com/keshablive/quester/internal/framework/streaming/rtmp_server.go:193.48,195.3 1 0
github.com/keshablive/quester/internal/framework/streaming/rtmp_server.go:198.2,199.99 2 0
github.com/keshablive/quester/internal/framework/streaming/rtmp_server.go:199.99,200.36 1 0
github.com/keshablive/quester/internal/framework/streaming/rtmp_server.go:200.36,202.4 1 0
github.com/keshablive/quester/internal/framework/streaming/rtmp_server.go:203.3,203.51 1 0
github.com/keshablive/quester/internal/framework/streaming/rtmp_server.go:207.2,207.35 1 0
github.com/keshablive/quester/internal/framework/streaming/rtmp_server.go:207.35,209.3 1 0
github.com/keshablive/quester/internal/framework/streaming/rtmp_server.go:212.2,212.49 1 0
github.com/keshablive/quester/internal/framework/streaming/rtmp_server.go:212.49,215.3 1 0
github.com/keshablive/quester/internal/framework/streaming/rtmp_server.go:218.2,218.24 1 0
github.com/keshablive/quester/internal/framework/streaming/rtmp_server.go:218.24,220.3 1 0
github.com/keshablive/quester/internal/framework/streaming/rtmp_server.go:222.2,222.22 1 0
github.com/keshablive/quester/internal/framework/streaming/rtmp_server.go:226.89,246.29 6 0
github.com/keshablive/quester/internal/framework/streaming/rtmp_server.go:246.29,247.61 1 0
github.com/keshablive/quester/internal/framework/streaming/rtmp_server.go:247.61,251.4 3 0
github.com/keshablive/quester/internal/framework/streaming/rtmp_server.go:255.2,255.60 1 0
github.com/keshablive/quester/internal/framework/streaming/rtmp_server.go:255.60,257.3 1 0
github.com/keshablive/quester/internal/framework/streaming/rtmp_server.go:260.2,264.27 3 0
github.com/keshablive/quester/internal/framework/streaming/rtmp_server.go:264.27,265.59 1 0
github.com/keshablive/quester/internal/framework/streaming/rtmp_server.go:265.59,267.4 1 0
github.com/keshablive/quester/internal/framework/streaming/rtmp_server.go:272.84,275.16 2 0
github.com/keshablive/quester/internal/framework/streaming/rtmp_server.go:275.16,277.3 1 0
github.com/keshablive/quester/internal/framework/streaming/rtmp_server.go:281.2,287.6 3 0
github.com/keshablive/quester/internal/framework/streaming/rtmp_server.go:287.6,288.10 1 0
github.com/keshablive/quester/internal/framework/streaming/rtmp_server.go:289.23,290.14 1 0
github.com/keshablive/quester/internal/framework/streaming/rtmp_server.go:291.11,291.11 0 0
github.com/keshablive/quester/internal/framework/streaming/rtmp_server.go:294.3,295.17 2 0
github.com/keshablive/quester/internal/framework/streaming/rtmp_server.go:295.17,297.4 1 0
github.com/keshablive/quester/internal/framework/streaming/rtmp_server.go:299.3,299.42 1 0
github.com/keshablive/quester/internal/framework/streaming/rtmp_server.go:307.67,315.34 5 0
github.com/keshablive/quester/internal/framework/streaming/rtmp_server.go:315.34,318.3 2 0
github.com/keshablive/quester/internal/framework/streaming/rtmp_server.go:321.2,325.16 3 0
github.com/keshablive/quester/internal/framework/streaming/rtmp_server.go:325.16,328.3 2 0
github.com/keshablive/quester/internal/framework/streaming/rtmp_server.go:329.2,329.50 1 0
github.com/keshablive/quester/internal/framework/streaming/rtmp_server.go:329.50,332.3 2 0
github.com/keshablive/quester/internal/framework/streaming/rtmp_server.go:335.2,335.6 1 0
github.com/keshablive/quester/internal/framework/streaming/rtmp_server.go:335.6,336.10 1 0
github.com/keshablive/quester/internal/framework/streaming/rtmp_server.go:337.23,338.10 1 0
github.com/keshablive/quester/internal/framework/streaming/rtmp_server.go:339.11,339.11 0 0
github.com/keshablive/quester/internal/framework/streaming/rtmp_server.go:342.3,343.17 2 0
github.com/keshablive/quester/internal/framework/streaming/rtmp_server.go:343.17,346.4 2 0
github.com/keshablive/quester/internal/framework/streaming/rtmp_server.go:348.3,348.47 1 0
github.com/keshablive/quester/internal/framework/streaming/rtmp_server.go:348.47,351.4 2 0
github.com/keshablive/quester/internal/framework/streaming/rtmp_server.go:353.3,353.43 1 0
github.com/keshablive/quester/internal/framework/streaming/rtmp_server.go:358.78,364.31 4 0
github.com/keshablive/quester/internal/framework/streaming/rtmp_server.go:364.31,366.3 1 0
github.com/keshablive/quester/internal/framework/streaming/rtmp_server.go:369.2,369.32 1 0
github.com/keshablive/quester/internal/framework/streaming/rtmp_server.go:369.32,371.3 1 0
github.com/keshablive/quester/internal/framework/streaming/rtmp_server.go:374.2,374.31 1 0
github.com/keshablive/quester/internal/framework/streaming/rtmp_server.go:374.31,376.3 1 0
github.com/keshablive/quester/internal/framework/streaming/rtmp_server.go:379.2,381.23 3 0
github.com/keshablive/quester/internal/framework/streaming/rtmp_server.go:385.58,390.36 4 0
github.com/keshablive/quester/internal/framework/streaming/rtmp_server.go:390.36,391.23 1 0
github.com/keshablive/quester/internal/framework/streaming/rtmp_server.go:391.23,393.4 1 0
github.com/keshablive/quester/internal/framework/streaming/rtmp_server.go:396.2,396.17 1 0
github.com/keshablive/quester/internal/framework/streaming/rtmp_server.go:400.72,406.2 4 0
github.com/keshablive/quester/internal/framework/streaming/rtmp_server.go:409.50,410.22 1 0
github.com/keshablive/quester/internal/framework/streaming/rtmp_server.go:410.22,412.3 1 0
github.com/keshablive/quester/internal/framework/streaming/rtmp_server.go:413.2,413.27 1 0
github.com/keshablive/quester/internal/framework/streaming/rtmp_server.go:416.13,419.2 1 0
github.com/keshablive/quester/internal/framework/streaming/transcoder.go:94.101,96.29 1 0
github.com/keshablive/quester/internal/framework/streaming/transcoder.go:96.29,98.3 1 0
github.com/keshablive/quester/internal/framework/streaming/transcoder.go:99.2,99.29 1 0
github.com/keshablive/quester/internal/framework/streaming/transcoder.go:99.29,101.3 1 0
github.com/keshablive/quester/internal/framework/streaming/transcoder.go:102.2,102.29 1 0
github.com/keshablive/quester/internal/framework/streaming/transcoder.go:102.29,104.3 1 0
github.com/keshablive/quester/internal/framework/streaming/transcoder.go:105.2,105.21 1 0
github.com/keshablive/quester/internal/framework/streaming/transcoder.go:105.21,107.3 1 0
github.com/keshablive/quester/internal/framework/streaming/transcoder.go:108.2,108.29 1 0
github.com/keshablive/quester/internal/framework/streaming/transcoder.go:108.29,110.3 1 0
github.com/keshablive/quester/internal/framework/streaming/transcoder.go:111.2,111.29 1 0
github.com/keshablive/quester/internal/framework/streaming/transcoder.go:111.29,113.3 1 0
github.com/keshablive/quester/internal/framework/streaming/transcoder.go:114.2,114.25 1 0
github.com/keshablive/quester/internal/framework/streaming/transcoder.go:114.25,116.3 1 0
github.com/keshablive/quester/internal/framework/streaming/transcoder.go:117.2,117.34 1 0
github.com/keshablive/quester/internal/framework/streaming/transcoder.go:117.34,119.3 1 0
github.com/keshablive/quester/internal/framework/streaming/transcoder.go:122.2,123.53 2 0
github.com/keshablive/quester/internal/framework/streaming/transcoder.go:123.53,125.3 1 0
github.com/keshablive/quester/internal/framework/streaming/transcoder.go:127.2,137.8 2 0
github.com/keshablive/quester/internal/framework/streaming/transcoder.go:141.36,145.17 3 0
github.com/keshablive/quester/internal/framework/streaming/transcoder.go:145.17,147.3 1 0
github.com/keshablive/quester/internal/framework/streaming/transcoder.go:150.2,161.38 6 0
github.com/keshablive/quester/internal/framework/streaming/transcoder.go:161.38,163.3 1 0
github.com/keshablive/quester/internal/framework/streaming/transcoder.go:165.2,173.12 5 0
github.com/keshablive/quester/internal/framework/streaming/transcoder.go:177.35,181.18 3 0
github.com/keshablive/quester/internal/framework/streaming/transcoder.go:181.18,183.3 1 0
github.com/keshablive/quester/internal/framework/streaming/transcoder.go:185.2,192.12 4 0
github.com/keshablive/quester/internal/framework/streaming/transcoder.go:192.12,194.3 1 0
github.com/keshablive/quester/internal/framework/streaming/transcoder.go:196.2,196.9 1 0
github.com/keshablive/quester/internal/framework/streaming/transcoder.go:197.21,198.52 1 0
github.com/keshablive/quester/internal/framework/streaming/transcoder.go:198.52,200.4 1 0
github.com/keshablive/quester/internal/framework/streaming/transcoder.go:201.37,203.27 1 0
github.com/keshablive/quester/internal/framework/streaming/transcoder.go:203.27,205.4 1 0
github.com/keshablive/quester/internal/framework/streaming/transcoder.go:208.2,214.12 5 0
github.com/keshablive/quester/internal/framework/streaming/transcoder.go:218.49,242.35 5 0
github.com/keshablive/quester/internal/framework/streaming/transcoder.go:242.35,263.3 4 0
github.com/keshablive/quester/internal/framework/streaming/transcoder.go:266.2,277.13 5 0
github.com/keshablive/quester/internal/framework/streaming/transcoder.go:281.62,284.43 2 0
github.com/keshablive/quester/internal/framework/streaming/transcoder.go:284.43,285.43 1 0
github.com/keshablive/quester/internal/framework/streaming/transcoder.go:285.43,286.27 1 0
github.com/keshablive/quester/internal/framework/streaming/transcoder.go:286.27,288.10 2 0
github.com/keshablive/quester/internal/framework/streaming/transcoder.go:294.2,294.24 1 0
github.com/keshablive/quester/internal/framework/streaming/transcoder.go:294.24,296.3 1 0
github.com/keshablive/quester/internal/framework/streaming/transcoder.go:298.2,298.17 1 0
github.com/keshablive/quester/internal/framework/streaming/transcoder.go:302.39,309.38 5 0
github.com/keshablive/quester/internal/framework/streaming/transcoder.go:309.38,313.3 1 0
github.com/keshablive/quester/internal/framework/streaming/transcoder.go:317.39,321.2 3 0
github.com/keshablive/quester/internal/framework/streaming/transcoder.go:324.44,326.2 1 0
github.com/keshablive/quester/internal/framework/streaming/transcoder.go:329.53,331.2 1 0
github.com/keshablive/quester/internal/framework/streaming/transcoder.go:334.56,336.2 1 0
github.com/keshablive/quester/internal/framework/streaming/transcoder.go:339.56,349.17 4 0
github.com/keshablive/quester/internal/framework/streaming/transcoder.go:349.17,351.3 1 0
github.com/keshablive/quester/internal/framework/streaming/transcoder.go:353.2,353.14 1 0
github.com/keshablive/quester/internal/framework/streaming/transcoder.go:357.38,358.17 1 0
github.com/keshablive/quester/internal/framework/streaming/transcoder.go:358.17,359.34 1 0
github.com/keshablive/quester/internal/framework/streaming/transcoder.go:359.34,361.4 1 0
github.com/keshablive/quester/internal/framework/streaming/transcoder.go:365.2,365.50 1 0
github.com/keshablive/quester/internal/framework/streaming/transcoder.go:365.50,367.3 1 0
github.com/keshablive/quester/internal/framework/streaming/transcoder.go:369.2,370.12 2 0
github.com/keshablive/quester/internal/migrations/migrations.go:28.39,30.16 2 0
github.com/keshablive/quester/internal/migrations/migrations.go:30.16,32.3 1 0
github.com/keshablive/quester/internal/migrations/migrations.go:33.2,33.45 1 0
github.com/keshablive/quester/internal/migrations/migrations.go:38.43,40.18 2 0
github.com/keshablive/quester/internal/migrations/migrations.go:40.18,42.3 1 0
github.com/keshablive/quester/internal/migrations/migrations.go:44.2,45.51 2 0
github.com/keshablive/quester/internal/migrations/migrations.go:45.51,47.3 1 0
github.com/keshablive/quester/internal/migrations/migrations.go:48.2,48.17 1 0
github.com/keshablive/quester/internal/migrations/migrations.go:61.39,64.14 2 0
github.com/keshablive/quester/internal/migrations/migrations.go:65.25,68.13 3 0
github.com/keshablive/quester/internal/migrations/migrations.go:70.25,72.31 2 0
github.com/keshablive/quester/internal/migrations/migrations.go:74.24,76.30 2 0
github.com/keshablive/quester/internal/migrations/migrations.go:78.30,80.23 2 0
github.com/keshablive/quester/internal/migrations/migrations.go:80.23,82.4 1 0
github.com/keshablive/quester/internal/migrations/migrations.go:83.3,84.44 2 0
github.com/keshablive/quester/internal/migrations/migrations.go:86.10,87.92 1 0
github.com/keshablive/quester/internal/migrations/migrations.go:92.43,101.50 2 0
github.com/keshablive/quester/internal/migrations/migrations.go:101.50,103.3 1 0
github.com/keshablive/quester/internal/migrations/migrations.go:105.2,106.12 2 0
github.com/keshablive/quester/internal/migrations/migrations.go:110.42,202.36 11 0
github.com/keshablive/quester/internal/migrations/migrations.go:202.36,204.57 2 0
github.com/keshablive/quester/internal/migrations/migrations.go:204.57,206.4 1 0
github.com/keshablive/quester/internal/migrations/migrations.go:209.2,210.12 2 0
github.com/keshablive/quester/internal/migrations/migrations.go:214.72,257.47 3 0
github.com/keshablive/quester/internal/migrations/migrations.go:257.47,258.20 1 0
github.com/keshablive/quester/internal/migrations/migrations.go:258.20,259.55 1 0
github.com/keshablive/quester/internal/migrations/migrations.go:259.55,262.5 2 0
github.com/keshablive/quester/internal/migrations/migrations.go:262.10,264.5 1 0
github.com/keshablive/quester/internal/migrations/migrations.go:268.2,268.31 1 0
github.com/keshablive/quester/internal/migrations/migrations.go:268.31,270.3 1 0
github.com/keshablive/quester/internal/migrations/migrations.go:272.2,272.59 1 0
github.com/keshablive/quester/internal/migrations/migrations.go:272.59,274.3 1 0
github.com/keshablive/quester/internal/migrations/migrations.go:276.2,277.12 2 0
github.com/keshablive/quester/internal/framework/websocket/handler.go:68.28,83.2 4 0
github.com/keshablive/quester/internal/framework/websocket/handler.go:86.53,90.2 3 0
github.com/keshablive/quester/internal/framework/websocket/handler.go:93.25,97.6 3 0
github.com/keshablive/quester/internal/framework/websocket/handler.go:97.6,98.10 1 0
github.com/keshablive/quester/internal/framework/websocket/handler.go:99.29,113.33 5 0
github.com/keshablive/quester/internal/framework/websocket/handler.go:115.31,117.43 2 0
github.com/keshablive/quester/internal/framework/websocket/handler.go:117.43,120.5 2 0
github.com/keshablive/quester/internal/framework/websocket/handler.go:121.4,121.17 1 0
github.com/keshablive/quester/internal/framework/websocket/handler.go:123.29,124.27 1 0
github.com/keshablive/quester/internal/framework/websocket/handler.go:126.19,127.23 1 0
github.com/keshablive/quester/internal/framework/websocket/handler.go:129.23,130.10 1 0
github.com/keshablive/quester/internal/framework/websocket/handler.go:136.43,137.47 1 0
github.com/keshablive/quester/internal/framework/websocket/handler.go:137.47,142.39 3 0
github.com/keshablive/quester/internal/framework/websocket/handler.go:142.39,148.4 3 0
github.com/keshablive/quester/internal/framework/websocket/handler.go:151.3,166.19 4 0
github.com/keshablive/quester/internal/framework/websocket/handler.go:171.46,172.15 1 0
github.com/keshablive/quester/internal/framework/websocket/handler.go:172.15,175.3 2 0
github.com/keshablive/quester/internal/framework/websocket/handler.go:177.2,178.46 2 0
github.com/keshablive/quester/internal/framework/websocket/handler.go:178.46,184.3 5 0
github.com/keshablive/quester/internal/framework/websocket/handler.go:186.2,186.6 1 0
github.com/keshablive/quester/internal/framework/websocket/handler.go:186.6,188.17 2 0
github.com/keshablive/quester/internal/framework/websocket/handler.go:188.17,189.103 1 0
github.com/keshablive/quester/internal/framework/websocket/handler.go:189.103,191.5 1 0
github.com/keshablive/quester/internal/framework/websocket/handler.go:192.4,192.9 1 0
github.com/keshablive/quester/internal/framework/websocket/handler.go:195.3,195.85 1 0
github.com/keshablive/quester/internal/framework/websocket/handler.go:195.85,197.4 1 0
github.com/keshablive/quester/internal/framework/websocket/handler.go:202.47,204.15 2 0
github.com/keshablive/quester/internal/framework/websocket/handler.go:204.15,207.3 2 0
github.com/keshablive/quester/internal/framework/websocket/handler.go:209.2,209.6 1 0
github.com/keshablive/quester/internal/framework/websocket/handler.go:209.6,210.10 1 0
github.com/keshablive/quester/internal/framework/websocket/handler.go:211.35,213.11 2 0
github.com/keshablive/quester/internal/framework/websocket/handler.go:213.11,216.5 2 0
github.com/keshablive/quester/internal/framework/websocket/handler.go:218.4,218.81 1 0
github.com/keshablive/quester/internal/framework/websocket/handler.go:218.81,220.5 1 0
github.com/keshablive/quester/internal/framework/websocket/handler.go:222.19,224.77 2 0
github.com/keshablive/quester/internal/framework/websocket/handler.go:224.77,226.5 1 0
github.com/keshablive/quester/internal/framework/websocket/handler.go:232.70,234.57 2 0
github.com/keshablive/quester/internal/framework/websocket/handler.go:234.57,237.3 2 0
github.com/keshablive/quester/internal/framework/websocket/handler.go:240.2,244.18 3 0
github.com/keshablive/quester/internal/framework/websocket/handler.go:245.23,246.21 1 0
github.com/keshablive/quester/internal/framework/websocket/handler.go:247.23,248.34 1 0
github.com/keshablive/quester/internal/framework/websocket/handler.go:249.25,250.38 1 0
github.com/keshablive/quester/internal/framework/websocket/handler.go:251.23,252.34 1 0
github.com/keshablive/quester/internal/framework/websocket/handler.go:253.31,254.35 1 0
github.com/keshablive/quester/internal/framework/websocket/handler.go:255.30,256.34 1 0
github.com/keshablive/quester/internal/framework/websocket/handler.go:257.10,258.71 1 0
github.com/keshablive/quester/internal/framework/websocket/handler.go:263.48,269.2 2 0
github.com/keshablive/quester/internal/framework/websocket/handler.go:272.69,274.18 1 0
github.com/keshablive/quester/internal/framework/websocket/handler.go:274.18,277.3 2 0
github.com/keshablive/quester/internal/framework/websocket/handler.go:280.2,291.39 3 0
github.com/keshablive/quester/internal/framework/websocket/handler.go:295.73,296.18 1 0
github.com/keshablive/quester/internal/framework/websocket/handler.go:296.18,298.3 1 0
github.com/keshablive/quester/internal/framework/websocket/handler.go:301.2,309.48 2 0
github.com/keshablive/quester/internal/framework/websocket/handler.go:313.69,315.58 1 0
github.com/keshablive/quester/internal/framework/websocket/handler.go:315.58,316.57 1 0
github.com/keshablive/quester/internal/framework/websocket/handler.go:316.57,327.4 2 0
github.com/keshablive/quester/internal/framework/websocket/handler.go:332.70,334.26 2 0
github.com/keshablive/quester/internal/framework/websocket/handler.go:334.26,337.3 2 0
github.com/keshablive/quester/internal/framework/websocket/handler.go:340.2,340.57 1 0
github.com/keshablive/quester/internal/framework/websocket/handler.go:344.69,346.26 2 0
github.com/keshablive/quester/internal/framework/websocket/handler.go:346.26,348.3 1 0
github.com/keshablive/quester/internal/framework/websocket/handler.go:351.2,360.63 2 0
github.com/keshablive/quester/internal/framework/websocket/handler.go:364.68,366.16 2 0
github.com/keshablive/quester/internal/framework/websocket/handler.go:366.16,369.3 2 0
github.com/keshablive/quester/internal/framework/websocket/handler.go:371.2,371.9 1 0
github.com/keshablive/quester/internal/framework/websocket/handler.go:372.25,372.25 0 0
github.com/keshablive/quester/internal/framework/websocket/handler.go:373.10,374.23 1 0
github.com/keshablive/quester/internal/framework/websocket/handler.go:379.69,382.37 3 0
github.com/keshablive/quester/internal/framework/websocket/handler.go:382.37,383.57 1 0
github.com/keshablive/quester/internal/framework/websocket/handler.go:383.57,386.4 2 0
github.com/keshablive/quester/internal/framework/websocket/handler.go:388.2,392.52 2 0
github.com/keshablive/quester/internal/framework/websocket/handler.go:392.52,393.77 1 0
github.com/keshablive/quester/internal/framework/websocket/handler.go:393.77,395.4 1 0
github.com/keshablive/quester/internal/framework/websocket/handler.go:400.81,408.37 3 0
github.com/keshablive/quester/internal/framework/websocket/handler.go:408.37,409.59 1 0
github.com/keshablive/quester/internal/framework/websocket/handler.go:409.59,412.4 1 0
github.com/keshablive/quester/internal/framework/websocket/handler.go:417.50,421.37 3 0
github.com/keshablive/quester/internal/framework/websocket/handler.go:421.37,423.3 1 0
github.com/keshablive/quester/internal/framework/websocket/handler.go:427.64,436.2 2 0
github.com/keshablive/quester/internal/framework/websocket/handler.go:439.37,444.37 4 0
github.com/keshablive/quester/internal/framework/websocket/handler.go:444.37,450.41 4 0
github.com/keshablive/quester/internal/framework/websocket/handler.go:450.41,452.4 1 0
github.com/keshablive/quester/internal/framework/websocket/handler.go:457.44,461.2 3 0
github.com/keshablive/quester/internal/framework/websocket/handler.go:464.77,469.37 4 0
github.com/keshablive/quester/internal/framework/websocket/handler.go:469.37,470.57 1 0
github.com/keshablive/quester/internal/framework/websocket/handler.go:470.57,472.4 1 0
github.com/keshablive/quester/internal/framework/websocket/handler.go:474.2,474.20 1 0
github.com/keshablive/quester/internal/framework/websocket/handler.go:478.62,480.2 1 0
github.com/keshablive/quester/internal/framework/websocket/handler.go:483.98,490.2 2 0
github.com/keshablive/quester/internal/framework/websocket/handler.go:493.68,495.2 1 0
github.com/keshablive/quester/internal/framework/websocket/handler.go:498.49,500.2 1 0
github.com/keshablive/quester/internal/framework/websocket/handler.go:503.30,509.37 4 0
github.com/keshablive/quester/internal/framework/websocket/handler.go:509.37,512.3 2 0
github.com/keshablive/quester/internal/framework/websocket/manager.go:30.28,37.2 1 0
github.com/keshablive/quester/internal/framework/websocket/manager.go:40.118,44.2 3 0
github.com/keshablive/quester/internal/framework/websocket/manager.go:47.55,52.48 3 0
github.com/keshablive/quester/internal/framework/websocket/manager.go:52.48,75.3 5 0
github.com/keshablive/quester/internal/framework/websocket/manager.go:79.46,92.24 6 0
github.com/keshablive/quester/internal/framework/websocket/manager.go:92.24,94.3 1 0
github.com/keshablive/quester/internal/framework/websocket/manager.go:98.48,107.40 5 0
github.com/keshablive/quester/internal/framework/websocket/manager.go:107.40,109.3 1 0
github.com/keshablive/quester/internal/framework/websocket/manager.go:112.2,113.44 2 0
github.com/keshablive/quester/internal/framework/websocket/manager.go:113.44,115.3 1 0
github.com/keshablive/quester/internal/framework/websocket/manager.go:118.2,118.34 1 0
github.com/keshablive/quester/internal/framework/websocket/manager.go:118.34,120.34 2 0
github.com/keshablive/quester/internal/framework/websocket/manager.go:120.34,122.4 1 0
github.com/keshablive/quester/internal/framework/websocket/manager.go:125.2,128.27 2 0
github.com/keshablive/quester/internal/framework/websocket/manager.go:128.27,130.3 1 0
github.com/keshablive/quester/internal/framework/websocket/manager.go:134.85,139.23 4 0
github.com/keshablive/quester/internal/framework/websocket/manager.go:139.23,141.3 1 0
github.com/keshablive/quester/internal/framework/websocket/manager.go:143.2,144.16 2 0
github.com/keshablive/quester/internal/framework/websocket/manager.go:144.16,146.3 1 0
github.com/keshablive/quester/internal/framework/websocket/manager.go:148.2,148.33 1 0
github.com/keshablive/quester/internal/framework/websocket/manager.go:148.33,153.18 4 0
github.com/keshablive/quester/internal/framework/websocket/manager.go:153.18,154.11 1 0
github.com/keshablive/quester/internal/framework/websocket/manager.go:155.27,155.27 0 0
github.com/keshablive/quester/internal/framework/websocket/manager.go:156.22,157.21 1 0
github.com/keshablive/quester/internal/framework/websocket/manager.go:158.12,158.12 0 0
github.com/keshablive/quester/internal/framework/websocket/manager.go:164.2,164.12 1 0
github.com/keshablive/quester/internal/framework/websocket/manager.go:168.85,173.23 4 0
github.com/keshablive/quester/internal/framework/websocket/manager.go:173.23,175.3 1 0
github.com/keshablive/quester/internal/framework/websocket/manager.go:177.2,178.16 2 0
github.com/keshablive/quester/internal/framework/websocket/manager.go:178.16,180.3 1 0
github.com/keshablive/quester/internal/framework/websocket/manager.go:182.2,182.33 1 0
github.com/keshablive/quester/internal/framework/websocket/manager.go:182.33,187.18 4 0
github.com/keshablive/quester/internal/framework/websocket/manager.go:187.18,188.11 1 0
github.com/keshablive/quester/internal/framework/websocket/manager.go:189.27,189.27 0 0
github.com/keshablive/quester/internal/framework/websocket/manager.go:190.22,191.21 1 0
github.com/keshablive/quester/internal/framework/websocket/manager.go:192.12,192.12 0 0
github.com/keshablive/quester/internal/framework/websocket/manager.go:198.2,198.12 1 0
github.com/keshablive/quester/internal/framework/websocket/manager.go:202.94,207.23 4 0
github.com/keshablive/quester/internal/framework/websocket/manager.go:207.23,209.3 1 0
github.com/keshablive/quester/internal/framework/websocket/manager.go:211.2,212.16 2 0
github.com/keshablive/quester/internal/framework/websocket/manager.go:212.16,214.3 1 0
github.com/keshablive/quester/internal/framework/websocket/manager.go:216.2,216.33 1 0
github.com/keshablive/quester/internal/framework/websocket/manager.go:216.33,221.18 4 0
github.com/keshablive/quester/internal/framework/websocket/manager.go:221.18,222.11 1 0
github.com/keshablive/quester/internal/framework/websocket/manager.go:223.27,223.27 0 0
github.com/keshablive/quester/internal/framework/websocket/manager.go:224.22,225.21 1 0
github.com/keshablive/quester/internal/framework/websocket/manager.go:226.12,226.12 0 0
github.com/keshablive/quester/internal/framework/websocket/manager.go:232.2,232.12 1 0
github.com/keshablive/quester/internal/framework/websocket/manager.go:236.57,241.17 4 0
github.com/keshablive/quester/internal/framework/websocket/manager.go:241.17,243.3 1 0
github.com/keshablive/quester/internal/framework/websocket/manager.go:246.2,251.12 3 0
github.com/keshablive/quester/internal/framework/websocket/manager.go:255.58,260.17 4 0
github.com/keshablive/quester/internal/framework/websocket/manager.go:260.17,262.3 1 0
github.com/keshablive/quester/internal/framework/websocket/manager.go:265.2,269.35 3 0
github.com/keshablive/quester/internal/framework/websocket/manager.go:269.35,271.3 1 0
github.com/keshablive/quester/internal/framework/websocket/manager.go:273.2,273.12 1 0
github.com/keshablive/quester/internal/framework/websocket/manager.go:277.45,286.2 3 0
github.com/keshablive/quester/internal/framework/websocket/manager.go:289.36,293.46 3 0
github.com/keshablive/quester/internal/framework/websocket/manager.go:293.46,296.3 2 0
github.com/keshablive/quester/internal/framework/websocket/manager.go:298.2,298.6 1 0
github.com/keshablive/quester/internal/framework/websocket/manager.go:298.6,300.17 2 0
github.com/keshablive/quester/internal/framework/websocket/manager.go:300.17,301.9 1 0
github.com/keshablive/quester/internal/framework/websocket/manager.go:305.3,306.55 2 0
github.com/keshablive/quester/internal/framework/websocket/manager.go:306.55,307.12 1 0
github.com/keshablive/quester/internal/framework/websocket/manager.go:311.3,311.36 1 0
github.com/keshablive/quester/internal/framework/websocket/manager.go:311.36,313.4 1 0
github.com/keshablive/quester/internal/framework/websocket/manager.go:318.37,322.6 3 0
github.com/keshablive/quester/internal/framework/websocket/manager.go:322.6,323.10 1 0
github.com/keshablive/quester/internal/framework/websocket/manager.go:324.35,326.11 2 0
github.com/keshablive/quester/internal/framework/websocket/manager.go:326.11,329.5 2 0
github.com/keshablive/quester/internal/framework/websocket/manager.go:331.4,331.81 1 0
github.com/keshablive/quester/internal/framework/websocket/manager.go:331.81,333.5 1 0
github.com/keshablive/quester/internal/framework/websocket/manager.go:335.19,338.77 2 0
github.com/keshablive/quester/internal/framework/websocket/manager.go:338.77,340.5 1 0
github.com/keshablive/quester/internal/framework/websocket/manager.go:346.54,347.26 1 0
github.com/keshablive/quester/internal/framework/websocket/manager.go:347.26,348.13 1 0
github.com/keshablive/quester/internal/framework/websocket/manager.go:348.13,350.4 1 0
github.com/keshablive/quester/internal/framework/websocket/manager.go:352.2,352.14 1 0
github.com/keshablive/quester/internal/framework/websocket/redis_manager.go:44.81,59.2 4 0
github.com/keshablive/quester/internal/framework/websocket/redis_manager.go:62.84,73.16 3 0
github.com/keshablive/quester/internal/framework/websocket/redis_manager.go:73.16,75.3 1 0
github.com/keshablive/quester/internal/framework/websocket/redis_manager.go:77.2,78.55 2 0
github.com/keshablive/quester/internal/framework/websocket/redis_manager.go:82.96,93.16 3 0
github.com/keshablive/quester/internal/framework/websocket/redis_manager.go:93.16,95.3 1 0
github.com/keshablive/quester/internal/framework/websocket/redis_manager.go:97.2,98.55 2 0
github.com/keshablive/quester/internal/framework/websocket/redis_manager.go:102.78,112.16 3 0
github.com/keshablive/quester/internal/framework/websocket/redis_manager.go:112.16,114.3 1 0
github.com/keshablive/quester/internal/framework/websocket/redis_manager.go:116.2,117.55 2 0
github.com/keshablive/quester/internal/framework/websocket/redis_manager.go:121.62,130.16 3 0
github.com/keshablive/quester/internal/framework/websocket/redis_manager.go:130.16,132.3 1 0
github.com/keshablive/quester/internal/framework/websocket/redis_manager.go:134.2,134.70 1 0
github.com/keshablive/quester/internal/framework/websocket/redis_manager.go:138.62,142.50 3 0
github.com/keshablive/quester/internal/framework/websocket/redis_manager.go:142.50,145.3 2 0
github.com/keshablive/quester/internal/framework/websocket/redis_manager.go:147.2,152.12 5 0
github.com/keshablive/quester/internal/framework/websocket/redis_manager.go:156.64,160.50 3 0
github.com/keshablive/quester/internal/framework/websocket/redis_manager.go:160.50,163.3 2 0
github.com/keshablive/quester/internal/framework/websocket/redis_manager.go:165.2,170.12 5 0
github.com/keshablive/quester/internal/framework/websocket/redis_manager.go:174.66,178.50 3 0
github.com/keshablive/quester/internal/framework/websocket/redis_manager.go:178.50,181.3 2 0
github.com/keshablive/quester/internal/framework/websocket/redis_manager.go:183.2,188.12 5 0
github.com/keshablive/quester/internal/framework/websocket/redis_manager.go:192.48,200.2 5 0
github.com/keshablive/quester/internal/framework/websocket/redis_manager.go:203.82,206.6 2 0
github.com/keshablive/quester/internal/framework/websocket/redis_manager.go:206.6,207.10 1 0
github.com/keshablive/quester/internal/framework/websocket/redis_manager.go:208.20,209.18 1 0
github.com/keshablive/quester/internal/framework/websocket/redis_manager.go:209.18,211.5 1 0
github.com/keshablive/quester/internal/framework/websocket/redis_manager.go:212.4,212.38 1 0
github.com/keshablive/quester/internal/framework/websocket/redis_manager.go:214.24,216.10 2 0
github.com/keshablive/quester/internal/framework/websocket/redis_manager.go:222.60,224.67 2 0
github.com/keshablive/quester/internal/framework/websocket/redis_manager.go:224.67,227.3 2 0
github.com/keshablive/quester/internal/framework/websocket/redis_manager.go:230.2,239.23 2 0
github.com/keshablive/quester/internal/framework/websocket/redis_manager.go:239.23,242.3 1 0
github.com/keshablive/quester/internal/framework/websocket/redis_manager.go:242.8,242.35 1 0
github.com/keshablive/quester/internal/framework/websocket/redis_manager.go:242.35,245.3 1 0
github.com/keshablive/quester/internal/framework/websocket/redis_manager.go:245.8,245.36 1 0
github.com/keshablive/quester/internal/framework/websocket/redis_manager.go:245.36,248.3 1 0
github.com/keshablive/quester/internal/framework/websocket/redis_manager.go:248.8,251.3 1 0
github.com/keshablive/quester/internal/framework/websocket/redis_manager.go:255.69,259.46 3 0
github.com/keshablive/quester/internal/framework/websocket/redis_manager.go:259.46,260.32 1 0
github.com/keshablive/quester/internal/framework/websocket/redis_manager.go:260.32,262.4 1 0
github.com/keshablive/quester/internal/framework/websocket/redis_manager.go:267.59,271.55 3 0
github.com/keshablive/quester/internal/framework/websocket/redis_manager.go:271.55,272.40 1 0
github.com/keshablive/quester/internal/framework/websocket/redis_manager.go:272.40,274.4 1 0
github.com/keshablive/quester/internal/framework/websocket/redis_manager.go:275.3,275.34 1 0
github.com/keshablive/quester/internal/framework/websocket/redis_manager.go:278.2,278.12 1 0
github.com/keshablive/quester/internal/framework/websocket/redis_manager.go:282.59,287.38 4 0
github.com/keshablive/quester/internal/framework/websocket/redis_manager.go:287.38,289.3 1 0
github.com/keshablive/quester/internal/framework/websocket/redis_manager.go:290.2,290.17 1 0
github.com/keshablive/quester/internal/framework/websocket/redis_manager.go:294.75,296.51 1 0
github.com/keshablive/quester/internal/framework/websocket/redis_manager.go:296.51,298.3 1 0
github.com/keshablive/quester/internal/framework/websocket/redis_manager.go:301.2,301.55 1 0
github.com/keshablive/quester/internal/framework/websocket/redis_manager.go:301.55,303.3 1 0
github.com/keshablive/quester/internal/framework/websocket/redis_manager.go:305.2,305.12 1 0
github.com/keshablive/quester/internal/framework/websocket/redis_manager.go:309.77,311.48 1 0
github.com/keshablive/quester/internal/framework/websocket/redis_manager.go:311.48,314.53 2 0
github.com/keshablive/quester/internal/framework/websocket/redis_manager.go:314.53,316.4 1 0
github.com/keshablive/quester/internal/framework/websocket/redis_manager.go:320.2,322.46 3 0
github.com/keshablive/quester/internal/framework/websocket/redis_manager.go:322.46,323.32 1 0
github.com/keshablive/quester/internal/framework/websocket/redis_manager.go:323.32,325.9 2 0
github.com/keshablive/quester/internal/framework/websocket/redis_manager.go:328.2,330.32 2 0
github.com/keshablive/quester/internal/framework/websocket/redis_manager.go:330.32,333.55 2 0
github.com/keshablive/quester/internal/framework/websocket/redis_manager.go:333.55,335.4 1 0
github.com/keshablive/quester/internal/framework/websocket/redis_manager.go:338.2,338.12 1 0
github.com/keshablive/quester/internal/framework/websocket/redis_manager.go:342.36,348.40 4 0
github.com/keshablive/quester/internal/framework/websocket/redis_manager.go:348.40,350.3 1 0
github.com/keshablive/quester/internal/framework/websocket/redis_manager.go:352.2,352.49 1 0
github.com/keshablive/quester/internal/framework/websocket/redis_manager.go:356.38,361.2 3 0
github.com/keshablive/quester/internal/framework/websocket/redis_manager.go:364.75,370.16 5 0
github.com/keshablive/quester/internal/framework/websocket/redis_manager.go:370.16,372.3 1 0
github.com/keshablive/quester/internal/framework/websocket/redis_manager.go:374.2,374.40 1 0
github.com/keshablive/quester/internal/framework/websocket/redis_manager.go:374.40,376.3 1 0
github.com/keshablive/quester/internal/framework/websocket/redis_manager.go:378.2,378.15 1 0
github.com/keshablive/quester/internal/framework/websocket/typing_indicator.go:34.69,39.2 1 0
github.com/keshablive/quester/internal/framework/websocket/typing_indicator.go:42.97,45.14 2 0
github.com/keshablive/quester/internal/framework/websocket/typing_indicator.go:45.14,48.17 2 0
github.com/keshablive/quester/internal/framework/websocket/typing_indicator.go:48.17,50.4 1 0
github.com/keshablive/quester/internal/framework/websocket/typing_indicator.go:53.3,59.48 3 0
github.com/keshablive/quester/internal/framework/websocket/typing_indicator.go:63.2,64.16 2 0
github.com/keshablive/quester/internal/framework/websocket/typing_indicator.go:64.16,66.3 1 0
github.com/keshablive/quester/internal/framework/websocket/typing_indicator.go:69.2,75.47 3 0
github.com/keshablive/quester/internal/framework/websocket/typing_indicator.go:79.98,82.14 2 0
github.com/keshablive/quester/internal/framework/websocket/typing_indicator.go:82.14,85.17 2 0
github.com/keshablive/quester/internal/framework/websocket/typing_indicator.go:85.17,87.4 1 0
github.com/keshablive/quester/internal/framework/websocket/typing_indicator.go:90.3,96.48 3 0
github.com/keshablive/quester/internal/framework/websocket/typing_indicator.go:100.2,101.16 2 0
github.com/keshablive/quester/internal/framework/websocket/typing_indicator.go:101.16,103.3 1 0
github.com/keshablive/quester/internal/framework/websocket/typing_indicator.go:106.2,112.47 3 0
github.com/keshablive/quester/internal/framework/websocket/typing_indicator.go:116.89,120.22 3 0
github.com/keshablive/quester/internal/framework/websocket/typing_indicator.go:120.22,122.3 1 0
github.com/keshablive/quester/internal/framework/websocket/typing_indicator.go:123.2,123.16 1 0
github.com/keshablive/quester/internal/framework/websocket/typing_indicator.go:123.16,125.3 1 0
github.com/keshablive/quester/internal/framework/websocket/typing_indicator.go:127.2,127.30 1 0
github.com/keshablive/quester/internal/framework/websocket/typing_indicator.go:131.90,135.22 3 0
github.com/keshablive/quester/internal/framework/websocket/typing_indicator.go:135.22,137.3 1 0
github.com/keshablive/quester/internal/framework/websocket/typing_indicator.go:138.2,138.16 1 0
github.com/keshablive/quester/internal/framework/websocket/typing_indicator.go:138.16,140.3 1 0
github.com/keshablive/quester/internal/framework/websocket/typing_indicator.go:142.2,142.30 1 0
github.com/keshablive/quester/internal/framework/websocket/typing_indicator.go:146.86,150.16 3 0
github.com/keshablive/quester/internal/framework/websocket/typing_indicator.go:150.16,152.3 1 0
github.com/keshablive/quester/internal/framework/websocket/typing_indicator.go:154.2,154.20 1 0
github.com/keshablive/quester/internal/framework/websocket/typing_indicator.go:154.20,156.3 1 0
github.com/keshablive/quester/internal/framework/websocket/typing_indicator.go:158.2,159.16 2 0
github.com/keshablive/quester/internal/framework/websocket/typing_indicator.go:159.16,161.3 1 0
github.com/keshablive/quester/internal/framework/websocket/typing_indicator.go:163.2,164.29 2 0
github.com/keshablive/quester/internal/framework/websocket/typing_indicator.go:164.29,165.17 1 0
github.com/keshablive/quester/internal/framework/websocket/typing_indicator.go:165.17,166.38 1 0
github.com/keshablive/quester/internal/framework/websocket/typing_indicator.go:166.38,168.5 1 0
github.com/keshablive/quester/internal/framework/websocket/typing_indicator.go:172.2,172.21 1 0
github.com/keshablive/quester/internal/framework/websocket/typing_indicator.go:176.92,180.16 3 0
github.com/keshablive/quester/internal/framework/websocket/typing_indicator.go:180.16,182.3 1 0
github.com/keshablive/quester/internal/framework/websocket/typing_indicator.go:184.2,184.20 1 0
github.com/keshablive/quester/internal/framework/websocket/typing_indicator.go:184.20,186.3 1 0
github.com/keshablive/quester/internal/framework/websocket/typing_indicator.go:188.2,189.16 2 0
github.com/keshablive/quester/internal/framework/websocket/typing_indicator.go:189.16,191.3 1 0
github.com/keshablive/quester/internal/framework/websocket/typing_indicator.go:193.2,194.29 2 0
github.com/keshablive/quester/internal/framework/websocket/typing_indicator.go:194.29,195.17 1 0
github.com/keshablive/quester/internal/framework/websocket/typing_indicator.go:195.17,196.38 1 0
github.com/keshablive/quester/internal/framework/websocket/typing_indicator.go:196.38,198.5 1 0
github.com/keshablive/quester/internal/framework/websocket/typing_indicator.go:202.2,202.21 1 0
github.com/keshablive/quester/internal/framework/websocket/typing_indicator.go:206.71,210.16 3 0
github.com/keshablive/quester/internal/framework/websocket/typing_indicator.go:210.16,212.3 1 0
github.com/keshablive/quester/internal/framework/websocket/typing_indicator.go:214.2,214.20 1 0
github.com/keshablive/quester/internal/framework/websocket/typing_indicator.go:214.20,216.3 1 0
github.com/keshablive/quester/internal/framework/websocket/typing_indicator.go:218.2,218.45 1 0
github.com/keshablive/quester/internal/framework/websocket/typing_indicator.go:222.74,226.16 3 0
github.com/keshablive/quester/internal/framework/websocket/typing_indicator.go:226.16,228.3 1 0
github.com/keshablive/quester/internal/framework/websocket/typing_indicator.go:230.2,230.20 1 0
github.com/keshablive/quester/internal/framework/websocket/typing_indicator.go:230.20,232.3 1 0
github.com/keshablive/quester/internal/framework/websocket/typing_indicator.go:234.2,234.45 1 0
github.com/keshablive/quester/internal/framework/websocket/typing_indicator.go:238.77,242.16 3 0
github.com/keshablive/quester/internal/framework/websocket/typing_indicator.go:242.16,244.3 1 0
github.com/keshablive/quester/internal/framework/websocket/typing_indicator.go:246.2,246.20 1 0
github.com/keshablive/quester/internal/framework/websocket/typing_indicator.go:246.20,248.3 1 0
github.com/keshablive/quester/internal/framework/websocket/typing_indicator.go:250.2,250.45 1 0
github.com/keshablive/quester/internal/framework/websocket/typing_indicator.go:254.90,257.2 2 0
github.com/keshablive/quester/internal/framework/websocket/typing_indicator.go:260.91,263.2 2 0
github.com/keshablive/quester/internal/framework/websocket/typing_indicator.go:266.90,274.2 2 0
github.com/keshablive/quester/internal/framework/websocket/typing_indicator.go:277.90,281.2 2 0
github.com/keshablive/quester/internal/framework/websocket/typing_indicator.go:284.85,286.2 1 0
github.com/keshablive/quester/internal/framework/websocket/typing_indicator.go:289.81,291.2 1 0
github.com/keshablive/quester/internal/framework/websocket/typing_indicator.go:294.81,296.2 1 0
github.com/keshablive/quester/internal/framework/websocket/typing_indicator.go:299.86,301.2 1 0
github.com/keshablive/quester/internal/framework/websocket/typing_indicator.go:304.81,306.2 1 0
github.com/keshablive/quester/internal/framework/websocket/typing_indicator.go:309.70,310.23 1 0
github.com/keshablive/quester/internal/framework/websocket/typing_indicator.go:310.23,312.3 1 0
github.com/keshablive/quester/internal/framework/websocket/typing_indicator.go:313.2,313.32 1 0
github.com/keshablive/quester/internal/framework/websocket/typing_indicator.go:317.96,321.16 3 0
github.com/keshablive/quester/internal/framework/websocket/typing_indicator.go:321.16,323.3 1 0
github.com/keshablive/quester/internal/framework/websocket/typing_indicator.go:325.2,325.17 1 0
github.com/keshablive/quester/internal/framework/websocket/typing_indicator.go:329.86,334.16 3 0
github.com/keshablive/quester/internal/framework/websocket/typing_indicator.go:334.16,336.3 1 0
github.com/keshablive/quester/internal/framework/websocket/typing_indicator.go:338.2,338.17 1 0
github.com/keshablive/quester/internal/framework/websocket/typing_indicator.go:338.17,341.3 1 0
github.com/keshablive/quester/internal/framework/websocket/typing_indicator.go:344.2,344.55 1 0
github.com/keshablive/quester/internal/framework/websocket/typing_indicator.go:348.87,353.16 3 0
github.com/keshablive/quester/internal/framework/websocket/typing_indicator.go:353.16,355.3 1 0
github.com/keshablive/quester/internal/framework/websocket/typing_indicator.go:357.2,357.17 1 0
github.com/keshablive/quester/internal/framework/websocket/typing_indicator.go:357.17,360.3 1 0
github.com/keshablive/quester/internal/framework/websocket/typing_indicator.go:363.2,363.55 1 0
github.com/keshablive/quester/internal/routes/admin_routes.go:13.86,19.26 4 0
github.com/keshablive/quester/internal/routes/admin_routes.go:19.26,49.3 5 0
github.com/keshablive/quester/internal/routes/analytics_routes.go:11.98,32.2 11 0
github.com/keshablive/quester/internal/routes/auth_routes.go:13.141,69.2 17 0
github.com/keshablive/quester/internal/routes/certificate_routes.go:12.108,64.2 10 0
github.com/keshablive/quester/internal/routes/classified_routes.go:12.109,88.2 14 0
github.com/keshablive/quester/internal/routes/gamification_routes.go:9.196,18.2 3 0
github.com/keshablive/quester/internal/routes/lms_routes.go:9.189,18.2 3 0
github.com/keshablive/quester/internal/routes/messages_routes.go:13.142,57.2 25 0
github.com/keshablive/quester/internal/routes/metrics_routes.go:11.41,17.46 2 0
github.com/keshablive/quester/internal/routes/metrics_routes.go:17.46,22.3 1 0
github.com/keshablive/quester/internal/routes/metrics_routes.go:25.2,25.45 1 0
github.com/keshablive/quester/internal/routes/metrics_routes.go:25.45,32.3 1 0
github.com/keshablive/quester/internal/routes/metrics_routes.go:35.2,35.44 1 0
github.com/keshablive/quester/internal/routes/metrics_routes.go:35.44,39.3 1 0
github.com/keshablive/quester/internal/routes/notifications_routes.go:13.109,41.2 15 0
github.com/keshablive/quester/internal/routes/property_routes.go:12.99,76.2 12 0
github.com/keshablive/quester/internal/routes/reports_routes.go:12.155,62.2 33 0
github.com/keshablive/quester/internal/routes/routes.go:18.55,23.46 3 0
github.com/keshablive/quester/internal/routes/routes.go:23.46,28.3 1 0
github.com/keshablive/quester/internal/routes/routes.go:31.2,96.16 41 0
github.com/keshablive/quester/internal/routes/routes.go:96.16,98.3 1 0
github.com/keshablive/quester/internal/routes/routes.go:100.2,122.74 5 0
github.com/keshablive/quester/internal/routes/routes.go:122.74,124.3 1 0
github.com/keshablive/quester/internal/routes/routes.go:125.2,131.16 3 0
github.com/keshablive/quester/internal/routes/routes.go:131.16,133.3 1 0
github.com/keshablive/quester/internal/routes/routes.go:137.2,143.24 5 0
github.com/keshablive/quester/internal/routes/routes.go:143.24,147.3 3 0
github.com/keshablive/quester/internal/routes/routes.go:150.2,171.16 20 0
github.com/keshablive/quester/internal/routes/routes.go:171.16,173.3 1 0
github.com/keshablive/quester/internal/routes/routes.go:188.2,237.22 20 0
github.com/keshablive/quester/internal/routes/routes.go:241.96,245.2 0 0
github.com/keshablive/quester/internal/routes/social_routes.go:16.3,67.2 31 0
github.com/keshablive/quester/internal/routes/stream_routes.go:12.100,69.2 9 0
github.com/keshablive/quester/internal/routes/transaction_routes.go:13.124,90.2 14 0
github.com/keshablive/quester/internal/routes/websocket_routes.go:12.90,14.42 1 0
github.com/keshablive/quester/internal/routes/websocket_routes.go:14.42,15.38 1 0
github.com/keshablive/quester/internal/routes/websocket_routes.go:15.38,18.19 2 0
github.com/keshablive/quester/internal/routes/websocket_routes.go:18.19,20.5 1 0
github.com/keshablive/quester/internal/routes/websocket_routes.go:23.4,23.19 1 0
github.com/keshablive/quester/internal/routes/websocket_routes.go:23.19,27.5 1 0
github.com/keshablive/quester/internal/routes/websocket_routes.go:30.4,31.19 2 0
github.com/keshablive/quester/internal/routes/websocket_routes.go:33.3,35.5 1 0
github.com/keshablive/quester/internal/routes/websocket_routes.go:39.2,58.66 8 0
github.com/keshablive/quester/internal/mocks/BadgeRepository.go:21.101,24.19 2 0
github.com/keshablive/quester/internal/mocks/BadgeRepository.go:24.19,25.58 1 0
github.com/keshablive/quester/internal/mocks/BadgeRepository.go:28.2,29.79 2 0
github.com/keshablive/quester/internal/mocks/BadgeRepository.go:29.79,31.3 1 0
github.com/keshablive/quester/internal/mocks/BadgeRepository.go:31.8,33.3 1 0
github.com/keshablive/quester/internal/mocks/BadgeRepository.go:35.2,35.11 1 0
github.com/keshablive/quester/internal/mocks/BadgeRepository.go:39.83,42.19 2 0
github.com/keshablive/quester/internal/mocks/BadgeRepository.go:42.19,43.48 1 0
github.com/keshablive/quester/internal/mocks/BadgeRepository.go:46.2,47.75 2 0
github.com/keshablive/quester/internal/mocks/BadgeRepository.go:47.75,49.3 1 0
github.com/keshablive/quester/internal/mocks/BadgeRepository.go:49.8,51.3 1 0
github.com/keshablive/quester/internal/mocks/BadgeRepository.go:53.2,53.11 1 0
github.com/keshablive/quester/internal/mocks/BadgeRepository.go:57.101,60.19 2 0
github.com/keshablive/quester/internal/mocks/BadgeRepository.go:60.19,61.48 1 0
github.com/keshablive/quester/internal/mocks/BadgeRepository.go:64.2,65.82 2 0
github.com/keshablive/quester/internal/mocks/BadgeRepository.go:65.82,67.3 1 0
github.com/keshablive/quester/internal/mocks/BadgeRepository.go:67.8,69.3 1 0
github.com/keshablive/quester/internal/mocks/BadgeRepository.go:71.2,71.11 1 0
github.com/keshablive/quester/internal/mocks/BadgeRepository.go:75.101,78.19 2 0
github.com/keshablive/quester/internal/mocks/BadgeRepository.go:78.19,79.49 1 0
github.com/keshablive/quester/internal/mocks/BadgeRepository.go:82.2,84.89 3 0
github.com/keshablive/quester/internal/mocks/BadgeRepository.go:84.89,86.3 1 0
github.com/keshablive/quester/internal/mocks/BadgeRepository.go:87.2,87.80 1 0
github.com/keshablive/quester/internal/mocks/BadgeRepository.go:87.80,89.3 1 0
github.com/keshablive/quester/internal/mocks/BadgeRepository.go:89.8,90.24 1 0
github.com/keshablive/quester/internal/mocks/BadgeRepository.go:90.24,92.4 1 0
github.com/keshablive/quester/internal/mocks/BadgeRepository.go:95.2,95.71 1 0
github.com/keshablive/quester/internal/mocks/BadgeRepository.go:95.71,97.3 1 0
github.com/keshablive/quester/internal/mocks/BadgeRepository.go:97.8,99.3 1 0
github.com/keshablive/quester/internal/mocks/BadgeRepository.go:101.2,101.15 1 0
github.com/keshablive/quester/internal/mocks/BadgeRepository.go:105.120,108.19 2 0
github.com/keshablive/quester/internal/mocks/BadgeRepository.go:108.19,109.50 1 0
github.com/keshablive/quester/internal/mocks/BadgeRepository.go:112.2,114.99 3 0
github.com/keshablive/quester/internal/mocks/BadgeRepository.go:114.99,116.3 1 0
github.com/keshablive/quester/internal/mocks/BadgeRepository.go:117.2,117.90 1 0
github.com/keshablive/quester/internal/mocks/BadgeRepository.go:117.90,119.3 1 0
github.com/keshablive/quester/internal/mocks/BadgeRepository.go:119.8,120.24 1 0
github.com/keshablive/quester/internal/mocks/BadgeRepository.go:120.24,122.4 1 0
github.com/keshablive/quester/internal/mocks/BadgeRepository.go:125.2,125.82 1 0
github.com/keshablive/quester/internal/mocks/BadgeRepository.go:125.82,127.3 1 0
github.com/keshablive/quester/internal/mocks/BadgeRepository.go:127.8,129.3 1 0
github.com/keshablive/quester/internal/mocks/BadgeRepository.go:131.2,131.15 1 0
github.com/keshablive/quester/internal/mocks/BadgeRepository.go:135.121,138.19 2 0
github.com/keshablive/quester/internal/mocks/BadgeRepository.go:138.19,139.59 1 0
github.com/keshablive/quester/internal/mocks/BadgeRepository.go:142.2,144.91 3 0
github.com/keshablive/quester/internal/mocks/BadgeRepository.go:144.91,146.3 1 0
github.com/keshablive/quester/internal/mocks/BadgeRepository.go:147.2,147.82 1 0
github.com/keshablive/quester/internal/mocks/BadgeRepository.go:147.82,149.3 1 0
github.com/keshablive/quester/internal/mocks/BadgeRepository.go:149.8,151.3 1 0
github.com/keshablive/quester/internal/mocks/BadgeRepository.go:153.2,153.82 1 0
github.com/keshablive/quester/internal/mocks/BadgeRepository.go:153.82,155.3 1 0
github.com/keshablive/quester/internal/mocks/BadgeRepository.go:155.8,157.3 1 0
github.com/keshablive/quester/internal/mocks/BadgeRepository.go:159.2,159.15 1 0
github.com/keshablive/quester/internal/mocks/BadgeRepository.go:163.127,166.19 2 0
github.com/keshablive/quester/internal/mocks/BadgeRepository.go:166.19,167.57 1 0
github.com/keshablive/quester/internal/mocks/BadgeRepository.go:170.2,172.97 3 0
github.com/keshablive/quester/internal/mocks/BadgeRepository.go:172.97,174.3 1 0
github.com/keshablive/quester/internal/mocks/BadgeRepository.go:175.2,175.88 1 0
github.com/keshablive/quester/internal/mocks/BadgeRepository.go:175.88,177.3 1 0
github.com/keshablive/quester/internal/mocks/BadgeRepository.go:177.8,178.24 1 0
github.com/keshablive/quester/internal/mocks/BadgeRepository.go:178.24,180.4 1 0
github.com/keshablive/quester/internal/mocks/BadgeRepository.go:183.2,183.79 1 0
github.com/keshablive/quester/internal/mocks/BadgeRepository.go:183.79,185.3 1 0
github.com/keshablive/quester/internal/mocks/BadgeRepository.go:185.8,187.3 1 0
github.com/keshablive/quester/internal/mocks/BadgeRepository.go:189.2,189.15 1 0
github.com/keshablive/quester/internal/mocks/BadgeRepository.go:193.129,196.19 2 0
github.com/keshablive/quester/internal/mocks/BadgeRepository.go:196.19,197.55 1 0
github.com/keshablive/quester/internal/mocks/BadgeRepository.go:200.2,202.104 3 0
github.com/keshablive/quester/internal/mocks/BadgeRepository.go:202.104,204.3 1 0
github.com/keshablive/quester/internal/mocks/BadgeRepository.go:205.2,205.95 1 0
github.com/keshablive/quester/internal/mocks/BadgeRepository.go:205.95,207.3 1 0
github.com/keshablive/quester/internal/mocks/BadgeRepository.go:207.8,208.24 1 0
github.com/keshablive/quester/internal/mocks/BadgeRepository.go:208.24,210.4 1 0
github.com/keshablive/quester/internal/mocks/BadgeRepository.go:213.2,213.82 1 0
github.com/keshablive/quester/internal/mocks/BadgeRepository.go:213.82,215.3 1 0
github.com/keshablive/quester/internal/mocks/BadgeRepository.go:215.8,217.3 1 0
github.com/keshablive/quester/internal/mocks/BadgeRepository.go:219.2,219.15 1 0
github.com/keshablive/quester/internal/mocks/BadgeRepository.go:223.139,226.19 2 0
github.com/keshablive/quester/internal/mocks/BadgeRepository.go:226.19,227.60 1 0
github.com/keshablive/quester/internal/mocks/BadgeRepository.go:230.2,232.101 3 0
github.com/keshablive/quester/internal/mocks/BadgeRepository.go:232.101,234.3 1 0
github.com/keshablive/quester/internal/mocks/BadgeRepository.go:235.2,235.92 1 0
github.com/keshablive/quester/internal/mocks/BadgeRepository.go:235.92,237.3 1 0
github.com/keshablive/quester/internal/mocks/BadgeRepository.go:237.8,239.3 1 0
github.com/keshablive/quester/internal/mocks/BadgeRepository.go:241.2,241.93 1 0
github.com/keshablive/quester/internal/mocks/BadgeRepository.go:241.93,243.3 1 0
github.com/keshablive/quester/internal/mocks/BadgeRepository.go:243.8,245.3 1 0
github.com/keshablive/quester/internal/mocks/BadgeRepository.go:247.2,247.15 1 0
github.com/keshablive/quester/internal/mocks/BadgeRepository.go:251.132,254.19 2 0
github.com/keshablive/quester/internal/mocks/BadgeRepository.go:254.19,255.61 1 0
github.com/keshablive/quester/internal/mocks/BadgeRepository.go:258.2,259.93 2 0
github.com/keshablive/quester/internal/mocks/BadgeRepository.go:259.93,261.3 1 0
github.com/keshablive/quester/internal/mocks/BadgeRepository.go:261.8,263.3 1 0
github.com/keshablive/quester/internal/mocks/BadgeRepository.go:265.2,265.11 1 0
github.com/keshablive/quester/internal/mocks/BadgeRepository.go:269.83,272.19 2 0
github.com/keshablive/quester/internal/mocks/BadgeRepository.go:272.19,273.48 1 0
github.com/keshablive/quester/internal/mocks/BadgeRepository.go:276.2,277.75 2 0
github.com/keshablive/quester/internal/mocks/BadgeRepository.go:277.75,279.3 1 0
github.com/keshablive/quester/internal/mocks/BadgeRepository.go:279.8,281.3 1 0
github.com/keshablive/quester/internal/mocks/BadgeRepository.go:283.2,283.11 1 0
github.com/keshablive/quester/internal/mocks/BadgeRepository.go:291.21,295.19 3 0
github.com/keshablive/quester/internal/mocks/BadgeRepository.go:295.19,295.49 1 0
github.com/keshablive/quester/internal/mocks/BadgeRepository.go:297.2,297.13 1 0
github.com/keshablive/quester/internal/mocks/LeaderboardRepository.go:21.95,24.19 2 0
github.com/keshablive/quester/internal/mocks/LeaderboardRepository.go:24.19,25.48 1 0
github.com/keshablive/quester/internal/mocks/LeaderboardRepository.go:28.2,29.81 2 0
github.com/keshablive/quester/internal/mocks/LeaderboardRepository.go:29.81,31.3 1 0
github.com/keshablive/quester/internal/mocks/LeaderboardRepository.go:31.8,33.3 1 0
github.com/keshablive/quester/internal/mocks/LeaderboardRepository.go:35.2,35.11 1 0
github.com/keshablive/quester/internal/mocks/LeaderboardRepository.go:39.107,42.19 2 0
github.com/keshablive/quester/internal/mocks/LeaderboardRepository.go:42.19,43.48 1 0
github.com/keshablive/quester/internal/mocks/LeaderboardRepository.go:46.2,47.82 2 0
github.com/keshablive/quester/internal/mocks/LeaderboardRepository.go:47.82,49.3 1 0
github.com/keshablive/quester/internal/mocks/LeaderboardRepository.go:49.8,51.3 1 0
github.com/keshablive/quester/internal/mocks/LeaderboardRepository.go:53.2,53.11 1 0
github.com/keshablive/quester/internal/mocks/LeaderboardRepository.go:57.143,60.19 2 0
github.com/keshablive/quester/internal/mocks/LeaderboardRepository.go:60.19,61.49 1 0
github.com/keshablive/quester/internal/mocks/LeaderboardRepository.go:64.2,67.112 4 0
github.com/keshablive/quester/internal/mocks/LeaderboardRepository.go:67.112,69.3 1 0
github.com/keshablive/quester/internal/mocks/LeaderboardRepository.go:70.2,70.96 1 0
github.com/keshablive/quester/internal/mocks/LeaderboardRepository.go:70.96,72.3 1 0
github.com/keshablive/quester/internal/mocks/LeaderboardRepository.go:72.8,73.24 1 0
github.com/keshablive/quester/internal/mocks/LeaderboardRepository.go:73.24,75.4 1 0
github.com/keshablive/quester/internal/mocks/LeaderboardRepository.go:78.2,78.81 1 0
github.com/keshablive/quester/internal/mocks/LeaderboardRepository.go:78.81,80.3 1 0
github.com/keshablive/quester/internal/mocks/LeaderboardRepository.go:80.8,82.3 1 0
github.com/keshablive/quester/internal/mocks/LeaderboardRepository.go:84.2,84.81 1 0
github.com/keshablive/quester/internal/mocks/LeaderboardRepository.go:84.81,86.3 1 0
github.com/keshablive/quester/internal/mocks/LeaderboardRepository.go:86.8,88.3 1 0
github.com/keshablive/quester/internal/mocks/LeaderboardRepository.go:90.2,90.19 1 0
github.com/keshablive/quester/internal/mocks/LeaderboardRepository.go:94.132,97.19 2 0
github.com/keshablive/quester/internal/mocks/LeaderboardRepository.go:97.19,98.50 1 0
github.com/keshablive/quester/internal/mocks/LeaderboardRepository.go:101.2,103.105 3 0
github.com/keshablive/quester/internal/mocks/LeaderboardRepository.go:103.105,105.3 1 0
github.com/keshablive/quester/internal/mocks/LeaderboardRepository.go:106.2,106.96 1 0
github.com/keshablive/quester/internal/mocks/LeaderboardRepository.go:106.96,108.3 1 0
github.com/keshablive/quester/internal/mocks/LeaderboardRepository.go:108.8,109.24 1 0
github.com/keshablive/quester/internal/mocks/LeaderboardRepository.go:109.24,111.4 1 0
github.com/keshablive/quester/internal/mocks/LeaderboardRepository.go:114.2,114.82 1 0
github.com/keshablive/quester/internal/mocks/LeaderboardRepository.go:114.82,116.3 1 0
github.com/keshablive/quester/internal/mocks/LeaderboardRepository.go:116.8,118.3 1 0
github.com/keshablive/quester/internal/mocks/LeaderboardRepository.go:120.2,120.15 1 0
github.com/keshablive/quester/internal/mocks/LeaderboardRepository.go:124.154,127.19 2 0
github.com/keshablive/quester/internal/mocks/LeaderboardRepository.go:127.19,128.64 1 0
github.com/keshablive/quester/internal/mocks/LeaderboardRepository.go:131.2,133.108 3 0
github.com/keshablive/quester/internal/mocks/LeaderboardRepository.go:133.108,135.3 1 0
github.com/keshablive/quester/internal/mocks/LeaderboardRepository.go:136.2,136.99 1 0
github.com/keshablive/quester/internal/mocks/LeaderboardRepository.go:136.99,138.3 1 0
github.com/keshablive/quester/internal/mocks/LeaderboardRepository.go:138.8,139.24 1 0
github.com/keshablive/quester/internal/mocks/LeaderboardRepository.go:139.24,141.4 1 0
github.com/keshablive/quester/internal/mocks/LeaderboardRepository.go:144.2,144.84 1 0
github.com/keshablive/quester/internal/mocks/LeaderboardRepository.go:144.84,146.3 1 0
github.com/keshablive/quester/internal/mocks/LeaderboardRepository.go:146.8,148.3 1 0
github.com/keshablive/quester/internal/mocks/LeaderboardRepository.go:150.2,150.15 1 0
github.com/keshablive/quester/internal/mocks/LeaderboardRepository.go:154.130,157.19 2 0
github.com/keshablive/quester/internal/mocks/LeaderboardRepository.go:157.19,158.55 1 0
github.com/keshablive/quester/internal/mocks/LeaderboardRepository.go:161.2,163.100 3 0
github.com/keshablive/quester/internal/mocks/LeaderboardRepository.go:163.100,165.3 1 0
github.com/keshablive/quester/internal/mocks/LeaderboardRepository.go:166.2,166.91 1 0
github.com/keshablive/quester/internal/mocks/LeaderboardRepository.go:166.91,168.3 1 0
github.com/keshablive/quester/internal/mocks/LeaderboardRepository.go:168.8,169.24 1 0
github.com/keshablive/quester/internal/mocks/LeaderboardRepository.go:169.24,171.4 1 0
github.com/keshablive/quester/internal/mocks/LeaderboardRepository.go:174.2,174.76 1 0
github.com/keshablive/quester/internal/mocks/LeaderboardRepository.go:174.76,176.3 1 0
github.com/keshablive/quester/internal/mocks/LeaderboardRepository.go:176.8,178.3 1 0
github.com/keshablive/quester/internal/mocks/LeaderboardRepository.go:180.2,180.15 1 0
github.com/keshablive/quester/internal/mocks/LeaderboardRepository.go:184.146,187.19 2 0
github.com/keshablive/quester/internal/mocks/LeaderboardRepository.go:187.19,188.65 1 0
github.com/keshablive/quester/internal/mocks/LeaderboardRepository.go:191.2,193.105 3 0
github.com/keshablive/quester/internal/mocks/LeaderboardRepository.go:193.105,195.3 1 0
github.com/keshablive/quester/internal/mocks/LeaderboardRepository.go:196.2,196.96 1 0
github.com/keshablive/quester/internal/mocks/LeaderboardRepository.go:196.96,198.3 1 0
github.com/keshablive/quester/internal/mocks/LeaderboardRepository.go:198.8,199.24 1 0
github.com/keshablive/quester/internal/mocks/LeaderboardRepository.go:199.24,201.4 1 0
github.com/keshablive/quester/internal/mocks/LeaderboardRepository.go:204.2,204.82 1 0
github.com/keshablive/quester/internal/mocks/LeaderboardRepository.go:204.82,206.3 1 0
github.com/keshablive/quester/internal/mocks/LeaderboardRepository.go:206.8,208.3 1 0
github.com/keshablive/quester/internal/mocks/LeaderboardRepository.go:210.2,210.15 1 0
github.com/keshablive/quester/internal/mocks/LeaderboardRepository.go:214.120,217.19 2 0
github.com/keshablive/quester/internal/mocks/LeaderboardRepository.go:217.19,218.53 1 0
github.com/keshablive/quester/internal/mocks/LeaderboardRepository.go:221.2,223.91 3 0
github.com/keshablive/quester/internal/mocks/LeaderboardRepository.go:223.91,225.3 1 0
github.com/keshablive/quester/internal/mocks/LeaderboardRepository.go:226.2,226.82 1 0
github.com/keshablive/quester/internal/mocks/LeaderboardRepository.go:226.82,228.3 1 0
github.com/keshablive/quester/internal/mocks/LeaderboardRepository.go:228.8,230.3 1 0
github.com/keshablive/quester/internal/mocks/LeaderboardRepository.go:232.2,232.82 1 0
github.com/keshablive/quester/internal/mocks/LeaderboardRepository.go:232.82,234.3 1 0
github.com/keshablive/quester/internal/mocks/LeaderboardRepository.go:234.8,236.3 1 0
github.com/keshablive/quester/internal/mocks/LeaderboardRepository.go:238.2,238.15 1 0
github.com/keshablive/quester/internal/mocks/LeaderboardRepository.go:242.113,245.19 2 0
github.com/keshablive/quester/internal/mocks/LeaderboardRepository.go:245.19,246.58 1 0
github.com/keshablive/quester/internal/mocks/LeaderboardRepository.go:249.2,250.79 2 0
github.com/keshablive/quester/internal/mocks/LeaderboardRepository.go:250.79,252.3 1 0
github.com/keshablive/quester/internal/mocks/LeaderboardRepository.go:252.8,254.3 1 0
github.com/keshablive/quester/internal/mocks/LeaderboardRepository.go:256.2,256.11 1 0
github.com/keshablive/quester/internal/mocks/LeaderboardRepository.go:260.95,263.19 2 0
github.com/keshablive/quester/internal/mocks/LeaderboardRepository.go:263.19,264.48 1 0
github.com/keshablive/quester/internal/mocks/LeaderboardRepository.go:267.2,268.81 2 0
github.com/keshablive/quester/internal/mocks/LeaderboardRepository.go:268.81,270.3 1 0
github.com/keshablive/quester/internal/mocks/LeaderboardRepository.go:270.8,272.3 1 0
github.com/keshablive/quester/internal/mocks/LeaderboardRepository.go:274.2,274.11 1 0
github.com/keshablive/quester/internal/mocks/LeaderboardRepository.go:278.126,281.19 2 0
github.com/keshablive/quester/internal/mocks/LeaderboardRepository.go:281.19,282.57 1 0
github.com/keshablive/quester/internal/mocks/LeaderboardRepository.go:285.2,286.87 2 0
github.com/keshablive/quester/internal/mocks/LeaderboardRepository.go:286.87,288.3 1 0
github.com/keshablive/quester/internal/mocks/LeaderboardRepository.go:288.8,290.3 1 0
github.com/keshablive/quester/internal/mocks/LeaderboardRepository.go:292.2,292.11 1 0
github.com/keshablive/quester/internal/mocks/LeaderboardRepository.go:300.27,304.19 3 0
github.com/keshablive/quester/internal/mocks/LeaderboardRepository.go:304.19,304.49 1 0
github.com/keshablive/quester/internal/mocks/LeaderboardRepository.go:306.2,306.13 1 0
github.com/keshablive/quester/internal/mocks/PropertyRepository.go:21.92,24.19 2 0
github.com/keshablive/quester/internal/mocks/PropertyRepository.go:24.19,25.48 1 0
github.com/keshablive/quester/internal/mocks/PropertyRepository.go:28.2,29.78 2 0
github.com/keshablive/quester/internal/mocks/PropertyRepository.go:29.78,31.3 1 0
github.com/keshablive/quester/internal/mocks/PropertyRepository.go:31.8,33.3 1 0
github.com/keshablive/quester/internal/mocks/PropertyRepository.go:35.2,35.11 1 0
github.com/keshablive/quester/internal/mocks/PropertyRepository.go:39.107,42.19 2 0
github.com/keshablive/quester/internal/mocks/PropertyRepository.go:42.19,43.48 1 0
github.com/keshablive/quester/internal/mocks/PropertyRepository.go:46.2,47.82 2 0
github.com/keshablive/quester/internal/mocks/PropertyRepository.go:47.82,49.3 1 0
github.com/keshablive/quester/internal/mocks/PropertyRepository.go:49.8,51.3 1 0
github.com/keshablive/quester/internal/mocks/PropertyRepository.go:53.2,53.11 1 0
github.com/keshablive/quester/internal/mocks/PropertyRepository.go:57.137,60.19 2 0
github.com/keshablive/quester/internal/mocks/PropertyRepository.go:60.19,61.49 1 0
github.com/keshablive/quester/internal/mocks/PropertyRepository.go:64.2,67.109 4 0
github.com/keshablive/quester/internal/mocks/PropertyRepository.go:67.109,69.3 1 0
github.com/keshablive/quester/internal/mocks/PropertyRepository.go:70.2,70.93 1 0
github.com/keshablive/quester/internal/mocks/PropertyRepository.go:70.93,72.3 1 0
github.com/keshablive/quester/internal/mocks/PropertyRepository.go:72.8,73.24 1 0
github.com/keshablive/quester/internal/mocks/PropertyRepository.go:73.24,75.4 1 0
github.com/keshablive/quester/internal/mocks/PropertyRepository.go:78.2,78.81 1 0
github.com/keshablive/quester/internal/mocks/PropertyRepository.go:78.81,80.3 1 0
github.com/keshablive/quester/internal/mocks/PropertyRepository.go:80.8,82.3 1 0
github.com/keshablive/quester/internal/mocks/PropertyRepository.go:84.2,84.81 1 0
github.com/keshablive/quester/internal/mocks/PropertyRepository.go:84.81,86.3 1 0
github.com/keshablive/quester/internal/mocks/PropertyRepository.go:86.8,88.3 1 0
github.com/keshablive/quester/internal/mocks/PropertyRepository.go:90.2,90.19 1 0
github.com/keshablive/quester/internal/mocks/PropertyRepository.go:94.129,97.19 2 0
github.com/keshablive/quester/internal/mocks/PropertyRepository.go:97.19,98.50 1 0
github.com/keshablive/quester/internal/mocks/PropertyRepository.go:101.2,103.102 3 0
github.com/keshablive/quester/internal/mocks/PropertyRepository.go:103.102,105.3 1 0
github.com/keshablive/quester/internal/mocks/PropertyRepository.go:106.2,106.93 1 0
github.com/keshablive/quester/internal/mocks/PropertyRepository.go:106.93,108.3 1 0
github.com/keshablive/quester/internal/mocks/PropertyRepository.go:108.8,109.24 1 0
github.com/keshablive/quester/internal/mocks/PropertyRepository.go:109.24,111.4 1 0
github.com/keshablive/quester/internal/mocks/PropertyRepository.go:114.2,114.82 1 0
github.com/keshablive/quester/internal/mocks/PropertyRepository.go:114.82,116.3 1 0
github.com/keshablive/quester/internal/mocks/PropertyRepository.go:116.8,118.3 1 0
github.com/keshablive/quester/internal/mocks/PropertyRepository.go:120.2,120.15 1 0
github.com/keshablive/quester/internal/mocks/PropertyRepository.go:124.141,127.19 2 0
github.com/keshablive/quester/internal/mocks/PropertyRepository.go:127.19,128.64 1 0
github.com/keshablive/quester/internal/mocks/PropertyRepository.go:131.2,133.103 3 0
github.com/keshablive/quester/internal/mocks/PropertyRepository.go:133.103,135.3 1 0
github.com/keshablive/quester/internal/mocks/PropertyRepository.go:136.2,136.94 1 0
github.com/keshablive/quester/internal/mocks/PropertyRepository.go:136.94,138.3 1 0
github.com/keshablive/quester/internal/mocks/PropertyRepository.go:138.8,139.24 1 0
github.com/keshablive/quester/internal/mocks/PropertyRepository.go:139.24,141.4 1 0
github.com/keshablive/quester/internal/mocks/PropertyRepository.go:144.2,144.82 1 0
github.com/keshablive/quester/internal/mocks/PropertyRepository.go:144.82,146.3 1 0
github.com/keshablive/quester/internal/mocks/PropertyRepository.go:146.8,148.3 1 0
github.com/keshablive/quester/internal/mocks/PropertyRepository.go:150.2,150.15 1 0
github.com/keshablive/quester/internal/mocks/PropertyRepository.go:154.136,157.19 2 0
github.com/keshablive/quester/internal/mocks/PropertyRepository.go:157.19,158.63 1 0
github.com/keshablive/quester/internal/mocks/PropertyRepository.go:161.2,163.100 3 0
github.com/keshablive/quester/internal/mocks/PropertyRepository.go:163.100,165.3 1 0
github.com/keshablive/quester/internal/mocks/PropertyRepository.go:166.2,166.91 1 0
github.com/keshablive/quester/internal/mocks/PropertyRepository.go:166.91,168.3 1 0
github.com/keshablive/quester/internal/mocks/PropertyRepository.go:168.8,169.24 1 0
github.com/keshablive/quester/internal/mocks/PropertyRepository.go:169.24,171.4 1 0
github.com/keshablive/quester/internal/mocks/PropertyRepository.go:174.2,174.79 1 0
github.com/keshablive/quester/internal/mocks/PropertyRepository.go:174.79,176.3 1 0
github.com/keshablive/quester/internal/mocks/PropertyRepository.go:176.8,178.3 1 0
github.com/keshablive/quester/internal/mocks/PropertyRepository.go:180.2,180.15 1 0
github.com/keshablive/quester/internal/mocks/PropertyRepository.go:184.171,187.19 2 0
github.com/keshablive/quester/internal/mocks/PropertyRepository.go:187.19,188.54 1 0
github.com/keshablive/quester/internal/mocks/PropertyRepository.go:191.2,193.119 3 0
github.com/keshablive/quester/internal/mocks/PropertyRepository.go:193.119,195.3 1 0
github.com/keshablive/quester/internal/mocks/PropertyRepository.go:196.2,196.110 1 0
github.com/keshablive/quester/internal/mocks/PropertyRepository.go:196.110,198.3 1 0
github.com/keshablive/quester/internal/mocks/PropertyRepository.go:198.8,199.24 1 0
github.com/keshablive/quester/internal/mocks/PropertyRepository.go:199.24,201.4 1 0
github.com/keshablive/quester/internal/mocks/PropertyRepository.go:204.2,204.98 1 0
github.com/keshablive/quester/internal/mocks/PropertyRepository.go:204.98,206.3 1 0
github.com/keshablive/quester/internal/mocks/PropertyRepository.go:206.8,208.3 1 0
github.com/keshablive/quester/internal/mocks/PropertyRepository.go:210.2,210.15 1 0
github.com/keshablive/quester/internal/mocks/PropertyRepository.go:214.92,217.19 2 0
github.com/keshablive/quester/internal/mocks/PropertyRepository.go:217.19,218.48 1 0
github.com/keshablive/quester/internal/mocks/PropertyRepository.go:221.2,222.78 2 0
github.com/keshablive/quester/internal/mocks/PropertyRepository.go:222.78,224.3 1 0
github.com/keshablive/quester/internal/mocks/PropertyRepository.go:224.8,226.3 1 0
github.com/keshablive/quester/internal/mocks/PropertyRepository.go:228.2,228.11 1 0
github.com/keshablive/quester/internal/mocks/PropertyRepository.go:232.140,235.19 2 0
github.com/keshablive/quester/internal/mocks/PropertyRepository.go:235.19,236.64 1 0
github.com/keshablive/quester/internal/mocks/PropertyRepository.go:239.2,240.89 2 0
github.com/keshablive/quester/internal/mocks/PropertyRepository.go:240.89,242.3 1 0
github.com/keshablive/quester/internal/mocks/PropertyRepository.go:242.8,244.3 1 0
github.com/keshablive/quester/internal/mocks/PropertyRepository.go:246.2,246.11 1 0
github.com/keshablive/quester/internal/mocks/PropertyRepository.go:254.24,258.19 3 0
github.com/keshablive/quester/internal/mocks/PropertyRepository.go:258.19,258.49 1 0
github.com/keshablive/quester/internal/mocks/PropertyRepository.go:260.2,260.13 1 0
github.com/keshablive/quester/internal/mocks/QuestRepository.go:21.119,24.19 2 0
github.com/keshablive/quester/internal/mocks/QuestRepository.go:24.19,25.61 1 0
github.com/keshablive/quester/internal/mocks/QuestRepository.go:28.2,30.88 3 0
github.com/keshablive/quester/internal/mocks/QuestRepository.go:30.88,32.3 1 0
github.com/keshablive/quester/internal/mocks/QuestRepository.go:33.2,33.79 1 0
github.com/keshablive/quester/internal/mocks/QuestRepository.go:33.79,35.3 1 0
github.com/keshablive/quester/internal/mocks/QuestRepository.go:35.8,37.3 1 0
github.com/keshablive/quester/internal/mocks/QuestRepository.go:39.2,39.79 1 0
github.com/keshablive/quester/internal/mocks/QuestRepository.go:39.79,41.3 1 0
github.com/keshablive/quester/internal/mocks/QuestRepository.go:41.8,43.3 1 0
github.com/keshablive/quester/internal/mocks/QuestRepository.go:45.2,45.15 1 0
github.com/keshablive/quester/internal/mocks/QuestRepository.go:49.83,52.19 2 0
github.com/keshablive/quester/internal/mocks/QuestRepository.go:52.19,53.48 1 0
github.com/keshablive/quester/internal/mocks/QuestRepository.go:56.2,57.75 2 0
github.com/keshablive/quester/internal/mocks/QuestRepository.go:57.75,59.3 1 0
github.com/keshablive/quester/internal/mocks/QuestRepository.go:59.8,61.3 1 0
github.com/keshablive/quester/internal/mocks/QuestRepository.go:63.2,63.11 1 0
github.com/keshablive/quester/internal/mocks/QuestRepository.go:67.101,70.19 2 0
github.com/keshablive/quester/internal/mocks/QuestRepository.go:70.19,71.48 1 0
github.com/keshablive/quester/internal/mocks/QuestRepository.go:74.2,75.82 2 0
github.com/keshablive/quester/internal/mocks/QuestRepository.go:75.82,77.3 1 0
github.com/keshablive/quester/internal/mocks/QuestRepository.go:77.8,79.3 1 0
github.com/keshablive/quester/internal/mocks/QuestRepository.go:81.2,81.11 1 0
github.com/keshablive/quester/internal/mocks/QuestRepository.go:85.133,88.19 2 0
github.com/keshablive/quester/internal/mocks/QuestRepository.go:88.19,89.49 1 0
github.com/keshablive/quester/internal/mocks/QuestRepository.go:92.2,94.113 3 0
github.com/keshablive/quester/internal/mocks/QuestRepository.go:94.113,96.3 1 0
github.com/keshablive/quester/internal/mocks/QuestRepository.go:97.2,97.104 1 0
github.com/keshablive/quester/internal/mocks/QuestRepository.go:97.104,99.3 1 0
github.com/keshablive/quester/internal/mocks/QuestRepository.go:99.8,100.24 1 0
github.com/keshablive/quester/internal/mocks/QuestRepository.go:100.24,102.4 1 0
github.com/keshablive/quester/internal/mocks/QuestRepository.go:105.2,105.95 1 0
github.com/keshablive/quester/internal/mocks/QuestRepository.go:105.95,107.3 1 0
github.com/keshablive/quester/internal/mocks/QuestRepository.go:107.8,109.3 1 0
github.com/keshablive/quester/internal/mocks/QuestRepository.go:111.2,111.15 1 0
github.com/keshablive/quester/internal/mocks/QuestRepository.go:115.120,118.19 2 0
github.com/keshablive/quester/internal/mocks/QuestRepository.go:118.19,119.50 1 0
github.com/keshablive/quester/internal/mocks/QuestRepository.go:122.2,124.99 3 0
github.com/keshablive/quester/internal/mocks/QuestRepository.go:124.99,126.3 1 0
github.com/keshablive/quester/internal/mocks/QuestRepository.go:127.2,127.90 1 0
github.com/keshablive/quester/internal/mocks/QuestRepository.go:127.90,129.3 1 0
github.com/keshablive/quester/internal/mocks/QuestRepository.go:129.8,130.24 1 0
github.com/keshablive/quester/internal/mocks/QuestRepository.go:130.24,132.4 1 0
github.com/keshablive/quester/internal/mocks/QuestRepository.go:135.2,135.82 1 0
github.com/keshablive/quester/internal/mocks/QuestRepository.go:135.82,137.3 1 0
github.com/keshablive/quester/internal/mocks/QuestRepository.go:137.8,139.3 1 0
github.com/keshablive/quester/internal/mocks/QuestRepository.go:141.2,141.15 1 0
github.com/keshablive/quester/internal/mocks/QuestRepository.go:145.109,148.19 2 0
github.com/keshablive/quester/internal/mocks/QuestRepository.go:148.19,149.57 1 0
github.com/keshablive/quester/internal/mocks/QuestRepository.go:152.2,154.89 3 0
github.com/keshablive/quester/internal/mocks/QuestRepository.go:154.89,156.3 1 0
github.com/keshablive/quester/internal/mocks/QuestRepository.go:157.2,157.80 1 0
github.com/keshablive/quester/internal/mocks/QuestRepository.go:157.80,159.3 1 0
github.com/keshablive/quester/internal/mocks/QuestRepository.go:159.8,160.24 1 0
github.com/keshablive/quester/internal/mocks/QuestRepository.go:160.24,162.4 1 0
github.com/keshablive/quester/internal/mocks/QuestRepository.go:165.2,165.71 1 0
github.com/keshablive/quester/internal/mocks/QuestRepository.go:165.71,167.3 1 0
github.com/keshablive/quester/internal/mocks/QuestRepository.go:167.8,169.3 1 0
github.com/keshablive/quester/internal/mocks/QuestRepository.go:171.2,171.15 1 0
github.com/keshablive/quester/internal/mocks/QuestRepository.go:175.131,178.19 2 0
github.com/keshablive/quester/internal/mocks/QuestRepository.go:178.19,179.60 1 0
github.com/keshablive/quester/internal/mocks/QuestRepository.go:182.2,184.100 3 0
github.com/keshablive/quester/internal/mocks/QuestRepository.go:184.100,186.3 1 0
github.com/keshablive/quester/internal/mocks/QuestRepository.go:187.2,187.91 1 0
github.com/keshablive/quester/internal/mocks/QuestRepository.go:187.91,189.3 1 0
github.com/keshablive/quester/internal/mocks/QuestRepository.go:189.8,190.24 1 0
github.com/keshablive/quester/internal/mocks/QuestRepository.go:190.24,192.4 1 0
github.com/keshablive/quester/internal/mocks/QuestRepository.go:195.2,195.82 1 0
github.com/keshablive/quester/internal/mocks/QuestRepository.go:195.82,197.3 1 0
github.com/keshablive/quester/internal/mocks/QuestRepository.go:197.8,199.3 1 0
github.com/keshablive/quester/internal/mocks/QuestRepository.go:201.2,201.15 1 0
github.com/keshablive/quester/internal/mocks/QuestRepository.go:205.135,208.19 2 0
github.com/keshablive/quester/internal/mocks/QuestRepository.go:208.19,209.62 1 0
github.com/keshablive/quester/internal/mocks/QuestRepository.go:212.2,214.100 3 0
github.com/keshablive/quester/internal/mocks/QuestRepository.go:214.100,216.3 1 0
github.com/keshablive/quester/internal/mocks/QuestRepository.go:217.2,217.91 1 0
github.com/keshablive/quester/internal/mocks/QuestRepository.go:217.91,219.3 1 0
github.com/keshablive/quester/internal/mocks/QuestRepository.go:219.8,220.24 1 0
github.com/keshablive/quester/internal/mocks/QuestRepository.go:220.24,222.4 1 0
github.com/keshablive/quester/internal/mocks/QuestRepository.go:225.2,225.82 1 0
github.com/keshablive/quester/internal/mocks/QuestRepository.go:225.82,227.3 1 0
github.com/keshablive/quester/internal/mocks/QuestRepository.go:227.8,229.3 1 0
github.com/keshablive/quester/internal/mocks/QuestRepository.go:231.2,231.15 1 0
github.com/keshablive/quester/internal/mocks/QuestRepository.go:235.126,238.19 2 0
github.com/keshablive/quester/internal/mocks/QuestRepository.go:238.19,239.59 1 0
github.com/keshablive/quester/internal/mocks/QuestRepository.go:242.2,244.97 3 0
github.com/keshablive/quester/internal/mocks/QuestRepository.go:244.97,246.3 1 0
github.com/keshablive/quester/internal/mocks/QuestRepository.go:247.2,247.88 1 0
github.com/keshablive/quester/internal/mocks/QuestRepository.go:247.88,249.3 1 0
github.com/keshablive/quester/internal/mocks/QuestRepository.go:249.8,250.24 1 0
github.com/keshablive/quester/internal/mocks/QuestRepository.go:250.24,252.4 1 0
github.com/keshablive/quester/internal/mocks/QuestRepository.go:255.2,255.79 1 0
github.com/keshablive/quester/internal/mocks/QuestRepository.go:255.79,257.3 1 0
github.com/keshablive/quester/internal/mocks/QuestRepository.go:257.8,259.3 1 0
github.com/keshablive/quester/internal/mocks/QuestRepository.go:261.2,261.15 1 0
github.com/keshablive/quester/internal/mocks/QuestRepository.go:265.83,268.19 2 0
github.com/keshablive/quester/internal/mocks/QuestRepository.go:268.19,269.48 1 0
github.com/keshablive/quester/internal/mocks/QuestRepository.go:272.2,273.75 2 0
github.com/keshablive/quester/internal/mocks/QuestRepository.go:273.75,275.3 1 0
github.com/keshablive/quester/internal/mocks/QuestRepository.go:275.8,277.3 1 0
github.com/keshablive/quester/internal/mocks/QuestRepository.go:279.2,279.11 1 0
github.com/keshablive/quester/internal/mocks/QuestRepository.go:287.21,291.19 3 0
github.com/keshablive/quester/internal/mocks/QuestRepository.go:291.19,291.49 1 0
github.com/keshablive/quester/internal/mocks/QuestRepository.go:293.2,293.13 1 0
github.com/keshablive/quester/internal/mocks/TransactionRepository.go:21.101,24.19 2 0
github.com/keshablive/quester/internal/mocks/TransactionRepository.go:24.19,25.48 1 0
github.com/keshablive/quester/internal/mocks/TransactionRepository.go:28.2,29.81 2 0
github.com/keshablive/quester/internal/mocks/TransactionRepository.go:29.81,31.3 1 0
github.com/keshablive/quester/internal/mocks/TransactionRepository.go:31.8,33.3 1 0
github.com/keshablive/quester/internal/mocks/TransactionRepository.go:35.2,35.11 1 0
github.com/keshablive/quester/internal/mocks/TransactionRepository.go:39.113,42.19 2 0
github.com/keshablive/quester/internal/mocks/TransactionRepository.go:42.19,43.48 1 0
github.com/keshablive/quester/internal/mocks/TransactionRepository.go:46.2,47.82 2 0
github.com/keshablive/quester/internal/mocks/TransactionRepository.go:47.82,49.3 1 0
github.com/keshablive/quester/internal/mocks/TransactionRepository.go:49.8,51.3 1 0
github.com/keshablive/quester/internal/mocks/TransactionRepository.go:53.2,53.11 1 0
github.com/keshablive/quester/internal/mocks/TransactionRepository.go:57.145,60.19 2 0
github.com/keshablive/quester/internal/mocks/TransactionRepository.go:60.19,61.49 1 0
github.com/keshablive/quester/internal/mocks/TransactionRepository.go:64.2,66.119 3 0
github.com/keshablive/quester/internal/mocks/TransactionRepository.go:66.119,68.3 1 0
github.com/keshablive/quester/internal/mocks/TransactionRepository.go:69.2,69.110 1 0
github.com/keshablive/quester/internal/mocks/TransactionRepository.go:69.110,71.3 1 0
github.com/keshablive/quester/internal/mocks/TransactionRepository.go:71.8,72.24 1 0
github.com/keshablive/quester/internal/mocks/TransactionRepository.go:72.24,74.4 1 0
github.com/keshablive/quester/internal/mocks/TransactionRepository.go:77.2,77.95 1 0
github.com/keshablive/quester/internal/mocks/TransactionRepository.go:77.95,79.3 1 0
github.com/keshablive/quester/internal/mocks/TransactionRepository.go:79.8,81.3 1 0
github.com/keshablive/quester/internal/mocks/TransactionRepository.go:83.2,83.15 1 0
github.com/keshablive/quester/internal/mocks/TransactionRepository.go:87.138,90.19 2 0
github.com/keshablive/quester/internal/mocks/TransactionRepository.go:90.19,91.50 1 0
github.com/keshablive/quester/internal/mocks/TransactionRepository.go:94.2,96.105 3 0
github.com/keshablive/quester/internal/mocks/TransactionRepository.go:96.105,98.3 1 0
github.com/keshablive/quester/internal/mocks/TransactionRepository.go:99.2,99.96 1 0
github.com/keshablive/quester/internal/mocks/TransactionRepository.go:99.96,101.3 1 0
github.com/keshablive/quester/internal/mocks/TransactionRepository.go:101.8,102.24 1 0
github.com/keshablive/quester/internal/mocks/TransactionRepository.go:102.24,104.4 1 0
github.com/keshablive/quester/internal/mocks/TransactionRepository.go:107.2,107.82 1 0
github.com/keshablive/quester/internal/mocks/TransactionRepository.go:107.82,109.3 1 0
github.com/keshablive/quester/internal/mocks/TransactionRepository.go:109.8,111.3 1 0
github.com/keshablive/quester/internal/mocks/TransactionRepository.go:113.2,113.15 1 0
github.com/keshablive/quester/internal/mocks/TransactionRepository.go:117.134,120.19 2 0
github.com/keshablive/quester/internal/mocks/TransactionRepository.go:120.19,121.70 1 0
github.com/keshablive/quester/internal/mocks/TransactionRepository.go:124.2,126.95 3 0
github.com/keshablive/quester/internal/mocks/TransactionRepository.go:126.95,128.3 1 0
github.com/keshablive/quester/internal/mocks/TransactionRepository.go:129.2,129.86 1 0
github.com/keshablive/quester/internal/mocks/TransactionRepository.go:129.86,131.3 1 0
github.com/keshablive/quester/internal/mocks/TransactionRepository.go:131.8,132.24 1 0
github.com/keshablive/quester/internal/mocks/TransactionRepository.go:132.24,134.4 1 0
github.com/keshablive/quester/internal/mocks/TransactionRepository.go:137.2,137.71 1 0
github.com/keshablive/quester/internal/mocks/TransactionRepository.go:137.71,139.3 1 0
github.com/keshablive/quester/internal/mocks/TransactionRepository.go:139.8,141.3 1 0
github.com/keshablive/quester/internal/mocks/TransactionRepository.go:143.2,143.15 1 0
github.com/keshablive/quester/internal/mocks/TransactionRepository.go:147.166,150.19 2 0
github.com/keshablive/quester/internal/mocks/TransactionRepository.go:150.19,151.68 1 0
github.com/keshablive/quester/internal/mocks/TransactionRepository.go:154.2,156.111 3 0
github.com/keshablive/quester/internal/mocks/TransactionRepository.go:156.111,158.3 1 0
github.com/keshablive/quester/internal/mocks/TransactionRepository.go:159.2,159.102 1 0
github.com/keshablive/quester/internal/mocks/TransactionRepository.go:159.102,161.3 1 0
github.com/keshablive/quester/internal/mocks/TransactionRepository.go:161.8,162.24 1 0
github.com/keshablive/quester/internal/mocks/TransactionRepository.go:162.24,164.4 1 0
github.com/keshablive/quester/internal/mocks/TransactionRepository.go:167.2,167.87 1 0
github.com/keshablive/quester/internal/mocks/TransactionRepository.go:167.87,169.3 1 0
github.com/keshablive/quester/internal/mocks/TransactionRepository.go:169.8,171.3 1 0
github.com/keshablive/quester/internal/mocks/TransactionRepository.go:173.2,173.15 1 0
github.com/keshablive/quester/internal/mocks/TransactionRepository.go:177.144,180.19 2 0
github.com/keshablive/quester/internal/mocks/TransactionRepository.go:180.19,181.65 1 0
github.com/keshablive/quester/internal/mocks/TransactionRepository.go:184.2,186.103 3 0
github.com/keshablive/quester/internal/mocks/TransactionRepository.go:186.103,188.3 1 0
github.com/keshablive/quester/internal/mocks/TransactionRepository.go:189.2,189.94 1 0
github.com/keshablive/quester/internal/mocks/TransactionRepository.go:189.94,191.3 1 0
github.com/keshablive/quester/internal/mocks/TransactionRepository.go:191.8,192.24 1 0
github.com/keshablive/quester/internal/mocks/TransactionRepository.go:192.24,194.4 1 0
github.com/keshablive/quester/internal/mocks/TransactionRepository.go:197.2,197.79 1 0
github.com/keshablive/quester/internal/mocks/TransactionRepository.go:197.79,199.3 1 0
github.com/keshablive/quester/internal/mocks/TransactionRepository.go:199.8,201.3 1 0
github.com/keshablive/quester/internal/mocks/TransactionRepository.go:203.2,203.15 1 0
github.com/keshablive/quester/internal/mocks/TransactionRepository.go:207.147,210.19 2 0
github.com/keshablive/quester/internal/mocks/TransactionRepository.go:210.19,211.65 1 0
github.com/keshablive/quester/internal/mocks/TransactionRepository.go:214.2,216.106 3 0
github.com/keshablive/quester/internal/mocks/TransactionRepository.go:216.106,218.3 1 0
github.com/keshablive/quester/internal/mocks/TransactionRepository.go:219.2,219.97 1 0
github.com/keshablive/quester/internal/mocks/TransactionRepository.go:219.97,221.3 1 0
github.com/keshablive/quester/internal/mocks/TransactionRepository.go:221.8,222.24 1 0
github.com/keshablive/quester/internal/mocks/TransactionRepository.go:222.24,224.4 1 0
github.com/keshablive/quester/internal/mocks/TransactionRepository.go:227.2,227.82 1 0
github.com/keshablive/quester/internal/mocks/TransactionRepository.go:227.82,229.3 1 0
github.com/keshablive/quester/internal/mocks/TransactionRepository.go:229.8,231.3 1 0
github.com/keshablive/quester/internal/mocks/TransactionRepository.go:233.2,233.15 1 0
github.com/keshablive/quester/internal/mocks/TransactionRepository.go:237.125,240.19 2 0
github.com/keshablive/quester/internal/mocks/TransactionRepository.go:240.19,241.56 1 0
github.com/keshablive/quester/internal/mocks/TransactionRepository.go:244.2,246.93 3 0
github.com/keshablive/quester/internal/mocks/TransactionRepository.go:246.93,248.3 1 0
github.com/keshablive/quester/internal/mocks/TransactionRepository.go:249.2,249.84 1 0
github.com/keshablive/quester/internal/mocks/TransactionRepository.go:249.84,251.3 1 0
github.com/keshablive/quester/internal/mocks/TransactionRepository.go:251.8,253.3 1 0
github.com/keshablive/quester/internal/mocks/TransactionRepository.go:255.2,255.82 1 0
github.com/keshablive/quester/internal/mocks/TransactionRepository.go:255.82,257.3 1 0
github.com/keshablive/quester/internal/mocks/TransactionRepository.go:257.8,259.3 1 0
github.com/keshablive/quester/internal/mocks/TransactionRepository.go:261.2,261.15 1 0
github.com/keshablive/quester/internal/mocks/TransactionRepository.go:265.101,268.19 2 0
github.com/keshablive/quester/internal/mocks/TransactionRepository.go:268.19,269.48 1 0
github.com/keshablive/quester/internal/mocks/TransactionRepository.go:272.2,273.81 2 0
github.com/keshablive/quester/internal/mocks/TransactionRepository.go:273.81,275.3 1 0
github.com/keshablive/quester/internal/mocks/TransactionRepository.go:275.8,277.3 1 0
github.com/keshablive/quester/internal/mocks/TransactionRepository.go:279.2,279.11 1 0
github.com/keshablive/quester/internal/mocks/TransactionRepository.go:283.125,286.19 2 0
github.com/keshablive/quester/internal/mocks/TransactionRepository.go:286.19,287.65 1 0
github.com/keshablive/quester/internal/mocks/TransactionRepository.go:290.2,291.79 2 0
github.com/keshablive/quester/internal/mocks/TransactionRepository.go:291.79,293.3 1 0
github.com/keshablive/quester/internal/mocks/TransactionRepository.go:293.8,295.3 1 0
github.com/keshablive/quester/internal/mocks/TransactionRepository.go:297.2,297.11 1 0
github.com/keshablive/quester/internal/mocks/TransactionRepository.go:305.27,309.19 3 0
github.com/keshablive/quester/internal/mocks/TransactionRepository.go:309.19,309.49 1 0
github.com/keshablive/quester/internal/mocks/TransactionRepository.go:311.2,311.13 1 0
github.com/keshablive/quester/internal/models/achievement.go:22.45,23.11 1 0
github.com/keshablive/quester/internal/models/achievement.go:26.59,27.14 1 0
github.com/keshablive/quester/internal/models/achievement.go:29.2,29.14 1 0
github.com/keshablive/quester/internal/models/achievement.go:44.41,45.11 1 0
github.com/keshablive/quester/internal/models/achievement.go:48.28,49.14 1 0
github.com/keshablive/quester/internal/models/achievement.go:51.2,51.14 1 0
github.com/keshablive/quester/internal/models/achievement.go:87.39,89.2 1 0
github.com/keshablive/quester/internal/models/achievement.go:92.40,93.27 1 0
github.com/keshablive/quester/internal/models/achievement.go:93.27,95.3 1 0
github.com/keshablive/quester/internal/models/achievement.go:96.2,96.23 1 0
github.com/keshablive/quester/internal/models/achievement.go:96.23,98.3 1 0
github.com/keshablive/quester/internal/models/achievement.go:99.2,99.23 1 0
github.com/keshablive/quester/internal/models/achievement.go:99.23,101.3 1 0
github.com/keshablive/quester/internal/models/achievement.go:102.2,102.20 1 0
github.com/keshablive/quester/internal/models/achievement.go:102.20,104.3 1 0
github.com/keshablive/quester/internal/models/achievement.go:105.2,105.12 1 0
github.com/keshablive/quester/internal/models/achievement.go:127.43,129.2 1 0
github.com/keshablive/quester/internal/models/achievement.go:156.43,158.2 1 0
github.com/keshablive/quester/internal/models/achievement.go:176.55,178.2 1 0
github.com/keshablive/quester/internal/models/achievement.go:181.52,182.18 1 0
github.com/keshablive/quester/internal/models/achievement.go:182.18,184.3 1 0
github.com/keshablive/quester/internal/models/achievement.go:185.2,185.37 1 0
github.com/keshablive/quester/internal/models/achievement.go:185.37,187.3 1 0
github.com/keshablive/quester/internal/models/achievement.go:188.2,189.20 2 0
github.com/keshablive/quester/internal/models/achievement.go:189.20,191.3 1 0
github.com/keshablive/quester/internal/models/achievement.go:192.2,192.17 1 0
github.com/keshablive/quester/internal/models/achievement.go:196.73,197.15 1 0
github.com/keshablive/quester/internal/models/achievement.go:197.15,199.3 1 0
github.com/keshablive/quester/internal/models/achievement.go:200.2,200.64 1 0
github.com/keshablive/quester/internal/models/achievement.go:200.64,202.3 1 0
github.com/keshablive/quester/internal/models/achievement.go:203.2,203.14 1 0
github.com/keshablive/quester/internal/models/activity.go:39.36,41.2 1 0
github.com/keshablive/quester/internal/models/analytics.go:35.58,36.23 1 0
github.com/keshablive/quester/internal/models/analytics.go:36.23,38.3 1 0
github.com/keshablive/quester/internal/models/analytics.go:39.2,39.12 1 0
github.com/keshablive/quester/internal/models/analytics.go:43.41,45.2 1 0
github.com/keshablive/quester/internal/models/analytics.go:68.60,69.23 1 0
github.com/keshablive/quester/internal/models/analytics.go:69.23,71.3 1 0
github.com/keshablive/quester/internal/models/analytics.go:72.2,72.12 1 0
github.com/keshablive/quester/internal/models/analytics.go:76.43,78.2 1 0
github.com/keshablive/quester/internal/models/analytics.go:102.64,103.23 1 0
github.com/keshablive/quester/internal/models/analytics.go:103.23,105.3 1 0
github.com/keshablive/quester/internal/models/analytics.go:106.2,106.12 1 0
github.com/keshablive/quester/internal/models/analytics.go:110.47,112.2 1 0
github.com/keshablive/quester/internal/models/analytics.go:135.60,136.23 1 0
github.com/keshablive/quester/internal/models/analytics.go:136.23,138.3 1 0
github.com/keshablive/quester/internal/models/analytics.go:139.2,139.12 1 0
github.com/keshablive/quester/internal/models/analytics.go:143.43,145.2 1 0
github.com/keshablive/quester/internal/models/assessment.go:32.46,34.2 1 0
github.com/keshablive/quester/internal/models/assessment.go:59.38,61.2 1 0
github.com/keshablive/quester/internal/models/assessment.go:64.54,66.48 1 0
github.com/keshablive/quester/internal/models/assessment.go:66.48,68.3 1 0
github.com/keshablive/quester/internal/models/assessment.go:71.2,71.46 1 0
github.com/keshablive/quester/internal/models/assessment.go:71.46,73.3 1 0
github.com/keshablive/quester/internal/models/assessment.go:75.2,75.12 1 0
github.com/keshablive/quester/internal/models/assessment.go:79.54,81.48 1 0
github.com/keshablive/quester/internal/models/assessment.go:81.48,83.3 1 0
github.com/keshablive/quester/internal/models/assessment.go:86.2,86.46 1 0
github.com/keshablive/quester/internal/models/assessment.go:86.46,88.3 1 0
github.com/keshablive/quester/internal/models/assessment.go:90.2,90.12 1 0
github.com/keshablive/quester/internal/models/assessment.go:94.48,96.32 2 0
github.com/keshablive/quester/internal/models/assessment.go:96.32,98.3 1 0
github.com/keshablive/quester/internal/models/assessment.go:100.2,100.30 1 0
github.com/keshablive/quester/internal/models/assessment.go:100.30,102.10 2 0
github.com/keshablive/quester/internal/models/assessment.go:102.10,104.4 1 0
github.com/keshablive/quester/internal/models/assessment.go:107.3,108.10 2 0
github.com/keshablive/quester/internal/models/assessment.go:108.10,110.4 1 0
github.com/keshablive/quester/internal/models/assessment.go:112.3,113.23 2 0
github.com/keshablive/quester/internal/models/assessment.go:114.35,116.41 1 0
github.com/keshablive/quester/internal/models/assessment.go:116.41,118.5 1 0
github.com/keshablive/quester/internal/models/assessment.go:119.4,119.47 1 0
github.com/keshablive/quester/internal/models/assessment.go:119.47,121.5 1 0
github.com/keshablive/quester/internal/models/assessment.go:123.30,125.41 1 0
github.com/keshablive/quester/internal/models/assessment.go:125.41,127.5 1 0
github.com/keshablive/quester/internal/models/assessment.go:129.51,131.19 1 0
github.com/keshablive/quester/internal/models/assessment.go:131.19,133.5 1 0
github.com/keshablive/quester/internal/models/assessment.go:135.11,136.33 1 0
github.com/keshablive/quester/internal/models/assessment.go:140.3,140.39 1 0
github.com/keshablive/quester/internal/models/assessment.go:140.39,142.4 1 0
github.com/keshablive/quester/internal/models/assessment.go:145.2,145.12 1 0
github.com/keshablive/quester/internal/models/assessment.go:149.49,151.9 2 0
github.com/keshablive/quester/internal/models/assessment.go:151.9,153.3 1 0
github.com/keshablive/quester/internal/models/assessment.go:155.2,156.30 2 0
github.com/keshablive/quester/internal/models/assessment.go:156.30,158.10 2 0
github.com/keshablive/quester/internal/models/assessment.go:158.10,159.12 1 0
github.com/keshablive/quester/internal/models/assessment.go:162.3,162.53 1 0
github.com/keshablive/quester/internal/models/assessment.go:162.53,164.4 1 0
github.com/keshablive/quester/internal/models/assessment.go:167.2,167.20 1 0
github.com/keshablive/quester/internal/models/assessment.go:171.44,173.9 2 0
github.com/keshablive/quester/internal/models/assessment.go:173.9,175.3 1 0
github.com/keshablive/quester/internal/models/assessment.go:177.2,177.30 1 0
github.com/keshablive/quester/internal/models/assessment.go:177.30,179.10 2 0
github.com/keshablive/quester/internal/models/assessment.go:179.10,181.4 1 0
github.com/keshablive/quester/internal/models/assessment.go:183.3,184.10 2 0
github.com/keshablive/quester/internal/models/assessment.go:184.10,186.4 1 0
github.com/keshablive/quester/internal/models/assessment.go:188.3,189.37 2 0
github.com/keshablive/quester/internal/models/assessment.go:189.37,191.4 1 0
github.com/keshablive/quester/internal/models/assessment.go:194.2,194.13 1 0
github.com/keshablive/quester/internal/models/assessment.go:220.48,222.2 1 0
github.com/keshablive/quester/internal/models/assessment.go:225.72,226.34 1 0
github.com/keshablive/quester/internal/models/assessment.go:226.34,228.3 1 0
github.com/keshablive/quester/internal/models/assessment.go:230.2,231.9 2 0
github.com/keshablive/quester/internal/models/assessment.go:231.9,233.3 1 0
github.com/keshablive/quester/internal/models/assessment.go:235.2,236.9 2 0
github.com/keshablive/quester/internal/models/assessment.go:236.9,238.3 1 0
github.com/keshablive/quester/internal/models/assessment.go:240.2,240.36 1 0
github.com/keshablive/quester/internal/models/assessment.go:240.36,242.3 1 0
github.com/keshablive/quester/internal/models/assessment.go:244.2,247.30 3 0
github.com/keshablive/quester/internal/models/assessment.go:247.30,249.10 2 0
github.com/keshablive/quester/internal/models/assessment.go:249.10,250.12 1 0
github.com/keshablive/quester/internal/models/assessment.go:253.3,254.10 2 0
github.com/keshablive/quester/internal/models/assessment.go:254.10,255.12 1 0
github.com/keshablive/quester/internal/models/assessment.go:258.3,263.16 4 0
github.com/keshablive/quester/internal/models/assessment.go:264.35,267.33 3 0
github.com/keshablive/quester/internal/models/assessment.go:267.33,269.5 1 0
github.com/keshablive/quester/internal/models/assessment.go:271.30,274.29 3 0
github.com/keshablive/quester/internal/models/assessment.go:274.29,276.5 1 0
github.com/keshablive/quester/internal/models/assessment.go:281.2,282.21 2 0
github.com/keshablive/quester/internal/models/assessment.go:282.21,284.3 1 0
github.com/keshablive/quester/internal/models/assessment.go:286.2,293.12 7 0
github.com/keshablive/quester/internal/models/assessment.go:297.48,299.2 1 0
github.com/keshablive/quester/internal/models/assessment.go:302.48,304.2 1 0
github.com/keshablive/quester/internal/models/assessment.go:307.105,310.16 3 0
github.com/keshablive/quester/internal/models/assessment.go:310.16,312.3 1 0
github.com/keshablive/quester/internal/models/assessment.go:313.2,313.25 1 0
github.com/keshablive/quester/internal/models/assessment.go:317.87,322.16 3 0
github.com/keshablive/quester/internal/models/assessment.go:322.16,324.3 1 0
github.com/keshablive/quester/internal/models/assessment.go:325.2,325.23 1 0
github.com/keshablive/quester/internal/models/audit_log.go:26.36,28.2 1 0
github.com/keshablive/quester/internal/models/badge.go:20.35,21.11 1 0
github.com/keshablive/quester/internal/models/badge.go:22.74,23.14 1 0
github.com/keshablive/quester/internal/models/badge.go:25.2,25.14 1 0
github.com/keshablive/quester/internal/models/badge.go:59.33,61.2 1 0
github.com/keshablive/quester/internal/models/badge.go:64.34,65.45 1 0
github.com/keshablive/quester/internal/models/badge.go:65.45,67.3 1 0
github.com/keshablive/quester/internal/models/badge.go:68.2,68.45 1 0
github.com/keshablive/quester/internal/models/badge.go:68.45,70.3 1 0
github.com/keshablive/quester/internal/models/badge.go:71.2,71.23 1 0
github.com/keshablive/quester/internal/models/badge.go:71.23,73.3 1 0
github.com/keshablive/quester/internal/models/badge.go:74.2,74.12 1 0
github.com/keshablive/quester/internal/models/badge.go:89.42,91.2 1 0
github.com/keshablive/quester/internal/models/certificate.go:47.39,49.2 1 0
github.com/keshablive/quester/internal/models/certificate.go:52.55,53.30 1 0
github.com/keshablive/quester/internal/models/certificate.go:53.30,55.3 1 0
github.com/keshablive/quester/internal/models/certificate.go:56.2,56.12 1 0
github.com/keshablive/quester/internal/models/certificate.go:60.40,71.2 5 0
github.com/keshablive/quester/internal/models/certificate.go:74.50,75.28 1 0
github.com/keshablive/quester/internal/models/certificate.go:75.28,77.3 1 0
github.com/keshablive/quester/internal/models/certificate.go:79.2,79.11 1 0
github.com/keshablive/quester/internal/models/certificate.go:83.38,85.2 1 0
github.com/keshablive/quester/internal/models/certificate.go:88.87,95.16 3 0
github.com/keshablive/quester/internal/models/certificate.go:95.16,96.45 1 0
github.com/keshablive/quester/internal/models/certificate.go:96.45,98.4 1 0
github.com/keshablive/quester/internal/models/certificate.go:99.3,99.18 1 0
github.com/keshablive/quester/internal/models/certificate.go:102.2,102.26 1 0
github.com/keshablive/quester/internal/models/certificate.go:106.80,113.16 3 0
github.com/keshablive/quester/internal/models/certificate.go:113.16,115.3 1 0
github.com/keshablive/quester/internal/models/certificate.go:117.2,117.26 1 0
github.com/keshablive/quester/internal/models/certificate.go:121.100,127.16 3 0
github.com/keshablive/quester/internal/models/certificate.go:127.16,128.45 1 0
github.com/keshablive/quester/internal/models/certificate.go:128.45,130.4 1 0
github.com/keshablive/quester/internal/models/certificate.go:131.3,131.18 1 0
github.com/keshablive/quester/internal/models/certificate.go:134.2,134.26 1 0
github.com/keshablive/quester/internal/models/certificate.go:138.96,140.16 2 0
github.com/keshablive/quester/internal/models/certificate.go:140.16,145.3 1 0
github.com/keshablive/quester/internal/models/certificate.go:147.2,154.8 1 0
github.com/keshablive/quester/internal/models/certificate.go:180.103,187.16 3 0
github.com/keshablive/quester/internal/models/certificate.go:187.16,189.3 1 0
github.com/keshablive/quester/internal/models/certificate.go:192.2,196.16 3 0
github.com/keshablive/quester/internal/models/certificate.go:196.16,198.3 1 0
github.com/keshablive/quester/internal/models/certificate.go:200.2,209.8 1 0
github.com/keshablive/quester/internal/models/certificate.go:213.97,216.21 2 0
github.com/keshablive/quester/internal/models/certificate.go:216.21,218.3 1 0
github.com/keshablive/quester/internal/models/certificate.go:221.2,222.16 2 0
github.com/keshablive/quester/internal/models/certificate.go:222.16,224.3 1 0
github.com/keshablive/quester/internal/models/certificate.go:226.2,226.43 1 0
github.com/keshablive/quester/internal/models/certificate.go:226.43,228.3 1 0
github.com/keshablive/quester/internal/models/certificate.go:230.2,230.34 1 0
github.com/keshablive/quester/internal/models/certificate.go:230.34,232.3 1 0
github.com/keshablive/quester/internal/models/certificate.go:235.2,236.80 2 0
github.com/keshablive/quester/internal/models/certificate.go:236.80,238.3 1 0
github.com/keshablive/quester/internal/models/certificate.go:241.2,253.53 3 0
github.com/keshablive/quester/internal/models/certificate.go:253.53,255.3 1 0
github.com/keshablive/quester/internal/models/certificate.go:258.2,259.50 2 0
github.com/keshablive/quester/internal/models/certificate.go:259.50,261.3 1 0
github.com/keshablive/quester/internal/models/certificate.go:263.2,263.25 1 0
github.com/keshablive/quester/internal/models/certificate.go:267.83,271.2 1 0
github.com/keshablive/quester/internal/models/certificate.go:274.54,278.2 3 0
github.com/keshablive/quester/internal/models/certificate.go:281.76,285.2 3 0
github.com/keshablive/quester/internal/models/classified_ad.go:96.40,98.2 1 0
github.com/keshablive/quester/internal/models/classified_ad.go:101.41,102.24 1 0
github.com/keshablive/quester/internal/models/classified_ad.go:102.24,104.3 1 0
github.com/keshablive/quester/internal/models/classified_ad.go:105.2,105.39 1 0
github.com/keshablive/quester/internal/models/classified_ad.go:109.44,112.2 2 0
github.com/keshablive/quester/internal/models/classified_ad.go:115.45,117.2 1 0
github.com/keshablive/quester/internal/models/classified_ad.go:120.49,122.2 1 0
github.com/keshablive/quester/internal/models/classified_ad.go:125.74,127.30 2 0
github.com/keshablive/quester/internal/models/classified_ad.go:127.30,129.3 1 0
github.com/keshablive/quester/internal/models/classified_ad.go:130.2,131.18 2 0
github.com/keshablive/quester/internal/models/classified_ad.go:135.75,137.16 2 0
github.com/keshablive/quester/internal/models/classified_ad.go:137.16,139.3 1 0
github.com/keshablive/quester/internal/models/classified_ad.go:140.2,141.12 2 0
github.com/keshablive/quester/internal/models/classified_ad.go:145.44,146.24 1 0
github.com/keshablive/quester/internal/models/classified_ad.go:146.24,148.3 1 0
github.com/keshablive/quester/internal/models/classified_ad.go:149.2,150.61 2 0
github.com/keshablive/quester/internal/models/classified_ad.go:154.34,155.24 1 0
github.com/keshablive/quester/internal/models/classified_ad.go:155.24,157.3 1 0
github.com/keshablive/quester/internal/models/classified_ad.go:157.8,160.3 2 0
github.com/keshablive/quester/internal/models/classified_ad.go:164.37,166.2 1 0
github.com/keshablive/quester/internal/models/comment.go:30.35,32.2 1 0
github.com/keshablive/quester/internal/models/comment.go:35.51,36.22 1 0
github.com/keshablive/quester/internal/models/comment.go:36.22,38.3 1 0
github.com/keshablive/quester/internal/models/comment.go:39.2,39.12 1 0
github.com/keshablive/quester/internal/models/comment.go:43.34,45.2 1 0
github.com/keshablive/quester/internal/models/course.go:21.45,23.2 1 0
github.com/keshablive/quester/internal/models/course.go:55.34,57.2 1 0
github.com/keshablive/quester/internal/models/course.go:60.50,62.47 1 0
github.com/keshablive/quester/internal/models/course.go:62.47,64.3 1 0
github.com/keshablive/quester/internal/models/course.go:67.2,67.17 1 0
github.com/keshablive/quester/internal/models/course.go:67.17,69.3 1 0
github.com/keshablive/quester/internal/models/course.go:72.2,72.19 1 0
github.com/keshablive/quester/internal/models/course.go:72.19,74.3 1 0
github.com/keshablive/quester/internal/models/course.go:76.2,76.12 1 0
github.com/keshablive/quester/internal/models/course.go:80.50,82.47 1 0
github.com/keshablive/quester/internal/models/course.go:82.47,84.3 1 0
github.com/keshablive/quester/internal/models/course.go:87.2,87.17 1 0
github.com/keshablive/quester/internal/models/course.go:87.17,89.3 1 0
github.com/keshablive/quester/internal/models/course.go:92.2,92.19 1 0
github.com/keshablive/quester/internal/models/course.go:92.19,94.3 1 0
github.com/keshablive/quester/internal/models/course.go:96.2,96.12 1 0
github.com/keshablive/quester/internal/models/course.go:100.45,101.22 1 0
github.com/keshablive/quester/internal/models/course.go:102.70,103.13 1 0
github.com/keshablive/quester/internal/models/course.go:104.10,105.30 1 0
github.com/keshablive/quester/internal/models/course.go:110.32,112.2 1 0
github.com/keshablive/quester/internal/models/course.go:115.37,117.2 1 0
github.com/keshablive/quester/internal/models/course.go:120.65,124.2 3 0
github.com/keshablive/quester/internal/models/course.go:127.66,134.2 3 0
github.com/keshablive/quester/internal/models/course.go:137.61,141.2 3 0
github.com/keshablive/quester/internal/models/course.go:152.84,154.68 2 0
github.com/keshablive/quester/internal/models/course.go:154.68,156.3 1 0
github.com/keshablive/quester/internal/models/course.go:158.2,159.16 2 0
github.com/keshablive/quester/internal/models/course.go:159.16,161.3 1 0
github.com/keshablive/quester/internal/models/course.go:163.2,164.16 2 0
github.com/keshablive/quester/internal/models/course.go:164.16,166.3 1 0
github.com/keshablive/quester/internal/models/course.go:168.2,169.16 2 0
github.com/keshablive/quester/internal/models/course.go:169.16,171.3 1 0
github.com/keshablive/quester/internal/models/course.go:173.2,178.8 1 0
github.com/keshablive/quester/internal/models/dashboard.go:33.53,34.22 1 0
github.com/keshablive/quester/internal/models/dashboard.go:34.22,36.3 1 0
github.com/keshablive/quester/internal/models/dashboard.go:37.2,37.12 1 0
github.com/keshablive/quester/internal/models/dashboard.go:41.37,43.2 1 0
github.com/keshablive/quester/internal/models/encryption_key.go:38.41,40.2 1 0
github.com/keshablive/quester/internal/models/encryption_key.go:65.41,67.2 1 0
github.com/keshablive/quester/internal/models/encryption_key.go:70.42,72.2 1 0
github.com/keshablive/quester/internal/models/encryption_key.go:75.42,77.2 1 0
github.com/keshablive/quester/internal/models/encryption_key.go:80.42,82.2 1 0
github.com/keshablive/quester/internal/models/encryption_key.go:86.43,88.2 1 0
github.com/keshablive/quester/internal/models/encryption_key.go:92.43,94.2 1 0
github.com/keshablive/quester/internal/models/encryption_key.go:97.39,105.2 5 0
github.com/keshablive/quester/internal/models/encryption_key.go:108.39,110.2 1 0
github.com/keshablive/quester/internal/models/encryption_key.go:113.39,115.2 1 0
github.com/keshablive/quester/internal/models/encryption_key.go:118.42,119.19 1 0
github.com/keshablive/quester/internal/models/encryption_key.go:119.19,121.3 1 0
github.com/keshablive/quester/internal/models/encryption_key.go:123.2,123.19 1 0
github.com/keshablive/quester/internal/models/encryption_key.go:123.19,125.3 1 0
github.com/keshablive/quester/internal/models/encryption_key.go:127.2,127.30 1 0
github.com/keshablive/quester/internal/models/encryption_key.go:127.30,129.3 1 0
github.com/keshablive/quester/internal/models/encryption_key.go:131.2,131.76 1 0
github.com/keshablive/quester/internal/models/encryption_key.go:131.76,133.3 1 0
github.com/keshablive/quester/internal/models/encryption_key.go:135.2,136.73 1 0
github.com/keshablive/quester/internal/models/encryption_key.go:136.73,138.3 1 0
github.com/keshablive/quester/internal/models/encryption_key.go:140.2,140.23 1 0
github.com/keshablive/quester/internal/models/encryption_key.go:140.23,142.3 1 0
github.com/keshablive/quester/internal/models/encryption_key.go:144.2,145.64 1 0
github.com/keshablive/quester/internal/models/encryption_key.go:145.64,147.3 1 0
github.com/keshablive/quester/internal/models/encryption_key.go:149.2,149.12 1 0
github.com/keshablive/quester/internal/models/enrollment.go:39.38,41.2 1 0
github.com/keshablive/quester/internal/models/enrollment.go:44.41,46.2 1 0
github.com/keshablive/quester/internal/models/enrollment.go:49.44,51.2 1 0
github.com/keshablive/quester/internal/models/enrollment.go:54.56,57.106 2 0
github.com/keshablive/quester/internal/models/enrollment.go:57.106,59.3 1 0
github.com/keshablive/quester/internal/models/enrollment.go:61.2,61.23 1 0
github.com/keshablive/quester/internal/models/enrollment.go:61.23,64.3 2 0
github.com/keshablive/quester/internal/models/enrollment.go:67.2,72.16 3 0
github.com/keshablive/quester/internal/models/enrollment.go:72.16,74.3 1 0
github.com/keshablive/quester/internal/models/enrollment.go:77.2,79.25 2 0
github.com/keshablive/quester/internal/models/enrollment.go:83.60,92.16 3 0
github.com/keshablive/quester/internal/models/enrollment.go:92.16,94.3 1 0
github.com/keshablive/quester/internal/models/enrollment.go:96.2,97.25 2 0
github.com/keshablive/quester/internal/models/enrollment.go:101.66,107.22 1 0
github.com/keshablive/quester/internal/models/enrollment.go:107.22,109.3 1 0
github.com/keshablive/quester/internal/models/enrollment.go:111.2,111.25 1 0
github.com/keshablive/quester/internal/models/enrollment.go:111.25,113.3 1 0
github.com/keshablive/quester/internal/models/enrollment.go:115.2,115.24 1 0
github.com/keshablive/quester/internal/models/enrollment.go:115.24,117.3 1 0
github.com/keshablive/quester/internal/models/enrollment.go:120.2,120.26 1 0
github.com/keshablive/quester/internal/models/enrollment.go:120.26,123.3 2 0
github.com/keshablive/quester/internal/models/enrollment.go:126.2,133.53 2 0
github.com/keshablive/quester/internal/models/enrollment.go:133.53,135.3 1 0
github.com/keshablive/quester/internal/models/enrollment.go:138.2,139.25 2 0
github.com/keshablive/quester/internal/models/enrollment.go:143.89,148.16 3 0
github.com/keshablive/quester/internal/models/enrollment.go:148.16,150.3 1 0
github.com/keshablive/quester/internal/models/enrollment.go:151.2,151.25 1 0
github.com/keshablive/quester/internal/models/enrollment.go:155.96,158.16 3 0
github.com/keshablive/quester/internal/models/enrollment.go:158.16,160.3 1 0
github.com/keshablive/quester/internal/models/enrollment.go:161.2,161.25 1 0
github.com/keshablive/quester/internal/models/enrollment.go:165.86,170.16 3 0
github.com/keshablive/quester/internal/models/enrollment.go:170.16,172.3 1 0
github.com/keshablive/quester/internal/models/enrollment.go:173.2,173.23 1 0
github.com/keshablive/quester/internal/models/enrollment.go:177.93,181.16 3 0
github.com/keshablive/quester/internal/models/enrollment.go:182.16,183.46 1 0
github.com/keshablive/quester/internal/models/enrollment.go:184.19,185.50 1 0
github.com/keshablive/quester/internal/models/enrollment.go:189.2,190.16 2 0
github.com/keshablive/quester/internal/models/enrollment.go:190.16,192.3 1 0
github.com/keshablive/quester/internal/models/enrollment.go:194.2,194.25 1 0
github.com/keshablive/quester/internal/models/enrollment.go:198.82,204.16 3 0
github.com/keshablive/quester/internal/models/enrollment.go:204.16,206.3 1 0
github.com/keshablive/quester/internal/models/enrollment.go:207.2,207.25 1 0
github.com/keshablive/quester/internal/models/enrollment.go:220.96,222.84 2 0
github.com/keshablive/quester/internal/models/enrollment.go:222.84,224.3 1 0
github.com/keshablive/quester/internal/models/enrollment.go:227.2,228.115 2 0
github.com/keshablive/quester/internal/models/enrollment.go:228.115,230.3 1 0
github.com/keshablive/quester/internal/models/enrollment.go:233.2,238.16 3 0
github.com/keshablive/quester/internal/models/enrollment.go:238.16,240.3 1 0
github.com/keshablive/quester/internal/models/enrollment.go:242.2,248.8 1 0
github.com/keshablive/quester/internal/models/enrollment.go:252.95,255.16 2 0
github.com/keshablive/quester/internal/models/enrollment.go:255.16,257.3 1 0
github.com/keshablive/quester/internal/models/enrollment.go:258.2,258.14 1 0
github.com/keshablive/quester/internal/models/enrollment.go:258.14,260.3 1 0
github.com/keshablive/quester/internal/models/enrollment.go:263.2,264.58 2 0
github.com/keshablive/quester/internal/models/enrollment.go:264.58,266.3 1 0
github.com/keshablive/quester/internal/models/enrollment.go:268.2,268.23 1 0
github.com/keshablive/quester/internal/models/enrollment.go:268.23,270.3 1 0
github.com/keshablive/quester/internal/models/enrollment.go:278.2,283.52 2 0
github.com/keshablive/quester/internal/models/enrollment.go:283.52,285.3 1 0
github.com/keshablive/quester/internal/models/enrollment.go:287.2,287.24 1 0
github.com/keshablive/quester/internal/models/errors.go:10.35,12.2 1 0
github.com/keshablive/quester/internal/models/errors.go:15.50,20.2 1 0
github.com/keshablive/quester/internal/models/follow.go:23.34,25.2 1 0
github.com/keshablive/quester/internal/models/interaction.go:57.39,59.2 1 0
github.com/keshablive/quester/internal/models/interaction.go:62.40,70.36 2 0
github.com/keshablive/quester/internal/models/interaction.go:70.36,72.3 1 0
github.com/keshablive/quester/internal/models/interaction.go:75.2,75.92 1 0
github.com/keshablive/quester/internal/models/interaction.go:75.92,77.3 1 0
github.com/keshablive/quester/internal/models/interaction.go:80.2,80.71 1 0
github.com/keshablive/quester/internal/models/interaction.go:80.71,82.3 1 0
github.com/keshablive/quester/internal/models/interaction.go:85.2,85.46 1 0
github.com/keshablive/quester/internal/models/interaction.go:85.46,86.22 1 0
github.com/keshablive/quester/internal/models/interaction.go:86.22,88.4 1 0
github.com/keshablive/quester/internal/models/interaction.go:89.3,89.37 1 0
github.com/keshablive/quester/internal/models/interaction.go:89.37,91.4 1 0
github.com/keshablive/quester/internal/models/interaction.go:95.2,104.33 2 0
github.com/keshablive/quester/internal/models/interaction.go:104.33,106.3 1 0
github.com/keshablive/quester/internal/models/interaction.go:108.2,108.12 1 0
github.com/keshablive/quester/internal/models/interaction.go:112.39,114.2 1 0
github.com/keshablive/quester/internal/models/interaction.go:117.49,121.2 1 0
github.com/keshablive/quester/internal/models/interaction.go:124.45,128.2 1 0
github.com/keshablive/quester/internal/models/interaction.go:157.44,159.2 1 0
github.com/keshablive/quester/internal/models/interaction.go:162.87,164.2 1 0
github.com/keshablive/quester/internal/models/interaction.go:198.43,200.2 1 0
github.com/keshablive/quester/internal/models/interaction.go:203.45,205.2 1 0
github.com/keshablive/quester/internal/models/interaction.go:208.46,210.2 1 0
github.com/keshablive/quester/internal/models/interaction.go:213.80,214.28 1 0
github.com/keshablive/quester/internal/models/interaction.go:214.28,216.3 1 0
github.com/keshablive/quester/internal/models/interaction.go:218.2,219.69 2 0
github.com/keshablive/quester/internal/models/interaction.go:219.69,221.3 1 0
github.com/keshablive/quester/internal/models/interaction.go:223.2,224.22 2 0
github.com/keshablive/quester/internal/models/interaction.go:228.67,229.28 1 0
github.com/keshablive/quester/internal/models/interaction.go:229.28,231.3 1 0
github.com/keshablive/quester/internal/models/interaction.go:233.2,234.69 2 0
github.com/keshablive/quester/internal/models/interaction.go:234.69,236.3 1 0
github.com/keshablive/quester/internal/models/interaction.go:238.2,241.42 3 0
github.com/keshablive/quester/internal/models/interaction.go:241.42,242.27 1 0
github.com/keshablive/quester/internal/models/interaction.go:242.27,245.4 2 0
github.com/keshablive/quester/internal/models/interaction.go:248.2,248.38 1 0
github.com/keshablive/quester/internal/models/leaderboard.go:18.41,19.11 1 0
github.com/keshablive/quester/internal/models/leaderboard.go:20.54,21.14 1 0
github.com/keshablive/quester/internal/models/leaderboard.go:23.2,23.14 1 0
github.com/keshablive/quester/internal/models/leaderboard.go:35.43,36.11 1 0
github.com/keshablive/quester/internal/models/leaderboard.go:37.58,38.14 1 0
github.com/keshablive/quester/internal/models/leaderboard.go:40.2,40.14 1 0
github.com/keshablive/quester/internal/models/leaderboard.go:72.39,74.2 1 0
github.com/keshablive/quester/internal/models/leaderboard.go:77.40,78.28 1 0
github.com/keshablive/quester/internal/models/leaderboard.go:78.28,80.3 1 0
github.com/keshablive/quester/internal/models/leaderboard.go:81.2,81.26 1 0
github.com/keshablive/quester/internal/models/leaderboard.go:81.26,83.3 1 0
github.com/keshablive/quester/internal/models/leaderboard.go:84.2,84.34 1 0
github.com/keshablive/quester/internal/models/leaderboard.go:84.34,86.3 1 0
github.com/keshablive/quester/internal/models/leaderboard.go:87.2,87.25 1 0
github.com/keshablive/quester/internal/models/leaderboard.go:87.25,89.3 1 0
github.com/keshablive/quester/internal/models/leaderboard.go:90.2,90.23 1 0
github.com/keshablive/quester/internal/models/leaderboard.go:90.23,92.3 1 0
github.com/keshablive/quester/internal/models/leaderboard.go:93.2,93.70 1 0
github.com/keshablive/quester/internal/models/leaderboard.go:93.70,95.3 1 0
github.com/keshablive/quester/internal/models/leaderboard.go:96.2,96.16 1 0
github.com/keshablive/quester/internal/models/leaderboard.go:96.16,98.3 1 0
github.com/keshablive/quester/internal/models/leaderboard.go:99.2,99.23 1 0
github.com/keshablive/quester/internal/models/leaderboard.go:99.23,101.3 1 0
github.com/keshablive/quester/internal/models/leaderboard.go:102.2,102.12 1 0
github.com/keshablive/quester/internal/models/lesson.go:36.46,37.14 1 0
github.com/keshablive/quester/internal/models/lesson.go:37.14,39.3 1 0
github.com/keshablive/quester/internal/models/lesson.go:40.2,40.24 1 0
github.com/keshablive/quester/internal/models/lesson.go:44.47,45.18 1 0
github.com/keshablive/quester/internal/models/lesson.go:45.18,48.3 2 0
github.com/keshablive/quester/internal/models/lesson.go:50.2,51.9 2 0
github.com/keshablive/quester/internal/models/lesson.go:51.9,53.3 1 0
github.com/keshablive/quester/internal/models/lesson.go:55.2,55.33 1 0
github.com/keshablive/quester/internal/models/lesson.go:79.34,81.2 1 0
github.com/keshablive/quester/internal/models/lesson.go:84.50,86.19 1 0
github.com/keshablive/quester/internal/models/lesson.go:86.19,88.3 1 0
github.com/keshablive/quester/internal/models/lesson.go:91.2,91.48 1 0
github.com/keshablive/quester/internal/models/lesson.go:91.48,93.3 1 0
github.com/keshablive/quester/internal/models/lesson.go:96.2,96.22 1 0
github.com/keshablive/quester/internal/models/lesson.go:96.22,98.3 1 0
github.com/keshablive/quester/internal/models/lesson.go:101.2,101.35 1 0
github.com/keshablive/quester/internal/models/lesson.go:101.35,104.17 3 0
github.com/keshablive/quester/internal/models/lesson.go:104.17,106.4 1 0
github.com/keshablive/quester/internal/models/lesson.go:109.2,109.12 1 0
github.com/keshablive/quester/internal/models/lesson.go:113.50,115.19 1 0
github.com/keshablive/quester/internal/models/lesson.go:115.19,117.3 1 0
github.com/keshablive/quester/internal/models/lesson.go:120.2,120.48 1 0
github.com/keshablive/quester/internal/models/lesson.go:120.48,122.3 1 0
github.com/keshablive/quester/internal/models/lesson.go:125.2,125.22 1 0
github.com/keshablive/quester/internal/models/lesson.go:125.22,127.3 1 0
github.com/keshablive/quester/internal/models/lesson.go:130.2,130.35 1 0
github.com/keshablive/quester/internal/models/lesson.go:130.35,133.17 3 0
github.com/keshablive/quester/internal/models/lesson.go:133.17,135.4 1 0
github.com/keshablive/quester/internal/models/lesson.go:138.2,138.12 1 0
github.com/keshablive/quester/internal/models/lesson.go:142.46,143.23 1 0
github.com/keshablive/quester/internal/models/lesson.go:144.58,145.13 1 0
github.com/keshablive/quester/internal/models/lesson.go:146.10,147.31 1 0
github.com/keshablive/quester/internal/models/lesson.go:152.72,154.35 1 0
github.com/keshablive/quester/internal/models/lesson.go:154.35,156.3 1 0
github.com/keshablive/quester/internal/models/lesson.go:159.2,164.16 3 0
github.com/keshablive/quester/internal/models/lesson.go:164.16,166.3 1 0
github.com/keshablive/quester/internal/models/lesson.go:169.2,169.24 1 0
github.com/keshablive/quester/internal/models/lesson.go:173.75,179.16 3 0
github.com/keshablive/quester/internal/models/lesson.go:179.16,181.3 1 0
github.com/keshablive/quester/internal/models/lesson.go:183.2,183.23 1 0
github.com/keshablive/quester/internal/models/lesson.go:187.90,190.16 3 0
github.com/keshablive/quester/internal/models/lesson.go:190.16,192.3 1 0
github.com/keshablive/quester/internal/models/lesson.go:193.2,193.25 1 0
github.com/keshablive/quester/internal/models/lesson.go:205.104,207.98 2 0
github.com/keshablive/quester/internal/models/lesson.go:207.98,209.3 1 0
github.com/keshablive/quester/internal/models/lesson.go:211.2,212.16 2 0
github.com/keshablive/quester/internal/models/lesson.go:212.16,214.3 1 0
github.com/keshablive/quester/internal/models/lesson.go:216.2,217.16 2 0
github.com/keshablive/quester/internal/models/lesson.go:217.16,219.3 1 0
github.com/keshablive/quester/internal/models/lesson.go:221.2,222.17 2 0
github.com/keshablive/quester/internal/models/lesson.go:222.17,224.44 2 0
github.com/keshablive/quester/internal/models/lesson.go:224.44,226.4 1 0
github.com/keshablive/quester/internal/models/lesson.go:229.2,234.8 1 0
github.com/keshablive/quester/internal/models/lesson.go:238.112,240.106 2 0
github.com/keshablive/quester/internal/models/lesson.go:240.106,242.3 1 0
github.com/keshablive/quester/internal/models/lesson.go:244.2,245.33 2 0
github.com/keshablive/quester/internal/models/lesson.go:245.33,247.17 2 0
github.com/keshablive/quester/internal/models/lesson.go:247.17,249.4 1 0
github.com/keshablive/quester/internal/models/lesson.go:251.3,252.17 2 0
github.com/keshablive/quester/internal/models/lesson.go:252.17,254.4 1 0
github.com/keshablive/quester/internal/models/lesson.go:256.3,257.18 2 0
github.com/keshablive/quester/internal/models/lesson.go:257.18,259.45 2 0
github.com/keshablive/quester/internal/models/lesson.go:259.45,261.5 1 0
github.com/keshablive/quester/internal/models/lesson.go:264.3,269.4 1 0
github.com/keshablive/quester/internal/models/lesson.go:272.2,272.20 1 0
github.com/keshablive/quester/internal/models/lesson.go:291.44,293.2 1 0
github.com/keshablive/quester/internal/models/like.go:23.32,25.2 1 0
github.com/keshablive/quester/internal/models/marketplace_listing.go:84.46,86.2 1 0
github.com/keshablive/quester/internal/models/marketplace_listing.go:89.63,91.63 1 0
github.com/keshablive/quester/internal/models/marketplace_listing.go:91.63,94.3 2 0
github.com/keshablive/quester/internal/models/marketplace_listing.go:97.2,97.23 1 0
github.com/keshablive/quester/internal/models/marketplace_listing.go:97.23,99.3 1 0
github.com/keshablive/quester/internal/models/marketplace_listing.go:102.2,102.28 1 0
github.com/keshablive/quester/internal/models/marketplace_listing.go:102.28,104.3 1 0
github.com/keshablive/quester/internal/models/marketplace_listing.go:106.2,106.12 1 0
github.com/keshablive/quester/internal/models/marketplace_listing.go:110.63,112.63 1 0
github.com/keshablive/quester/internal/models/marketplace_listing.go:112.63,115.3 2 0
github.com/keshablive/quester/internal/models/marketplace_listing.go:117.2,117.12 1 0
github.com/keshablive/quester/internal/models/marketplace_listing.go:121.50,122.38 1 0
github.com/keshablive/quester/internal/models/marketplace_listing.go:122.38,124.3 1 0
github.com/keshablive/quester/internal/models/marketplace_listing.go:127.2,127.45 1 0
github.com/keshablive/quester/internal/models/marketplace_listing.go:127.45,129.3 1 0
github.com/keshablive/quester/internal/models/marketplace_listing.go:131.2,131.13 1 0
github.com/keshablive/quester/internal/models/marketplace_listing.go:135.61,137.2 1 0
github.com/keshablive/quester/internal/models/marketplace_listing.go:140.63,142.2 1 0
github.com/keshablive/quester/internal/models/marketplace_listing.go:145.68,146.24 1 0
github.com/keshablive/quester/internal/models/marketplace_listing.go:146.24,148.3 1 0
github.com/keshablive/quester/internal/models/marketplace_listing.go:150.2,150.23 1 0
github.com/keshablive/quester/internal/models/marketplace_listing.go:150.23,152.3 1 0
github.com/keshablive/quester/internal/models/marketplace_listing.go:154.2,158.23 3 0
github.com/keshablive/quester/internal/models/marketplace_listing.go:158.23,160.3 1 0
github.com/keshablive/quester/internal/models/marketplace_listing.go:162.2,162.26 1 0
github.com/keshablive/quester/internal/models/marketplace_review.go:39.45,41.2 1 0
github.com/keshablive/quester/internal/models/marketplace_review.go:44.62,45.36 1 0
github.com/keshablive/quester/internal/models/marketplace_review.go:45.36,47.3 1 0
github.com/keshablive/quester/internal/models/marketplace_review.go:48.2,48.12 1 0
github.com/keshablive/quester/internal/models/marketplace_review.go:52.62,53.36 1 0
github.com/keshablive/quester/internal/models/marketplace_review.go:53.36,55.3 1 0
github.com/keshablive/quester/internal/models/marketplace_review.go:56.2,56.12 1 0
github.com/keshablive/quester/internal/models/marketplace_review.go:60.84,66.2 4 0
github.com/keshablive/quester/internal/models/message.go:32.35,34.2 1 0
github.com/keshablive/quester/internal/models/message.go:37.51,38.42 1 0
github.com/keshablive/quester/internal/models/message.go:38.42,40.3 1 0
github.com/keshablive/quester/internal/models/message.go:41.2,41.12 1 0
github.com/keshablive/quester/internal/models/message.go:45.37,48.2 2 0
github.com/keshablive/quester/internal/models/message.go:51.32,54.26 3 0
github.com/keshablive/quester/internal/models/message.go:54.26,56.3 1 0
github.com/keshablive/quester/internal/models/message.go:60.33,62.2 1 0
github.com/keshablive/quester/internal/models/message.go:65.38,67.2 1 0
github.com/keshablive/quester/internal/models/message.go:70.41,72.2 1 0
github.com/keshablive/quester/internal/models/message.go:104.33,106.2 1 0
github.com/keshablive/quester/internal/models/message.go:133.39,135.2 1 0
github.com/keshablive/quester/internal/models/message.go:145.39,147.2 1 0
github.com/keshablive/quester/internal/models/message.go:150.43,152.2 1 0
github.com/keshablive/quester/internal/models/message.go:155.43,157.2 1 0
github.com/keshablive/quester/internal/models/message.go:160.40,162.2 1 0
github.com/keshablive/quester/internal/models/notification.go:42.40,44.2 1 0
github.com/keshablive/quester/internal/models/notification.go:47.37,50.2 2 0
github.com/keshablive/quester/internal/models/notification.go:53.37,56.2 2 0
github.com/keshablive/quester/internal/models/notification.go:59.56,64.2 4 0
github.com/keshablive/quester/internal/models/notification.go:67.78,74.2 6 0
github.com/keshablive/quester/internal/models/notification.go:77.43,79.2 1 0
github.com/keshablive/quester/internal/models/notification.go:82.54,84.2 1 0
github.com/keshablive/quester/internal/models/notification.go:87.38,89.2 1 0
github.com/keshablive/quester/internal/models/notification.go:92.38,94.2 1 0
github.com/keshablive/quester/internal/models/notification.go:97.56,98.32 1 0
github.com/keshablive/quester/internal/models/notification.go:98.32,99.20 1 0
github.com/keshablive/quester/internal/models/notification.go:99.20,101.4 1 0
github.com/keshablive/quester/internal/models/notification.go:103.2,103.14 1 0
github.com/keshablive/quester/internal/models/notification.go:154.48,156.2 1 0
github.com/keshablive/quester/internal/models/notification.go:167.71,168.45 1 0
github.com/keshablive/quester/internal/models/notification.go:168.45,170.3 1 0
github.com/keshablive/quester/internal/models/notification.go:171.2,171.14 1 0
github.com/keshablive/quester/internal/models/notification.go:175.82,176.50 1 0
github.com/keshablive/quester/internal/models/notification.go:176.50,178.3 1 0
github.com/keshablive/quester/internal/models/notification.go:179.2,179.13 1 0
github.com/keshablive/quester/internal/models/notification.go:183.80,184.52 1 0
github.com/keshablive/quester/internal/models/notification.go:184.52,186.3 1 0
github.com/keshablive/quester/internal/models/notification.go:189.2,190.16 2 0
github.com/keshablive/quester/internal/models/notification.go:190.16,192.3 1 0
github.com/keshablive/quester/internal/models/notification.go:195.2,199.45 3 0
github.com/keshablive/quester/internal/models/notification.go:199.45,201.3 1 0
github.com/keshablive/quester/internal/models/notification.go:204.2,204.78 1 0
github.com/keshablive/quester/internal/models/notification.go:226.36,228.2 1 0
github.com/keshablive/quester/internal/models/notification.go:238.37,240.2 1 0
github.com/keshablive/quester/internal/models/notification.go:243.33,245.2 1 0
github.com/keshablive/quester/internal/models/post.go:51.32,53.2 1 0
github.com/keshablive/quester/internal/models/post.go:56.48,57.22 1 0
github.com/keshablive/quester/internal/models/post.go:57.22,59.3 1 0
github.com/keshablive/quester/internal/models/post.go:60.2,60.12 1 0
github.com/keshablive/quester/internal/models/property.go:41.47,42.18 1 0
github.com/keshablive/quester/internal/models/property.go:42.18,44.3 1 0
github.com/keshablive/quester/internal/models/property.go:47.2,47.12 1 0
github.com/keshablive/quester/internal/models/property.go:51.46,53.29 1 0
github.com/keshablive/quester/internal/models/property.go:53.29,55.3 1 0
github.com/keshablive/quester/internal/models/property.go:56.2,56.15 1 0
github.com/keshablive/quester/internal/models/property.go:137.36,139.2 1 0
github.com/keshablive/quester/internal/models/property.go:142.37,143.24 1 0
github.com/keshablive/quester/internal/models/property.go:143.24,145.3 1 0
github.com/keshablive/quester/internal/models/property.go:146.2,146.39 1 0
github.com/keshablive/quester/internal/models/property.go:150.38,152.2 1 0
github.com/keshablive/quester/internal/models/property.go:156.64,159.2 1 0
github.com/keshablive/quester/internal/models/property.go:162.40,165.2 2 0
github.com/keshablive/quester/internal/models/property.go:168.41,170.2 1 0
github.com/keshablive/quester/internal/models/property.go:173.44,175.2 1 0
github.com/keshablive/quester/internal/models/property.go:178.55,180.27 2 0
github.com/keshablive/quester/internal/models/property.go:180.27,182.3 1 0
github.com/keshablive/quester/internal/models/property.go:183.2,184.18 2 0
github.com/keshablive/quester/internal/models/property.go:188.56,190.16 2 0
github.com/keshablive/quester/internal/models/property.go:190.16,192.3 1 0
github.com/keshablive/quester/internal/models/property.go:193.2,194.12 2 0
github.com/keshablive/quester/internal/models/property.go:198.59,200.19 2 0
github.com/keshablive/quester/internal/models/property.go:200.19,203.3 2 0
github.com/keshablive/quester/internal/models/property.go:203.8,205.3 1 0
github.com/keshablive/quester/internal/models/quest.go:56.33,58.2 1 0
github.com/keshablive/quester/internal/models/refresh_token.go:35.40,37.2 1 0
github.com/keshablive/quester/internal/models/refresh_token.go:40.57,42.23 1 0
github.com/keshablive/quester/internal/models/refresh_token.go:42.23,44.3 1 0
github.com/keshablive/quester/internal/models/refresh_token.go:45.2,45.12 1 0
github.com/keshablive/quester/internal/models/refresh_token.go:49.42,51.2 1 0
github.com/keshablive/quester/internal/models/refresh_token.go:54.42,56.2 1 0
github.com/keshablive/quester/internal/models/refresh_token.go:59.40,61.2 1 0
github.com/keshablive/quester/internal/models/refresh_token.go:64.51,68.2 3 0
github.com/keshablive/quester/internal/models/report.go:36.50,37.22 1 0
github.com/keshablive/quester/internal/models/report.go:37.22,39.3 1 0
github.com/keshablive/quester/internal/models/report.go:40.2,40.12 1 0
github.com/keshablive/quester/internal/models/report.go:44.34,46.2 1 0
github.com/keshablive/quester/internal/models/report.go:73.59,74.23 1 0
github.com/keshablive/quester/internal/models/report.go:74.23,76.3 1 0
github.com/keshablive/quester/internal/models/report.go:77.2,77.12 1 0
github.com/keshablive/quester/internal/models/report.go:81.42,83.2 1 0
github.com/keshablive/quester/internal/models/report.go:104.60,105.23 1 0
github.com/keshablive/quester/internal/models/report.go:105.23,107.3 1 0
github.com/keshablive/quester/internal/models/report.go:108.2,108.12 1 0
github.com/keshablive/quester/internal/models/report.go:112.43,114.2 1 0
github.com/keshablive/quester/internal/models/stream.go:63.50,64.22 1 0
github.com/keshablive/quester/internal/models/stream.go:64.22,66.3 1 0
github.com/keshablive/quester/internal/models/stream.go:67.2,67.12 1 0
github.com/keshablive/quester/internal/models/stream.go:71.61,72.17 1 0
github.com/keshablive/quester/internal/models/stream.go:73.26,75.69 1 0
github.com/keshablive/quester/internal/models/stream.go:77.23,79.38 1 0
github.com/keshablive/quester/internal/models/stream.go:81.24,83.15 1 0
github.com/keshablive/quester/internal/models/stream.go:85.10,86.15 1 0
github.com/keshablive/quester/internal/models/stream.go:91.59,92.34 1 0
github.com/keshablive/quester/internal/models/stream.go:92.34,97.3 1 0
github.com/keshablive/quester/internal/models/stream.go:100.2,102.18 2 0
github.com/keshablive/quester/internal/models/stream.go:103.23,105.21 2 0
github.com/keshablive/quester/internal/models/stream.go:106.24,109.25 3 0
github.com/keshablive/quester/internal/models/stream.go:109.25,111.4 1 0
github.com/keshablive/quester/internal/models/stream.go:114.2,114.12 1 0
github.com/keshablive/quester/internal/models/stream.go:118.34,120.2 1 0
github.com/keshablive/quester/internal/models/stream.go:123.35,125.2 1 0
github.com/keshablive/quester/internal/models/stream.go:128.33,130.2 1 0
github.com/keshablive/quester/internal/models/stream.go:138.51,140.2 1 0
github.com/keshablive/quester/internal/models/stream.go:143.34,145.2 1 0
github.com/keshablive/quester/internal/models/tenant.go:20.34,22.2 1 0
github.com/keshablive/quester/internal/models/transaction.go:107.39,109.2 1 0
github.com/keshablive/quester/internal/models/transaction.go:112.55,114.49 1 0
github.com/keshablive/quester/internal/models/transaction.go:114.49,117.3 2 0
github.com/keshablive/quester/internal/models/transaction.go:120.2,120.22 1 0
github.com/keshablive/quester/internal/models/transaction.go:120.22,122.3 1 0
github.com/keshablive/quester/internal/models/transaction.go:124.2,124.12 1 0
github.com/keshablive/quester/internal/models/transaction.go:128.61,129.42 1 0
github.com/keshablive/quester/internal/models/transaction.go:129.42,131.3 1 0
github.com/keshablive/quester/internal/models/transaction.go:133.2,140.25 6 0
github.com/keshablive/quester/internal/models/transaction.go:144.58,145.45 1 0
github.com/keshablive/quester/internal/models/transaction.go:145.45,147.3 1 0
github.com/keshablive/quester/internal/models/transaction.go:149.2,156.25 6 0
github.com/keshablive/quester/internal/models/transaction.go:160.55,161.44 1 0
github.com/keshablive/quester/internal/models/transaction.go:161.44,163.3 1 0
github.com/keshablive/quester/internal/models/transaction.go:165.2,169.25 4 0
github.com/keshablive/quester/internal/models/transaction.go:173.69,174.87 1 0
github.com/keshablive/quester/internal/models/transaction.go:174.87,176.3 1 0
github.com/keshablive/quester/internal/models/transaction.go:179.2,180.39 2 0
github.com/keshablive/quester/internal/models/transaction.go:180.39,182.3 1 0
github.com/keshablive/quester/internal/models/transaction.go:184.2,192.25 7 0
github.com/keshablive/quester/internal/models/transaction.go:196.119,197.43 1 0
github.com/keshablive/quester/internal/models/transaction.go:197.43,199.3 1 0
github.com/keshablive/quester/internal/models/transaction.go:201.2,203.20 2 0
github.com/keshablive/quester/internal/models/transaction.go:203.20,208.3 3 0
github.com/keshablive/quester/internal/models/transaction.go:208.8,214.3 4 0
github.com/keshablive/quester/internal/models/transaction.go:216.2,220.25 4 0
github.com/keshablive/quester/internal/models/transaction.go:224.49,225.84 1 0
github.com/keshablive/quester/internal/models/transaction.go:225.84,227.3 1 0
github.com/keshablive/quester/internal/models/transaction.go:229.2,231.25 2 0
github.com/keshablive/quester/internal/models/transaction.go:235.45,237.87 1 0
github.com/keshablive/quester/internal/models/transaction.go:237.87,239.3 1 0
github.com/keshablive/quester/internal/models/transaction.go:242.2,243.43 2 0
github.com/keshablive/quester/internal/models/transaction.go:247.48,248.44 1 0
github.com/keshablive/quester/internal/models/transaction.go:248.44,250.3 1 0
github.com/keshablive/quester/internal/models/transaction.go:252.2,252.30 1 0
github.com/keshablive/quester/internal/models/transaction.go:252.30,254.3 1 0
github.com/keshablive/quester/internal/models/transaction.go:256.2,256.45 1 0
github.com/keshablive/quester/internal/models/user.go:23.30,24.11 1 0
github.com/keshablive/quester/internal/models/user.go:25.73,26.14 1 0
github.com/keshablive/quester/internal/models/user.go:28.2,28.14 1 0
github.com/keshablive/quester/internal/models/user.go:43.30,44.11 1 0
github.com/keshablive/quester/internal/models/user.go:45.67,46.14 1 0
github.com/keshablive/quester/internal/models/user.go:48.2,48.14 1 0
github.com/keshablive/quester/internal/models/user.go:87.32,89.2 1 0
github.com/keshablive/quester/internal/models/user.go:92.48,94.22 1 0
github.com/keshablive/quester/internal/models/user.go:94.22,96.3 1 0
github.com/keshablive/quester/internal/models/user.go:99.2,99.18 1 0
github.com/keshablive/quester/internal/models/user.go:99.18,101.3 1 0
github.com/keshablive/quester/internal/models/user.go:104.2,104.18 1 0
github.com/keshablive/quester/internal/models/user.go:104.18,106.3 1 0
github.com/keshablive/quester/internal/models/user.go:109.2,109.23 1 0
github.com/keshablive/quester/internal/models/user.go:109.23,111.3 1 0
github.com/keshablive/quester/internal/models/user.go:114.2,114.23 1 0
github.com/keshablive/quester/internal/models/user.go:114.23,116.3 1 0
github.com/keshablive/quester/internal/models/user.go:118.2,118.12 1 0
github.com/keshablive/quester/internal/models/user.go:138.39,153.2 1 0
github.com/keshablive/quester/internal/models/user_2fa.go:40.38,42.2 1 0
github.com/keshablive/quester/internal/models/user_2fa.go:46.65,47.22 1 0
github.com/keshablive/quester/internal/models/user_2fa.go:47.22,49.3 1 0
github.com/keshablive/quester/internal/models/user_2fa.go:51.2,51.48 1 0
github.com/keshablive/quester/internal/models/user_2fa.go:51.48,53.3 1 0
github.com/keshablive/quester/internal/models/user_2fa.go:56.2,56.74 1 0
github.com/keshablive/quester/internal/models/user_2fa.go:56.74,58.3 1 0
github.com/keshablive/quester/internal/models/user_2fa.go:60.2,60.14 1 0
github.com/keshablive/quester/internal/models/user_2fa.go:64.35,66.2 1 0
github.com/keshablive/quester/internal/models/user_2fa.go:89.38,91.2 1 0
github.com/keshablive/quester/internal/models/user_2fa.go:119.41,121.2 1 0
github.com/keshablive/quester/internal/models/user_2fa.go:124.43,126.2 1 0
github.com/keshablive/quester/internal/models/user_2fa.go:149.40,151.2 1 0
github.com/keshablive/quester/internal/models/user_achievement_badge.go:20.48,22.2 1 0
github.com/keshablive/quester/internal/models/user_badge.go:20.40,21.11 1 0
github.com/keshablive/quester/internal/models/user_badge.go:22.100,23.14 1 0
github.com/keshablive/quester/internal/models/user_badge.go:25.2,25.14 1 0
github.com/keshablive/quester/internal/models/user_badge.go:58.37,60.2 1 0
github.com/keshablive/quester/internal/models/user_badge.go:63.39,65.2 1 0
github.com/keshablive/quester/internal/models/user_badge.go:68.39,70.2 1 0
github.com/keshablive/quester/internal/models/user_badge.go:73.49,78.2 4 0
github.com/keshablive/quester/internal/models/user_badge.go:81.63,90.2 6 0
github.com/keshablive/quester/internal/models/user_badge.go:93.63,99.2 5 0
github.com/keshablive/quester/internal/models/user_badge.go:102.42,103.29 1 0
github.com/keshablive/quester/internal/models/user_badge.go:103.29,105.3 1 0
github.com/keshablive/quester/internal/models/user_badge.go:106.2,106.45 1 0
github.com/keshablive/quester/internal/models/user_badge.go:112.48,120.28 4 0
github.com/keshablive/quester/internal/models/user_badge.go:120.28,122.3 1 0
github.com/keshablive/quester/internal/models/user_badge.go:127.40,128.22 1 0
github.com/keshablive/quester/internal/models/user_badge.go:128.22,130.3 1 0
github.com/keshablive/quester/internal/models/user_badge.go:131.2,131.23 1 0
github.com/keshablive/quester/internal/models/user_badge.go:131.23,133.3 1 0
github.com/keshablive/quester/internal/models/user_badge.go:134.2,134.13 1 0
github.com/keshablive/quester/internal/models/video_stream.go:76.39,78.2 1 0
github.com/keshablive/quester/internal/models/video_stream.go:81.55,83.23 1 0
github.com/keshablive/quester/internal/models/video_stream.go:83.23,85.3 1 0
github.com/keshablive/quester/internal/models/video_stream.go:88.2,88.36 1 0
github.com/keshablive/quester/internal/models/video_stream.go:88.36,89.23 1 0
github.com/keshablive/quester/internal/models/video_stream.go:89.23,91.4 1 0
github.com/keshablive/quester/internal/models/video_stream.go:95.2,95.29 1 0
github.com/keshablive/quester/internal/models/video_stream.go:95.29,97.37 2 0
github.com/keshablive/quester/internal/models/video_stream.go:97.37,99.4 1 0
github.com/keshablive/quester/internal/models/video_stream.go:99.9,101.4 1 0
github.com/keshablive/quester/internal/models/video_stream.go:102.3,103.36 2 0
github.com/keshablive/quester/internal/models/video_stream.go:106.2,106.12 1 0
github.com/keshablive/quester/internal/models/video_stream.go:110.37,112.2 1 0
github.com/keshablive/quester/internal/models/video_stream.go:115.48,117.2 1 0
github.com/keshablive/quester/internal/models/video_stream.go:120.40,121.29 1 0
github.com/keshablive/quester/internal/models/video_stream.go:121.29,123.3 1 0
github.com/keshablive/quester/internal/models/video_stream.go:124.2,124.44 1 0
github.com/keshablive/quester/internal/models/video_stream.go:128.59,129.19 1 0
github.com/keshablive/quester/internal/models/video_stream.go:129.19,131.3 1 0
github.com/keshablive/quester/internal/models/video_stream.go:132.2,132.58 1 0
github.com/keshablive/quester/internal/models/video_stream.go:136.81,137.19 1 0
github.com/keshablive/quester/internal/models/video_stream.go:137.19,139.3 1 0
github.com/keshablive/quester/internal/models/video_stream.go:141.2,142.36 2 0
github.com/keshablive/quester/internal/models/video_stream.go:142.36,144.3 1 0
github.com/keshablive/quester/internal/models/video_stream.go:144.8,146.3 1 0
github.com/keshablive/quester/internal/models/video_stream.go:148.2,149.23 2 0
github.com/keshablive/quester/internal/models/video_stream.go:149.23,151.3 1 0
github.com/keshablive/quester/internal/models/video_stream.go:153.2,153.12 1 0
github.com/keshablive/quester/internal/models/video_stream.go:157.52,159.27 2 0
github.com/keshablive/quester/internal/models/video_stream.go:159.27,161.3 1 0
github.com/keshablive/quester/internal/models/video_stream.go:165.36,169.2 3 0
github.com/keshablive/quester/internal/models/video_stream.go:172.37,178.24 4 0
github.com/keshablive/quester/internal/models/video_stream.go:178.24,180.3 1 0
github.com/keshablive/quester/internal/models/video_stream.go:183.2,183.19 1 0
github.com/keshablive/quester/internal/models/video_stream.go:187.37,192.2 4 0
github.com/keshablive/quester/internal/models/video_stream.go:195.33,203.2 3 0
github.com/keshablive/quester/internal/models/video_stream.go:206.54,210.24 2 0
github.com/keshablive/quester/internal/models/video_stream.go:210.24,212.3 1 0
github.com/keshablive/quester/internal/models/video_stream.go:213.2,213.23 1 0
github.com/keshablive/quester/internal/repositories/achievement_repository.go:18.67,20.2 1 0
github.com/keshablive/quester/internal/repositories/achievement_repository.go:23.100,24.47 1 0
github.com/keshablive/quester/internal/repositories/achievement_repository.go:24.47,26.3 1 0
github.com/keshablive/quester/internal/repositories/achievement_repository.go:27.2,28.16 2 0
github.com/keshablive/quester/internal/repositories/achievement_repository.go:28.16,30.3 1 0
github.com/keshablive/quester/internal/repositories/achievement_repository.go:31.2,31.12 1 0
github.com/keshablive/quester/internal/repositories/achievement_repository.go:35.116,40.58 2 0
github.com/keshablive/quester/internal/repositories/achievement_repository.go:40.58,42.4 1 0
github.com/keshablive/quester/internal/repositories/achievement_repository.go:45.2,45.16 1 0
github.com/keshablive/quester/internal/repositories/achievement_repository.go:45.16,47.3 1 0
github.com/keshablive/quester/internal/repositories/achievement_repository.go:49.2,49.26 1 0
github.com/keshablive/quester/internal/repositories/achievement_repository.go:53.117,60.16 3 0
github.com/keshablive/quester/internal/repositories/achievement_repository.go:60.16,62.3 1 0
github.com/keshablive/quester/internal/repositories/achievement_repository.go:63.2,63.26 1 0
github.com/keshablive/quester/internal/repositories/achievement_repository.go:67.156,75.2 3 0
github.com/keshablive/quester/internal/repositories/achievement_repository.go:78.100,79.47 1 0
github.com/keshablive/quester/internal/repositories/achievement_repository.go:79.47,81.3 1 0
github.com/keshablive/quester/internal/repositories/achievement_repository.go:82.2,82.92 1 0
github.com/keshablive/quester/internal/repositories/achievement_repository.go:86.81,91.2 1 0
github.com/keshablive/quester/internal/repositories/achievement_repository.go:96.123,98.2 1 0
github.com/keshablive/quester/internal/repositories/achievement_repository.go:101.140,106.70 2 0
github.com/keshablive/quester/internal/repositories/achievement_repository.go:106.70,108.4 1 0
github.com/keshablive/quester/internal/repositories/achievement_repository.go:112.2,112.16 1 0
github.com/keshablive/quester/internal/repositories/achievement_repository.go:112.16,114.3 1 0
github.com/keshablive/quester/internal/repositories/achievement_repository.go:115.2,115.30 1 0
github.com/keshablive/quester/internal/repositories/achievement_repository.go:119.147,125.19 2 0
github.com/keshablive/quester/internal/repositories/achievement_repository.go:125.19,127.3 1 0
github.com/keshablive/quester/internal/repositories/achievement_repository.go:129.2,131.72 3 0
github.com/keshablive/quester/internal/repositories/achievement_repository.go:135.158,137.16 2 0
github.com/keshablive/quester/internal/repositories/achievement_repository.go:137.16,139.3 1 0
github.com/keshablive/quester/internal/repositories/achievement_repository.go:140.2,140.35 1 0
github.com/keshablive/quester/internal/repositories/achievement_repository.go:140.35,142.3 1 0
github.com/keshablive/quester/internal/repositories/achievement_repository.go:145.2,146.16 2 0
github.com/keshablive/quester/internal/repositories/achievement_repository.go:146.16,148.3 1 0
github.com/keshablive/quester/internal/repositories/achievement_repository.go:151.2,159.70 2 0
github.com/keshablive/quester/internal/repositories/achievement_repository.go:159.70,161.3 1 0
github.com/keshablive/quester/internal/repositories/achievement_repository.go:164.2,164.58 1 0
github.com/keshablive/quester/internal/repositories/achievement_repository.go:168.131,170.2 1 0
github.com/keshablive/quester/internal/repositories/achievement_repository.go:173.141,184.2 2 0
github.com/keshablive/quester/internal/repositories/achievement_repository.go:187.117,198.2 2 0
github.com/keshablive/quester/internal/repositories/achievement_repository.go:203.132,208.15 2 0
github.com/keshablive/quester/internal/repositories/achievement_repository.go:208.15,210.3 1 0
github.com/keshablive/quester/internal/repositories/achievement_repository.go:212.2,215.60 1 0
github.com/keshablive/quester/internal/repositories/achievement_repository.go:219.124,231.53 2 0
github.com/keshablive/quester/internal/repositories/achievement_repository.go:231.53,233.3 1 0
github.com/keshablive/quester/internal/repositories/achievement_repository.go:236.2,239.57 1 0
github.com/keshablive/quester/internal/repositories/achievement_repository.go:239.57,241.3 1 0
github.com/keshablive/quester/internal/repositories/achievement_repository.go:244.2,247.58 1 0
github.com/keshablive/quester/internal/repositories/achievement_repository.go:247.58,249.3 1 0
github.com/keshablive/quester/internal/repositories/achievement_repository.go:252.2,257.48 1 0
github.com/keshablive/quester/internal/repositories/achievement_repository.go:257.48,259.3 1 0
github.com/keshablive/quester/internal/repositories/achievement_repository.go:261.2,267.8 1 0
github.com/keshablive/quester/internal/repositories/achievement_repository.go:271.139,280.68 2 0
github.com/keshablive/quester/internal/repositories/achievement_repository.go:280.68,282.3 1 0
github.com/keshablive/quester/internal/repositories/achievement_repository.go:284.2,284.97 1 0
github.com/keshablive/quester/internal/repositories/activity_repository.go:19.61,21.2 1 0
github.com/keshablive/quester/internal/repositories/activity_repository.go:24.91,26.16 2 0
github.com/keshablive/quester/internal/repositories/activity_repository.go:26.16,28.3 1 0
github.com/keshablive/quester/internal/repositories/activity_repository.go:29.2,29.12 1 0
github.com/keshablive/quester/internal/repositories/activity_repository.go:33.110,39.16 3 0
github.com/keshablive/quester/internal/repositories/activity_repository.go:39.16,41.3 1 0
github.com/keshablive/quester/internal/repositories/activity_repository.go:42.2,42.23 1 0
github.com/keshablive/quester/internal/repositories/activity_repository.go:46.88,50.25 2 0
github.com/keshablive/quester/internal/repositories/activity_repository.go:50.25,52.3 1 0
github.com/keshablive/quester/internal/repositories/activity_repository.go:53.2,53.30 1 0
github.com/keshablive/quester/internal/repositories/activity_repository.go:53.30,55.3 1 0
github.com/keshablive/quester/internal/repositories/activity_repository.go:56.2,56.12 1 0
github.com/keshablive/quester/internal/repositories/activity_repository.go:60.146,71.16 5 0
github.com/keshablive/quester/internal/repositories/activity_repository.go:71.16,73.3 1 0
github.com/keshablive/quester/internal/repositories/activity_repository.go:76.2,83.16 3 0
github.com/keshablive/quester/internal/repositories/activity_repository.go:83.16,85.3 1 0
github.com/keshablive/quester/internal/repositories/activity_repository.go:87.2,87.31 1 0
github.com/keshablive/quester/internal/repositories/activity_repository.go:92.140,103.16 5 0
github.com/keshablive/quester/internal/repositories/activity_repository.go:103.16,105.3 1 0
github.com/keshablive/quester/internal/repositories/activity_repository.go:108.2,115.16 3 0
github.com/keshablive/quester/internal/repositories/activity_repository.go:115.16,117.3 1 0
github.com/keshablive/quester/internal/repositories/activity_repository.go:119.2,119.31 1 0
github.com/keshablive/quester/internal/repositories/activity_repository.go:124.151,141.16 6 0
github.com/keshablive/quester/internal/repositories/activity_repository.go:141.16,143.3 1 0
github.com/keshablive/quester/internal/repositories/activity_repository.go:146.2,153.16 3 0
github.com/keshablive/quester/internal/repositories/activity_repository.go:153.16,155.3 1 0
github.com/keshablive/quester/internal/repositories/activity_repository.go:157.2,157.31 1 0
github.com/keshablive/quester/internal/repositories/activity_repository.go:162.176,173.16 5 0
github.com/keshablive/quester/internal/repositories/activity_repository.go:173.16,175.3 1 0
github.com/keshablive/quester/internal/repositories/activity_repository.go:178.2,185.16 3 0
github.com/keshablive/quester/internal/repositories/activity_repository.go:185.16,187.3 1 0
github.com/keshablive/quester/internal/repositories/activity_repository.go:189.2,189.31 1 0
github.com/keshablive/quester/internal/repositories/activity_repository.go:193.121,197.16 2 0
github.com/keshablive/quester/internal/repositories/activity_repository.go:197.16,199.3 1 0
github.com/keshablive/quester/internal/repositories/activity_repository.go:200.2,200.12 1 0
github.com/keshablive/quester/internal/repositories/analytics_repository.go:18.63,20.2 1 0
github.com/keshablive/quester/internal/repositories/analytics_repository.go:25.90,27.2 1 0
github.com/keshablive/quester/internal/repositories/analytics_repository.go:30.97,33.16 3 0
github.com/keshablive/quester/internal/repositories/analytics_repository.go:33.16,35.3 1 0
github.com/keshablive/quester/internal/repositories/analytics_repository.go:36.2,36.24 1 0
github.com/keshablive/quester/internal/repositories/analytics_repository.go:40.129,44.16 3 0
github.com/keshablive/quester/internal/repositories/analytics_repository.go:44.16,46.3 1 0
github.com/keshablive/quester/internal/repositories/analytics_repository.go:47.2,47.24 1 0
github.com/keshablive/quester/internal/repositories/analytics_repository.go:51.143,58.2 3 0
github.com/keshablive/quester/internal/repositories/analytics_repository.go:61.160,66.15 3 0
github.com/keshablive/quester/internal/repositories/analytics_repository.go:66.15,68.3 1 0
github.com/keshablive/quester/internal/repositories/analytics_repository.go:70.2,71.23 2 0
github.com/keshablive/quester/internal/repositories/analytics_repository.go:75.90,77.2 1 0
github.com/keshablive/quester/internal/repositories/analytics_repository.go:80.145,117.16 3 0
github.com/keshablive/quester/internal/repositories/analytics_repository.go:117.16,119.3 1 0
github.com/keshablive/quester/internal/repositories/analytics_repository.go:121.2,135.8 1 0
github.com/keshablive/quester/internal/repositories/analytics_repository.go:141.94,143.2 1 0
github.com/keshablive/quester/internal/repositories/analytics_repository.go:146.101,149.16 3 0
github.com/keshablive/quester/internal/repositories/analytics_repository.go:149.16,151.3 1 0
github.com/keshablive/quester/internal/repositories/analytics_repository.go:152.2,152.24 1 0
github.com/keshablive/quester/internal/repositories/analytics_repository.go:156.135,160.16 3 0
github.com/keshablive/quester/internal/repositories/analytics_repository.go:160.16,162.3 1 0
github.com/keshablive/quester/internal/repositories/analytics_repository.go:163.2,163.24 1 0
github.com/keshablive/quester/internal/repositories/analytics_repository.go:167.149,174.2 3 0
github.com/keshablive/quester/internal/repositories/analytics_repository.go:177.164,182.15 3 0
github.com/keshablive/quester/internal/repositories/analytics_repository.go:182.15,184.3 1 0
github.com/keshablive/quester/internal/repositories/analytics_repository.go:186.2,187.23 2 0
github.com/keshablive/quester/internal/repositories/analytics_repository.go:191.94,193.2 1 0
github.com/keshablive/quester/internal/repositories/analytics_repository.go:196.149,225.16 3 0
github.com/keshablive/quester/internal/repositories/analytics_repository.go:225.16,227.3 1 0
github.com/keshablive/quester/internal/repositories/analytics_repository.go:229.2,239.8 1 0
github.com/keshablive/quester/internal/repositories/analytics_repository.go:243.156,255.9 4 0
github.com/keshablive/quester/internal/repositories/analytics_repository.go:255.9,257.3 1 0
github.com/keshablive/quester/internal/repositories/analytics_repository.go:259.2,264.23 2 0
github.com/keshablive/quester/internal/repositories/analytics_repository.go:270.102,272.2 1 0
github.com/keshablive/quester/internal/repositories/analytics_repository.go:275.109,278.16 3 0
github.com/keshablive/quester/internal/repositories/analytics_repository.go:278.16,280.3 1 0
github.com/keshablive/quester/internal/repositories/analytics_repository.go:281.2,281.24 1 0
github.com/keshablive/quester/internal/repositories/analytics_repository.go:285.133,289.16 3 0
github.com/keshablive/quester/internal/repositories/analytics_repository.go:289.16,291.3 1 0
github.com/keshablive/quester/internal/repositories/analytics_repository.go:292.2,292.24 1 0
github.com/keshablive/quester/internal/repositories/analytics_repository.go:296.147,302.2 3 0
github.com/keshablive/quester/internal/repositories/analytics_repository.go:305.102,307.2 1 0
github.com/keshablive/quester/internal/repositories/analytics_repository.go:310.143,338.16 3 0
github.com/keshablive/quester/internal/repositories/analytics_repository.go:338.16,340.3 1 0
github.com/keshablive/quester/internal/repositories/analytics_repository.go:342.2,352.8 1 0
github.com/keshablive/quester/internal/repositories/analytics_repository.go:356.78,357.50 1 0
github.com/keshablive/quester/internal/repositories/analytics_repository.go:357.50,358.96 1 0
github.com/keshablive/quester/internal/repositories/analytics_repository.go:358.96,360.4 1 0
github.com/keshablive/quester/internal/repositories/analytics_repository.go:361.3,361.98 1 0
github.com/keshablive/quester/internal/repositories/analytics_repository.go:361.98,363.4 1 0
github.com/keshablive/quester/internal/repositories/analytics_repository.go:364.3,364.102 1 0
github.com/keshablive/quester/internal/repositories/analytics_repository.go:364.102,366.4 1 0
github.com/keshablive/quester/internal/repositories/analytics_repository.go:367.3,367.13 1 0
github.com/keshablive/quester/internal/repositories/analytics_repository.go:372.71,379.2 3 0
github.com/keshablive/quester/internal/repositories/analytics_repository.go:382.140,397.2 3 0
github.com/keshablive/quester/internal/repositories/analytics_repository.go:400.126,411.2 3 0
github.com/keshablive/quester/internal/repositories/analytics_repository.go:414.127,425.2 3 0
github.com/keshablive/quester/internal/repositories/audit_log_repository.go:20.61,23.2 2 0
github.com/keshablive/quester/internal/repositories/audit_log_repository.go:26.91,27.69 1 0
github.com/keshablive/quester/internal/repositories/audit_log_repository.go:27.69,29.3 1 0
github.com/keshablive/quester/internal/repositories/audit_log_repository.go:30.2,30.12 1 0
github.com/keshablive/quester/internal/repositories/audit_log_repository.go:34.121,41.15 3 0
github.com/keshablive/quester/internal/repositories/audit_log_repository.go:41.15,43.3 1 0
github.com/keshablive/quester/internal/repositories/audit_log_repository.go:45.2,45.48 1 0
github.com/keshablive/quester/internal/repositories/audit_log_repository.go:45.48,47.3 1 0
github.com/keshablive/quester/internal/repositories/audit_log_repository.go:49.2,49.18 1 0
github.com/keshablive/quester/internal/repositories/audit_log_repository.go:53.134,60.15 3 0
github.com/keshablive/quester/internal/repositories/audit_log_repository.go:60.15,62.3 1 0
github.com/keshablive/quester/internal/repositories/audit_log_repository.go:64.2,64.48 1 0
github.com/keshablive/quester/internal/repositories/audit_log_repository.go:64.48,66.3 1 0
github.com/keshablive/quester/internal/repositories/audit_log_repository.go:68.2,68.18 1 0
github.com/keshablive/quester/internal/repositories/audit_log_repository.go:72.101,77.15 3 0
github.com/keshablive/quester/internal/repositories/audit_log_repository.go:77.15,79.3 1 0
github.com/keshablive/quester/internal/repositories/audit_log_repository.go:81.2,81.48 1 0
github.com/keshablive/quester/internal/repositories/audit_log_repository.go:81.48,83.3 1 0
github.com/keshablive/quester/internal/repositories/audit_log_repository.go:85.2,85.18 1 0
github.com/keshablive/quester/internal/repositories/audit_log_repository.go:89.118,95.35 2 0
github.com/keshablive/quester/internal/repositories/audit_log_repository.go:95.35,97.3 1 0
github.com/keshablive/quester/internal/repositories/audit_log_repository.go:99.2,99.19 1 0
github.com/keshablive/quester/internal/repositories/auth_audit_log_repository.go:24.69,27.2 2 0
github.com/keshablive/quester/internal/repositories/auth_audit_log_repository.go:30.94,32.16 2 0
github.com/keshablive/quester/internal/repositories/auth_audit_log_repository.go:32.16,34.3 1 0
github.com/keshablive/quester/internal/repositories/auth_audit_log_repository.go:35.2,35.12 1 0
github.com/keshablive/quester/internal/repositories/backup_code_repository.go:24.65,27.2 2 0
github.com/keshablive/quester/internal/repositories/backup_code_repository.go:30.97,32.16 2 0
github.com/keshablive/quester/internal/repositories/backup_code_repository.go:32.16,34.3 1 0
github.com/keshablive/quester/internal/repositories/backup_code_repository.go:35.2,35.12 1 0
github.com/keshablive/quester/internal/repositories/backup_code_repository.go:39.119,45.16 3 0
github.com/keshablive/quester/internal/repositories/backup_code_repository.go:45.16,47.3 1 0
github.com/keshablive/quester/internal/repositories/backup_code_repository.go:48.2,48.25 1 0
github.com/keshablive/quester/internal/repositories/backup_code_repository.go:52.97,54.16 2 0
github.com/keshablive/quester/internal/repositories/backup_code_repository.go:54.16,56.3 1 0
github.com/keshablive/quester/internal/repositories/backup_code_repository.go:57.2,57.12 1 0
github.com/keshablive/quester/internal/repositories/backup_code_repository.go:61.92,66.16 2 0
github.com/keshablive/quester/internal/repositories/backup_code_repository.go:66.16,68.3 1 0
github.com/keshablive/quester/internal/repositories/backup_code_repository.go:69.2,69.12 1 0
github.com/keshablive/quester/internal/repositories/badge_repository.go:20.55,23.2 2 0
github.com/keshablive/quester/internal/repositories/badge_repository.go:26.82,28.41 1 0
github.com/keshablive/quester/internal/repositories/badge_repository.go:28.41,30.3 1 0
github.com/keshablive/quester/internal/repositories/badge_repository.go:32.2,32.66 1 0
github.com/keshablive/quester/internal/repositories/badge_repository.go:32.66,34.3 1 0
github.com/keshablive/quester/internal/repositories/badge_repository.go:35.2,35.12 1 0
github.com/keshablive/quester/internal/repositories/badge_repository.go:39.109,45.16 3 0
github.com/keshablive/quester/internal/repositories/badge_repository.go:45.16,47.3 1 0
github.com/keshablive/quester/internal/repositories/badge_repository.go:49.2,49.20 1 0
github.com/keshablive/quester/internal/repositories/badge_repository.go:53.100,61.16 3 0
github.com/keshablive/quester/internal/repositories/badge_repository.go:61.16,63.3 1 0
github.com/keshablive/quester/internal/repositories/badge_repository.go:65.2,65.20 1 0
github.com/keshablive/quester/internal/repositories/badge_repository.go:69.138,76.28 4 0
github.com/keshablive/quester/internal/repositories/badge_repository.go:76.28,78.3 1 0
github.com/keshablive/quester/internal/repositories/badge_repository.go:79.2,79.24 1 0
github.com/keshablive/quester/internal/repositories/badge_repository.go:79.24,81.3 1 0
github.com/keshablive/quester/internal/repositories/badge_repository.go:84.2,84.73 1 0
github.com/keshablive/quester/internal/repositories/badge_repository.go:84.73,86.3 1 0
github.com/keshablive/quester/internal/repositories/badge_repository.go:89.2,90.86 2 0
github.com/keshablive/quester/internal/repositories/badge_repository.go:90.86,92.3 1 0
github.com/keshablive/quester/internal/repositories/badge_repository.go:94.2,94.27 1 0
github.com/keshablive/quester/internal/repositories/badge_repository.go:101.134,116.16 3 0
github.com/keshablive/quester/internal/repositories/badge_repository.go:116.16,118.3 1 0
github.com/keshablive/quester/internal/repositories/badge_repository.go:121.2,122.31 2 0
github.com/keshablive/quester/internal/repositories/badge_repository.go:122.31,125.49 1 0
github.com/keshablive/quester/internal/repositories/badge_repository.go:125.49,127.4 1 0
github.com/keshablive/quester/internal/repositories/badge_repository.go:130.2,130.22 1 0
github.com/keshablive/quester/internal/repositories/badge_repository.go:134.136,142.24 3 0
github.com/keshablive/quester/internal/repositories/badge_repository.go:142.24,144.3 1 0
github.com/keshablive/quester/internal/repositories/badge_repository.go:146.2,146.54 1 0
github.com/keshablive/quester/internal/repositories/badge_repository.go:146.54,148.3 1 0
github.com/keshablive/quester/internal/repositories/badge_repository.go:150.2,150.24 1 0
github.com/keshablive/quester/internal/repositories/badge_repository.go:154.99,162.16 3 0
github.com/keshablive/quester/internal/repositories/badge_repository.go:162.16,164.3 1 0
github.com/keshablive/quester/internal/repositories/badge_repository.go:165.2,165.35 1 0
github.com/keshablive/quester/internal/repositories/badge_repository.go:165.35,167.3 1 0
github.com/keshablive/quester/internal/repositories/badge_repository.go:170.2,170.70 1 0
github.com/keshablive/quester/internal/repositories/badge_repository.go:170.70,172.3 1 0
github.com/keshablive/quester/internal/repositories/badge_repository.go:174.2,174.12 1 0
github.com/keshablive/quester/internal/repositories/badge_repository.go:178.99,180.2 1 0
github.com/keshablive/quester/internal/repositories/badge_repository.go:183.126,190.35 3 0
github.com/keshablive/quester/internal/repositories/badge_repository.go:190.35,192.3 1 0
github.com/keshablive/quester/internal/repositories/badge_repository.go:193.2,193.16 1 0
github.com/keshablive/quester/internal/repositories/badge_repository.go:193.16,195.3 1 0
github.com/keshablive/quester/internal/repositories/badge_repository.go:197.2,197.24 1 0
github.com/keshablive/quester/internal/repositories/badge_repository.go:217.82,222.25 2 0
github.com/keshablive/quester/internal/repositories/badge_repository.go:222.25,224.3 1 0
github.com/keshablive/quester/internal/repositories/badge_repository.go:226.2,226.30 1 0
github.com/keshablive/quester/internal/repositories/badge_repository.go:226.30,228.3 1 0
github.com/keshablive/quester/internal/repositories/badge_repository.go:230.2,230.12 1 0
github.com/keshablive/quester/internal/repositories/badge_repository.go:234.100,239.25 2 0
github.com/keshablive/quester/internal/repositories/badge_repository.go:239.25,241.3 1 0
github.com/keshablive/quester/internal/repositories/badge_repository.go:243.2,243.30 1 0
github.com/keshablive/quester/internal/repositories/badge_repository.go:243.30,245.3 1 0
github.com/keshablive/quester/internal/repositories/badge_repository.go:247.2,247.12 1 0
github.com/keshablive/quester/internal/repositories/badge_repository.go:251.126,259.16 3 0
github.com/keshablive/quester/internal/repositories/badge_repository.go:259.16,261.3 1 0
github.com/keshablive/quester/internal/repositories/badge_repository.go:263.2,263.20 1 0
github.com/keshablive/quester/internal/repositories/badge_repository.go:267.128,269.2 1 0
github.com/keshablive/quester/internal/repositories/badge_repository.go:272.100,274.2 1 0
github.com/keshablive/quester/internal/repositories/badge_repository.go:277.138,285.16 3 0
github.com/keshablive/quester/internal/repositories/badge_repository.go:285.16,287.3 1 0
github.com/keshablive/quester/internal/repositories/badge_repository.go:289.2,289.23 1 0
github.com/keshablive/quester/internal/repositories/badge_repository.go:293.120,301.16 3 0
github.com/keshablive/quester/internal/repositories/badge_repository.go:301.16,303.3 1 0
github.com/keshablive/quester/internal/repositories/badge_repository.go:305.2,305.19 1 0
github.com/keshablive/quester/internal/repositories/badge_repository.go:309.131,314.25 2 0
github.com/keshablive/quester/internal/repositories/badge_repository.go:314.25,316.3 1 0
github.com/keshablive/quester/internal/repositories/badge_repository.go:318.2,318.30 1 0
github.com/keshablive/quester/internal/repositories/badge_repository.go:318.30,320.3 1 0
github.com/keshablive/quester/internal/repositories/badge_repository.go:322.2,322.12 1 0
github.com/keshablive/quester/internal/repositories/base_repository.go:18.53,20.2 1 0
github.com/keshablive/quester/internal/repositories/base_repository.go:24.53,25.15 1 0
github.com/keshablive/quester/internal/repositories/base_repository.go:25.15,26.136 1 0
github.com/keshablive/quester/internal/repositories/base_repository.go:32.63,33.20 1 0
github.com/keshablive/quester/internal/repositories/base_repository.go:33.20,36.3 1 0
github.com/keshablive/quester/internal/repositories/base_repository.go:37.2,37.46 1 0
github.com/keshablive/quester/internal/repositories/base_repository.go:41.74,43.20 2 0
github.com/keshablive/quester/internal/repositories/base_repository.go:43.20,45.3 1 0
github.com/keshablive/quester/internal/repositories/base_repository.go:46.2,46.63 1 0
github.com/keshablive/quester/internal/repositories/base_repository.go:50.57,51.57 1 0
github.com/keshablive/quester/internal/repositories/base_repository.go:51.57,53.3 1 0
github.com/keshablive/quester/internal/repositories/base_repository.go:54.2,54.11 1 0
github.com/keshablive/quester/internal/repositories/base_repository.go:58.79,60.20 2 0
github.com/keshablive/quester/internal/repositories/base_repository.go:60.20,62.3 1 0
github.com/keshablive/quester/internal/repositories/base_repository.go:65.2,65.53 1 0
github.com/keshablive/quester/internal/repositories/base_repository.go:65.53,67.3 1 0
github.com/keshablive/quester/internal/repositories/base_repository.go:69.2,69.50 1 0
github.com/keshablive/quester/internal/repositories/base_repository.go:73.90,75.2 1 0
github.com/keshablive/quester/internal/repositories/base_repository.go:78.108,81.25 2 0
github.com/keshablive/quester/internal/repositories/base_repository.go:81.25,83.3 1 0
github.com/keshablive/quester/internal/repositories/base_repository.go:85.2,85.33 1 0
github.com/keshablive/quester/internal/repositories/base_repository.go:89.79,91.20 2 0
github.com/keshablive/quester/internal/repositories/base_repository.go:91.20,93.3 1 0
github.com/keshablive/quester/internal/repositories/base_repository.go:96.2,96.63 1 0
github.com/keshablive/quester/internal/repositories/base_repository.go:96.63,98.3 1 0
github.com/keshablive/quester/internal/repositories/base_repository.go:100.2,100.48 1 0
github.com/keshablive/quester/internal/repositories/base_repository.go:104.88,106.20 2 0
github.com/keshablive/quester/internal/repositories/base_repository.go:106.20,108.3 1 0
github.com/keshablive/quester/internal/repositories/base_repository.go:111.2,111.55 1 0
github.com/keshablive/quester/internal/repositories/base_repository.go:115.114,119.25 3 0
github.com/keshablive/quester/internal/repositories/base_repository.go:119.25,121.3 1 0
github.com/keshablive/quester/internal/repositories/base_repository.go:123.2,124.19 2 0
github.com/keshablive/quester/internal/repositories/base_repository.go:128.114,131.2 2 0
github.com/keshablive/quester/internal/repositories/base_repository.go:134.138,137.25 2 0
github.com/keshablive/quester/internal/repositories/base_repository.go:137.25,139.3 1 0
github.com/keshablive/quester/internal/repositories/base_repository.go:142.2,143.64 2 0
github.com/keshablive/quester/internal/repositories/base_repository.go:143.64,145.3 1 0
github.com/keshablive/quester/internal/repositories/base_repository.go:148.2,149.80 2 0
github.com/keshablive/quester/internal/repositories/base_repository.go:149.80,151.3 1 0
github.com/keshablive/quester/internal/repositories/base_repository.go:153.2,153.19 1 0
github.com/keshablive/quester/internal/repositories/base_repository.go:157.90,159.2 1 0
github.com/keshablive/quester/internal/repositories/base_repository.go:164.60,171.40 2 0
github.com/keshablive/quester/internal/repositories/base_repository.go:171.40,174.3 2 0
github.com/keshablive/quester/internal/repositories/base_repository.go:177.2,177.12 1 0
github.com/keshablive/quester/internal/repositories/base_repository.go:181.70,187.40 2 0
github.com/keshablive/quester/internal/repositories/base_repository.go:187.40,188.35 1 0
github.com/keshablive/quester/internal/repositories/base_repository.go:188.35,190.4 1 0
github.com/keshablive/quester/internal/repositories/base_repository.go:193.2,193.12 1 0
github.com/keshablive/quester/internal/repositories/base_repository.go:202.58,204.2 1 0
github.com/keshablive/quester/internal/repositories/base_repository.go:207.50,209.2 1 0
github.com/keshablive/quester/internal/repositories/comment_repository.go:20.59,22.2 1 0
github.com/keshablive/quester/internal/repositories/comment_repository.go:25.88,26.68 1 0
github.com/keshablive/quester/internal/repositories/comment_repository.go:26.68,28.3 1 0
github.com/keshablive/quester/internal/repositories/comment_repository.go:29.2,29.12 1 0
github.com/keshablive/quester/internal/repositories/comment_repository.go:34.108,41.44 3 0
github.com/keshablive/quester/internal/repositories/comment_repository.go:41.44,43.3 1 0
github.com/keshablive/quester/internal/repositories/comment_repository.go:44.2,44.16 1 0
github.com/keshablive/quester/internal/repositories/comment_repository.go:44.16,46.3 1 0
github.com/keshablive/quester/internal/repositories/comment_repository.go:47.2,47.22 1 0
github.com/keshablive/quester/internal/repositories/comment_repository.go:51.88,52.66 1 0
github.com/keshablive/quester/internal/repositories/comment_repository.go:52.66,54.3 1 0
github.com/keshablive/quester/internal/repositories/comment_repository.go:55.2,55.12 1 0
github.com/keshablive/quester/internal/repositories/comment_repository.go:60.87,65.25 2 0
github.com/keshablive/quester/internal/repositories/comment_repository.go:65.25,67.3 1 0
github.com/keshablive/quester/internal/repositories/comment_repository.go:68.2,68.30 1 0
github.com/keshablive/quester/internal/repositories/comment_repository.go:68.30,70.3 1 0
github.com/keshablive/quester/internal/repositories/comment_repository.go:71.2,71.12 1 0
github.com/keshablive/quester/internal/repositories/comment_repository.go:75.144,85.16 5 0
github.com/keshablive/quester/internal/repositories/comment_repository.go:85.16,87.3 1 0
github.com/keshablive/quester/internal/repositories/comment_repository.go:90.2,99.29 3 0
github.com/keshablive/quester/internal/repositories/comment_repository.go:104.148,115.16 5 0
github.com/keshablive/quester/internal/repositories/comment_repository.go:115.16,117.3 1 0
github.com/keshablive/quester/internal/repositories/comment_repository.go:120.2,128.16 3 0
github.com/keshablive/quester/internal/repositories/comment_repository.go:128.16,130.3 1 0
github.com/keshablive/quester/internal/repositories/comment_repository.go:132.2,132.28 1 0
github.com/keshablive/quester/internal/repositories/comment_repository.go:137.144,148.16 5 0
github.com/keshablive/quester/internal/repositories/comment_repository.go:148.16,150.3 1 0
github.com/keshablive/quester/internal/repositories/comment_repository.go:153.2,162.16 3 0
github.com/keshablive/quester/internal/repositories/comment_repository.go:162.16,164.3 1 0
github.com/keshablive/quester/internal/repositories/comment_repository.go:166.2,166.29 1 0
github.com/keshablive/quester/internal/repositories/comment_repository.go:170.109,177.2 3 0
github.com/keshablive/quester/internal/repositories/course_repository.go:19.57,21.2 1 0
github.com/keshablive/quester/internal/repositories/course_repository.go:24.122,30.16 3 0
github.com/keshablive/quester/internal/repositories/course_repository.go:30.16,32.3 1 0
github.com/keshablive/quester/internal/repositories/course_repository.go:34.2,34.21 1 0
github.com/keshablive/quester/internal/repositories/course_repository.go:38.85,40.16 2 0
github.com/keshablive/quester/internal/repositories/course_repository.go:40.16,42.3 1 0
github.com/keshablive/quester/internal/repositories/course_repository.go:43.2,43.12 1 0
github.com/keshablive/quester/internal/repositories/course_repository.go:47.117,49.16 2 0
github.com/keshablive/quester/internal/repositories/course_repository.go:49.16,51.3 1 0
github.com/keshablive/quester/internal/repositories/course_repository.go:52.2,52.12 1 0
github.com/keshablive/quester/internal/repositories/course_repository.go:56.85,58.16 2 0
github.com/keshablive/quester/internal/repositories/course_repository.go:58.16,60.3 1 0
github.com/keshablive/quester/internal/repositories/course_repository.go:61.2,61.12 1 0
github.com/keshablive/quester/internal/repositories/dashboard_repository.go:18.63,20.2 1 0
github.com/keshablive/quester/internal/repositories/dashboard_repository.go:25.82,27.2 1 0
github.com/keshablive/quester/internal/repositories/dashboard_repository.go:30.89,33.16 3 0
github.com/keshablive/quester/internal/repositories/dashboard_repository.go:33.16,35.3 1 0
github.com/keshablive/quester/internal/repositories/dashboard_repository.go:36.2,36.24 1 0
github.com/keshablive/quester/internal/repositories/dashboard_repository.go:40.107,46.2 3 0
github.com/keshablive/quester/internal/repositories/dashboard_repository.go:49.106,53.16 3 0
github.com/keshablive/quester/internal/repositories/dashboard_repository.go:53.16,55.3 1 0
github.com/keshablive/quester/internal/repositories/dashboard_repository.go:56.2,56.24 1 0
github.com/keshablive/quester/internal/repositories/dashboard_repository.go:60.107,68.2 3 0
github.com/keshablive/quester/internal/repositories/dashboard_repository.go:71.82,73.2 1 0
github.com/keshablive/quester/internal/repositories/dashboard_repository.go:76.98,77.50 1 0
github.com/keshablive/quester/internal/repositories/dashboard_repository.go:77.50,81.50 1 0
github.com/keshablive/quester/internal/repositories/dashboard_repository.go:81.50,83.4 1 0
github.com/keshablive/quester/internal/repositories/dashboard_repository.go:86.3,88.49 1 0
github.com/keshablive/quester/internal/repositories/dashboard_repository.go:88.49,90.4 1 0
github.com/keshablive/quester/internal/repositories/dashboard_repository.go:92.3,92.13 1 0
github.com/keshablive/quester/internal/repositories/dashboard_repository.go:97.67,99.2 1 0
github.com/keshablive/quester/internal/repositories/dashboard_repository.go:104.91,106.2 1 0
github.com/keshablive/quester/internal/repositories/dashboard_repository.go:109.101,112.16 3 0
github.com/keshablive/quester/internal/repositories/dashboard_repository.go:112.16,114.3 1 0
github.com/keshablive/quester/internal/repositories/dashboard_repository.go:115.2,115.21 1 0
github.com/keshablive/quester/internal/repositories/dashboard_repository.go:119.122,123.16 3 0
github.com/keshablive/quester/internal/repositories/dashboard_repository.go:123.16,125.3 1 0
github.com/keshablive/quester/internal/repositories/dashboard_repository.go:126.2,126.21 1 0
github.com/keshablive/quester/internal/repositories/dashboard_repository.go:130.132,136.2 3 0
github.com/keshablive/quester/internal/repositories/dashboard_repository.go:139.108,145.2 3 0
github.com/keshablive/quester/internal/repositories/dashboard_repository.go:148.91,150.2 1 0
github.com/keshablive/quester/internal/repositories/dashboard_repository.go:153.91,158.35 3 0
github.com/keshablive/quester/internal/repositories/dashboard_repository.go:158.35,161.3 1 0
github.com/keshablive/quester/internal/repositories/dashboard_repository.go:161.8,161.23 1 0
github.com/keshablive/quester/internal/repositories/dashboard_repository.go:161.23,163.3 1 0
github.com/keshablive/quester/internal/repositories/dashboard_repository.go:166.2,168.32 3 0
github.com/keshablive/quester/internal/repositories/dashboard_repository.go:172.133,181.2 1 0
github.com/keshablive/quester/internal/repositories/dashboard_repository.go:184.73,186.2 1 0
github.com/keshablive/quester/internal/repositories/dashboard_repository.go:189.107,192.2 1 0
github.com/keshablive/quester/internal/repositories/dashboard_repository.go:195.145,202.2 3 0
github.com/keshablive/quester/internal/repositories/dashboard_repository.go:205.101,217.49 2 0
github.com/keshablive/quester/internal/repositories/dashboard_repository.go:217.49,219.3 1 0
github.com/keshablive/quester/internal/repositories/dashboard_repository.go:221.2,229.42 2 0
github.com/keshablive/quester/internal/repositories/dashboard_repository.go:229.42,232.35 1 0
github.com/keshablive/quester/internal/repositories/dashboard_repository.go:232.35,234.4 1 0
github.com/keshablive/quester/internal/repositories/dashboard_repository.go:237.2,244.8 1 0
github.com/keshablive/quester/internal/repositories/dashboard_repository.go:248.118,258.2 4 0
github.com/keshablive/quester/internal/repositories/dashboard_repository.go:261.133,264.16 2 0
github.com/keshablive/quester/internal/repositories/dashboard_repository.go:264.16,266.3 1 0
github.com/keshablive/quester/internal/repositories/dashboard_repository.go:269.2,284.16 3 0
github.com/keshablive/quester/internal/repositories/dashboard_repository.go:284.16,286.3 1 0
github.com/keshablive/quester/internal/repositories/dashboard_repository.go:288.2,288.19 1 0
github.com/keshablive/quester/internal/repositories/dashboard_repository.go:292.90,298.2 3 0
github.com/keshablive/quester/internal/repositories/dashboard_repository.go:301.127,308.2 3 0
github.com/keshablive/quester/internal/repositories/dashboard_repository.go:311.89,312.50 1 0
github.com/keshablive/quester/internal/repositories/dashboard_repository.go:312.50,313.34 1 0
github.com/keshablive/quester/internal/repositories/dashboard_repository.go:313.34,314.59 1 0
github.com/keshablive/quester/internal/repositories/dashboard_repository.go:314.59,316.5 1 0
github.com/keshablive/quester/internal/repositories/dashboard_repository.go:318.3,318.13 1 0
github.com/keshablive/quester/internal/repositories/encryption_key_repository.go:24.71,27.2 2 0
github.com/keshablive/quester/internal/repositories/encryption_key_repository.go:31.99,38.16 3 0
github.com/keshablive/quester/internal/repositories/encryption_key_repository.go:38.16,40.3 1 0
github.com/keshablive/quester/internal/repositories/encryption_key_repository.go:41.2,41.19 1 0
github.com/keshablive/quester/internal/repositories/encryption_key_repository.go:46.98,52.16 3 0
github.com/keshablive/quester/internal/repositories/encryption_key_repository.go:52.16,53.36 1 0
github.com/keshablive/quester/internal/repositories/encryption_key_repository.go:53.36,55.4 1 0
github.com/keshablive/quester/internal/repositories/encryption_key_repository.go:56.3,56.74 1 0
github.com/keshablive/quester/internal/repositories/encryption_key_repository.go:58.2,58.21 1 0
github.com/keshablive/quester/internal/repositories/encryption_key_repository.go:63.83,70.16 3 0
github.com/keshablive/quester/internal/repositories/encryption_key_repository.go:70.16,72.3 1 0
github.com/keshablive/quester/internal/repositories/encryption_key_repository.go:73.2,73.24 1 0
github.com/keshablive/quester/internal/repositories/encryption_key_repository.go:78.99,80.16 2 0
github.com/keshablive/quester/internal/repositories/encryption_key_repository.go:80.16,82.3 1 0
github.com/keshablive/quester/internal/repositories/encryption_key_repository.go:83.2,83.12 1 0
github.com/keshablive/quester/internal/repositories/encryption_key_repository.go:89.105,96.16 3 0
github.com/keshablive/quester/internal/repositories/encryption_key_repository.go:96.16,97.36 1 0
github.com/keshablive/quester/internal/repositories/encryption_key_repository.go:97.36,99.4 1 0
github.com/keshablive/quester/internal/repositories/encryption_key_repository.go:100.3,100.84 1 0
github.com/keshablive/quester/internal/repositories/encryption_key_repository.go:102.2,102.25 1 0
github.com/keshablive/quester/internal/repositories/encryption_key_repository.go:107.99,109.16 2 0
github.com/keshablive/quester/internal/repositories/encryption_key_repository.go:109.16,111.3 1 0
github.com/keshablive/quester/internal/repositories/encryption_key_repository.go:112.2,112.12 1 0
github.com/keshablive/quester/internal/repositories/fcm_token_repository.go:17.61,19.2 1 0
github.com/keshablive/quester/internal/repositories/fcm_token_repository.go:22.88,24.2 1 0
github.com/keshablive/quester/internal/repositories/fcm_token_repository.go:27.97,33.2 3 0
github.com/keshablive/quester/internal/repositories/fcm_token_repository.go:36.103,42.2 3 0
github.com/keshablive/quester/internal/repositories/fcm_token_repository.go:45.88,47.2 1 0
github.com/keshablive/quester/internal/repositories/fcm_token_repository.go:50.75,52.2 1 0
github.com/keshablive/quester/internal/repositories/fcm_token_repository.go:55.132,61.16 3 0
github.com/keshablive/quester/internal/repositories/fcm_token_repository.go:61.16,63.3 1 0
github.com/keshablive/quester/internal/repositories/fcm_token_repository.go:65.2,69.20 2 0
github.com/keshablive/quester/internal/repositories/fcm_token_repository.go:73.107,79.2 3 0
github.com/keshablive/quester/internal/repositories/fcm_token_repository.go:82.108,87.2 1 0
github.com/keshablive/quester/internal/repositories/follow_repository.go:19.57,21.2 1 0
github.com/keshablive/quester/internal/repositories/follow_repository.go:24.85,25.67 1 0
github.com/keshablive/quester/internal/repositories/follow_repository.go:25.67,27.3 1 0
github.com/keshablive/quester/internal/repositories/follow_repository.go:28.2,28.12 1 0
github.com/keshablive/quester/internal/repositories/follow_repository.go:32.107,37.25 2 0
github.com/keshablive/quester/internal/repositories/follow_repository.go:37.25,39.3 1 0
github.com/keshablive/quester/internal/repositories/follow_repository.go:40.2,40.30 1 0
github.com/keshablive/quester/internal/repositories/follow_repository.go:40.30,42.3 1 0
github.com/keshablive/quester/internal/repositories/follow_repository.go:43.2,43.12 1 0
github.com/keshablive/quester/internal/repositories/follow_repository.go:47.120,53.16 3 0
github.com/keshablive/quester/internal/repositories/follow_repository.go:53.16,55.3 1 0
github.com/keshablive/quester/internal/repositories/follow_repository.go:56.2,56.23 1 0
github.com/keshablive/quester/internal/repositories/follow_repository.go:60.137,69.16 4 0
github.com/keshablive/quester/internal/repositories/follow_repository.go:69.16,71.3 1 0
github.com/keshablive/quester/internal/repositories/follow_repository.go:74.2,83.16 3 0
github.com/keshablive/quester/internal/repositories/follow_repository.go:83.16,85.3 1 0
github.com/keshablive/quester/internal/repositories/follow_repository.go:87.2,87.26 1 0
github.com/keshablive/quester/internal/repositories/follow_repository.go:91.137,100.16 4 0
github.com/keshablive/quester/internal/repositories/follow_repository.go:100.16,102.3 1 0
github.com/keshablive/quester/internal/repositories/follow_repository.go:105.2,114.16 3 0
github.com/keshablive/quester/internal/repositories/follow_repository.go:114.16,116.3 1 0
github.com/keshablive/quester/internal/repositories/follow_repository.go:118.2,118.26 1 0
github.com/keshablive/quester/internal/repositories/follow_repository.go:122.109,128.16 3 0
github.com/keshablive/quester/internal/repositories/follow_repository.go:128.16,130.3 1 0
github.com/keshablive/quester/internal/repositories/follow_repository.go:131.2,131.19 1 0
github.com/keshablive/quester/internal/repositories/follow_repository.go:135.110,141.16 3 0
github.com/keshablive/quester/internal/repositories/follow_repository.go:141.16,143.3 1 0
github.com/keshablive/quester/internal/repositories/follow_repository.go:144.2,144.19 1 0
github.com/keshablive/quester/internal/repositories/follow_repository.go:148.143,163.16 5 0
github.com/keshablive/quester/internal/repositories/follow_repository.go:163.16,165.3 1 0
github.com/keshablive/quester/internal/repositories/follow_repository.go:168.2,175.16 3 0
github.com/keshablive/quester/internal/repositories/follow_repository.go:175.16,177.3 1 0
github.com/keshablive/quester/internal/repositories/follow_repository.go:179.2,179.26 1 0
github.com/keshablive/quester/internal/repositories/group_member_repository.go:18.67,20.2 1 0
github.com/keshablive/quester/internal/repositories/group_member_repository.go:23.95,25.2 1 0
github.com/keshablive/quester/internal/repositories/group_member_repository.go:28.103,35.2 3 0
github.com/keshablive/quester/internal/repositories/group_member_repository.go:38.126,46.2 3 0
github.com/keshablive/quester/internal/repositories/group_member_repository.go:49.95,51.2 1 0
github.com/keshablive/quester/internal/repositories/group_member_repository.go:54.78,56.2 1 0
github.com/keshablive/quester/internal/repositories/group_member_repository.go:60.147,70.54 4 0
github.com/keshablive/quester/internal/repositories/group_member_repository.go:70.54,72.3 1 0
github.com/keshablive/quester/internal/repositories/group_member_repository.go:75.2,83.16 3 0
github.com/keshablive/quester/internal/repositories/group_member_repository.go:83.16,85.3 1 0
github.com/keshablive/quester/internal/repositories/group_member_repository.go:87.2,87.28 1 0
github.com/keshablive/quester/internal/repositories/group_member_repository.go:92.145,102.54 4 0
github.com/keshablive/quester/internal/repositories/group_member_repository.go:102.54,104.3 1 0
github.com/keshablive/quester/internal/repositories/group_member_repository.go:107.2,115.16 3 0
github.com/keshablive/quester/internal/repositories/group_member_repository.go:115.16,117.3 1 0
github.com/keshablive/quester/internal/repositories/group_member_repository.go:119.2,119.28 1 0
github.com/keshablive/quester/internal/repositories/group_member_repository.go:123.105,130.2 3 0
github.com/keshablive/quester/internal/repositories/group_member_repository.go:133.98,140.2 3 0
github.com/keshablive/quester/internal/repositories/group_member_repository.go:143.111,150.2 3 0
github.com/keshablive/quester/internal/repositories/group_member_repository.go:153.115,160.2 3 0
github.com/keshablive/quester/internal/repositories/group_repository.go:18.55,20.2 1 0
github.com/keshablive/quester/internal/repositories/group_repository.go:23.82,25.16 2 0
github.com/keshablive/quester/internal/repositories/group_repository.go:25.16,27.3 1 0
github.com/keshablive/quester/internal/repositories/group_repository.go:28.2,28.12 1 0
github.com/keshablive/quester/internal/repositories/group_repository.go:32.91,38.16 3 0
github.com/keshablive/quester/internal/repositories/group_repository.go:38.16,40.3 1 0
github.com/keshablive/quester/internal/repositories/group_repository.go:41.2,41.20 1 0
github.com/keshablive/quester/internal/repositories/group_repository.go:45.82,47.16 2 0
github.com/keshablive/quester/internal/repositories/group_repository.go:47.16,49.3 1 0
github.com/keshablive/quester/internal/repositories/group_repository.go:50.2,50.12 1 0
github.com/keshablive/quester/internal/repositories/group_repository.go:54.72,56.16 2 0
github.com/keshablive/quester/internal/repositories/group_repository.go:56.16,58.3 1 0
github.com/keshablive/quester/internal/repositories/group_repository.go:59.2,59.12 1 0
github.com/keshablive/quester/internal/repositories/group_repository.go:63.133,76.73 4 0
github.com/keshablive/quester/internal/repositories/group_repository.go:76.73,78.3 1 0
github.com/keshablive/quester/internal/repositories/group_repository.go:81.2,88.27 3 0
github.com/keshablive/quester/internal/repositories/group_repository.go:93.127,103.54 4 0
github.com/keshablive/quester/internal/repositories/group_repository.go:103.54,105.3 1 0
github.com/keshablive/quester/internal/repositories/group_repository.go:108.2,115.16 3 0
github.com/keshablive/quester/internal/repositories/group_repository.go:115.16,117.3 1 0
github.com/keshablive/quester/internal/repositories/group_repository.go:119.2,119.27 1 0
github.com/keshablive/quester/internal/repositories/group_repository.go:124.130,135.54 4 0
github.com/keshablive/quester/internal/repositories/group_repository.go:135.54,137.3 1 0
github.com/keshablive/quester/internal/repositories/group_repository.go:140.2,148.16 3 0
github.com/keshablive/quester/internal/repositories/group_repository.go:148.16,150.3 1 0
github.com/keshablive/quester/internal/repositories/group_repository.go:152.2,152.27 1 0
github.com/keshablive/quester/internal/repositories/leaderboard_repository.go:21.67,24.2 2 0
github.com/keshablive/quester/internal/repositories/leaderboard_repository.go:27.100,29.47 1 0
github.com/keshablive/quester/internal/repositories/leaderboard_repository.go:29.47,31.3 1 0
github.com/keshablive/quester/internal/repositories/leaderboard_repository.go:33.2,33.72 1 0
github.com/keshablive/quester/internal/repositories/leaderboard_repository.go:33.72,35.3 1 0
github.com/keshablive/quester/internal/repositories/leaderboard_repository.go:36.2,36.12 1 0
github.com/keshablive/quester/internal/repositories/leaderboard_repository.go:41.106,42.28 1 0
github.com/keshablive/quester/internal/repositories/leaderboard_repository.go:42.28,44.3 1 0
github.com/keshablive/quester/internal/repositories/leaderboard_repository.go:48.2,64.16 2 0
github.com/keshablive/quester/internal/repositories/leaderboard_repository.go:64.16,66.3 1 0
github.com/keshablive/quester/internal/repositories/leaderboard_repository.go:68.2,68.12 1 0
github.com/keshablive/quester/internal/repositories/leaderboard_repository.go:76.33,83.16 3 0
github.com/keshablive/quester/internal/repositories/leaderboard_repository.go:83.16,85.3 1 0
github.com/keshablive/quester/internal/repositories/leaderboard_repository.go:87.2,87.26 1 0
github.com/keshablive/quester/internal/repositories/leaderboard_repository.go:98.33,104.55 2 0
github.com/keshablive/quester/internal/repositories/leaderboard_repository.go:104.55,106.3 1 0
github.com/keshablive/quester/internal/repositories/leaderboard_repository.go:108.2,115.16 3 0
github.com/keshablive/quester/internal/repositories/leaderboard_repository.go:115.16,117.3 1 0
github.com/keshablive/quester/internal/repositories/leaderboard_repository.go:119.2,119.26 1 0
github.com/keshablive/quester/internal/repositories/leaderboard_repository.go:130.32,136.55 2 0
github.com/keshablive/quester/internal/repositories/leaderboard_repository.go:136.55,138.3 1 0
github.com/keshablive/quester/internal/repositories/leaderboard_repository.go:140.2,143.35 3 0
github.com/keshablive/quester/internal/repositories/leaderboard_repository.go:143.35,146.3 1 0
github.com/keshablive/quester/internal/repositories/leaderboard_repository.go:147.2,147.16 1 0
github.com/keshablive/quester/internal/repositories/leaderboard_repository.go:147.16,149.3 1 0
github.com/keshablive/quester/internal/repositories/leaderboard_repository.go:151.2,151.26 1 0
github.com/keshablive/quester/internal/repositories/leaderboard_repository.go:156.92,161.16 2 0
github.com/keshablive/quester/internal/repositories/leaderboard_repository.go:161.16,163.3 1 0
github.com/keshablive/quester/internal/repositories/leaderboard_repository.go:165.2,165.12 1 0
github.com/keshablive/quester/internal/repositories/leaderboard_repository.go:175.18,181.55 2 0
github.com/keshablive/quester/internal/repositories/leaderboard_repository.go:181.55,183.3 1 0
github.com/keshablive/quester/internal/repositories/leaderboard_repository.go:185.2,187.16 3 0
github.com/keshablive/quester/internal/repositories/leaderboard_repository.go:187.16,189.3 1 0
github.com/keshablive/quester/internal/repositories/leaderboard_repository.go:191.2,191.19 1 0
github.com/keshablive/quester/internal/repositories/leaderboard_repository.go:202.9,208.55 2 0
github.com/keshablive/quester/internal/repositories/leaderboard_repository.go:208.55,210.3 1 0
github.com/keshablive/quester/internal/repositories/leaderboard_repository.go:212.2,213.16 2 0
github.com/keshablive/quester/internal/repositories/leaderboard_repository.go:213.16,215.3 1 0
github.com/keshablive/quester/internal/repositories/leaderboard_repository.go:217.2,217.12 1 0
github.com/keshablive/quester/internal/repositories/leaderboard_repository.go:223.131,230.35 3 0
github.com/keshablive/quester/internal/repositories/leaderboard_repository.go:230.35,232.3 1 0
github.com/keshablive/quester/internal/repositories/leaderboard_repository.go:233.2,233.16 1 0
github.com/keshablive/quester/internal/repositories/leaderboard_repository.go:233.16,235.3 1 0
github.com/keshablive/quester/internal/repositories/leaderboard_repository.go:237.2,237.20 1 0
github.com/keshablive/quester/internal/repositories/leaderboard_repository.go:241.138,246.128 3 0
github.com/keshablive/quester/internal/repositories/leaderboard_repository.go:246.128,248.3 1 0
github.com/keshablive/quester/internal/repositories/leaderboard_repository.go:251.2,258.16 2 0
github.com/keshablive/quester/internal/repositories/leaderboard_repository.go:258.16,260.3 1 0
github.com/keshablive/quester/internal/repositories/leaderboard_repository.go:262.2,262.28 1 0
github.com/keshablive/quester/internal/repositories/leaderboard_repository.go:266.94,271.25 2 0
github.com/keshablive/quester/internal/repositories/leaderboard_repository.go:271.25,273.3 1 0
github.com/keshablive/quester/internal/repositories/leaderboard_repository.go:275.2,275.30 1 0
github.com/keshablive/quester/internal/repositories/leaderboard_repository.go:275.30,277.3 1 0
github.com/keshablive/quester/internal/repositories/leaderboard_repository.go:279.2,279.12 1 0
github.com/keshablive/quester/internal/repositories/leaderboard_repository.go:283.106,288.25 2 0
github.com/keshablive/quester/internal/repositories/leaderboard_repository.go:288.25,290.3 1 0
github.com/keshablive/quester/internal/repositories/leaderboard_repository.go:292.2,292.30 1 0
github.com/keshablive/quester/internal/repositories/leaderboard_repository.go:292.30,294.3 1 0
github.com/keshablive/quester/internal/repositories/leaderboard_repository.go:296.2,296.12 1 0
github.com/keshablive/quester/internal/repositories/leaderboard_repository.go:300.129,302.2 1 0
github.com/keshablive/quester/internal/repositories/leaderboard_repository.go:305.119,307.16 2 0
github.com/keshablive/quester/internal/repositories/leaderboard_repository.go:307.16,309.3 1 0
github.com/keshablive/quester/internal/repositories/leaderboard_repository.go:310.2,310.18 1 0
github.com/keshablive/quester/internal/repositories/leaderboard_repository.go:310.18,312.3 1 0
github.com/keshablive/quester/internal/repositories/leaderboard_repository.go:313.2,313.31 1 0
github.com/keshablive/quester/internal/repositories/leaderboard_repository.go:317.153,319.2 1 0
github.com/keshablive/quester/internal/repositories/leaderboard_repository.go:322.125,337.25 3 0
github.com/keshablive/quester/internal/repositories/leaderboard_repository.go:337.25,339.3 1 0
github.com/keshablive/quester/internal/repositories/leaderboard_repository.go:341.2,341.12 1 0
github.com/keshablive/quester/internal/repositories/leaderboard_repository.go:345.145,352.35 3 0
github.com/keshablive/quester/internal/repositories/leaderboard_repository.go:352.35,354.3 1 0
github.com/keshablive/quester/internal/repositories/leaderboard_repository.go:355.2,355.16 1 0
github.com/keshablive/quester/internal/repositories/leaderboard_repository.go:355.16,357.3 1 0
github.com/keshablive/quester/internal/repositories/leaderboard_repository.go:359.2,359.20 1 0
github.com/keshablive/quester/internal/repositories/leaderboard_repository.go:363.112,365.2 1 0
github.com/keshablive/quester/internal/repositories/like_repository.go:19.53,21.2 1 0
github.com/keshablive/quester/internal/repositories/like_repository.go:24.79,25.65 1 0
github.com/keshablive/quester/internal/repositories/like_repository.go:25.65,27.3 1 0
github.com/keshablive/quester/internal/repositories/like_repository.go:28.2,28.12 1 0
github.com/keshablive/quester/internal/repositories/like_repository.go:32.96,37.25 2 0
github.com/keshablive/quester/internal/repositories/like_repository.go:37.25,39.3 1 0
github.com/keshablive/quester/internal/repositories/like_repository.go:40.2,40.30 1 0
github.com/keshablive/quester/internal/repositories/like_repository.go:40.30,42.3 1 0
github.com/keshablive/quester/internal/repositories/like_repository.go:43.2,43.12 1 0
github.com/keshablive/quester/internal/repositories/like_repository.go:47.105,53.16 3 0
github.com/keshablive/quester/internal/repositories/like_repository.go:53.16,55.3 1 0
github.com/keshablive/quester/internal/repositories/like_repository.go:56.2,56.23 1 0
github.com/keshablive/quester/internal/repositories/like_repository.go:60.103,66.16 3 0
github.com/keshablive/quester/internal/repositories/like_repository.go:66.16,68.3 1 0
github.com/keshablive/quester/internal/repositories/like_repository.go:69.2,69.19 1 0
github.com/keshablive/quester/internal/repositories/like_repository.go:73.132,82.16 4 0
github.com/keshablive/quester/internal/repositories/like_repository.go:82.16,84.3 1 0
github.com/keshablive/quester/internal/repositories/like_repository.go:87.2,96.16 3 0
github.com/keshablive/quester/internal/repositories/like_repository.go:96.16,98.3 1 0
github.com/keshablive/quester/internal/repositories/like_repository.go:100.2,100.26 1 0
github.com/keshablive/quester/internal/repositories/like_repository.go:104.135,113.16 4 0
github.com/keshablive/quester/internal/repositories/like_repository.go:113.16,115.3 1 0
github.com/keshablive/quester/internal/repositories/like_repository.go:118.2,128.16 3 0
github.com/keshablive/quester/internal/repositories/like_repository.go:128.16,130.3 1 0
github.com/keshablive/quester/internal/repositories/like_repository.go:132.2,132.26 1 0
github.com/keshablive/quester/internal/repositories/marketplace_listing_repository.go:19.81,21.2 1 0
github.com/keshablive/quester/internal/repositories/marketplace_listing_repository.go:24.110,26.2 1 0
github.com/keshablive/quester/internal/repositories/marketplace_listing_repository.go:29.147,40.2 3 0
github.com/keshablive/quester/internal/repositories/marketplace_listing_repository.go:43.189,51.53 3 0
github.com/keshablive/quester/internal/repositories/marketplace_listing_repository.go:51.53,53.3 1 0
github.com/keshablive/quester/internal/repositories/marketplace_listing_repository.go:55.2,55.82 1 0
github.com/keshablive/quester/internal/repositories/marketplace_listing_repository.go:55.82,57.3 1 0
github.com/keshablive/quester/internal/repositories/marketplace_listing_repository.go:59.2,59.66 1 0
github.com/keshablive/quester/internal/repositories/marketplace_listing_repository.go:59.66,61.3 1 0
github.com/keshablive/quester/internal/repositories/marketplace_listing_repository.go:61.8,64.3 1 0
github.com/keshablive/quester/internal/repositories/marketplace_listing_repository.go:66.2,66.72 1 0
github.com/keshablive/quester/internal/repositories/marketplace_listing_repository.go:66.72,68.3 1 0
github.com/keshablive/quester/internal/repositories/marketplace_listing_repository.go:70.2,70.72 1 0
github.com/keshablive/quester/internal/repositories/marketplace_listing_repository.go:70.72,72.3 1 0
github.com/keshablive/quester/internal/repositories/marketplace_listing_repository.go:74.2,74.76 1 0
github.com/keshablive/quester/internal/repositories/marketplace_listing_repository.go:74.76,76.3 1 0
github.com/keshablive/quester/internal/repositories/marketplace_listing_repository.go:78.2,78.65 1 0
github.com/keshablive/quester/internal/repositories/marketplace_listing_repository.go:78.65,80.3 1 0
github.com/keshablive/quester/internal/repositories/marketplace_listing_repository.go:83.2,84.86 2 0
github.com/keshablive/quester/internal/repositories/marketplace_listing_repository.go:84.86,86.3 1 0
github.com/keshablive/quester/internal/repositories/marketplace_listing_repository.go:89.2,92.63 3 0
github.com/keshablive/quester/internal/repositories/marketplace_listing_repository.go:92.63,94.3 1 0
github.com/keshablive/quester/internal/repositories/marketplace_listing_repository.go:96.2,96.68 1 0
github.com/keshablive/quester/internal/repositories/marketplace_listing_repository.go:96.68,98.3 1 0
github.com/keshablive/quester/internal/repositories/marketplace_listing_repository.go:100.2,108.37 3 0
github.com/keshablive/quester/internal/repositories/marketplace_listing_repository.go:108.37,110.3 1 0
github.com/keshablive/quester/internal/repositories/marketplace_listing_repository.go:112.2,112.29 1 0
github.com/keshablive/quester/internal/repositories/marketplace_listing_repository.go:116.142,118.2 1 0
github.com/keshablive/quester/internal/repositories/marketplace_listing_repository.go:121.110,123.2 1 0
github.com/keshablive/quester/internal/repositories/marketplace_listing_repository.go:126.150,137.2 3 0
github.com/keshablive/quester/internal/repositories/marketplace_listing_repository.go:140.149,151.2 3 0
github.com/keshablive/quester/internal/repositories/marketplace_listing_repository.go:154.140,165.2 3 0
github.com/keshablive/quester/internal/repositories/message_repository.go:20.59,22.2 1 0
github.com/keshablive/quester/internal/repositories/message_repository.go:25.88,26.68 1 0
github.com/keshablive/quester/internal/repositories/message_repository.go:26.68,28.3 1 0
github.com/keshablive/quester/internal/repositories/message_repository.go:29.2,29.12 1 0
github.com/keshablive/quester/internal/repositories/message_repository.go:33.105,41.44 3 0
github.com/keshablive/quester/internal/repositories/message_repository.go:41.44,43.3 1 0
github.com/keshablive/quester/internal/repositories/message_repository.go:44.2,44.16 1 0
github.com/keshablive/quester/internal/repositories/message_repository.go:44.16,46.3 1 0
github.com/keshablive/quester/internal/repositories/message_repository.go:47.2,47.22 1 0
github.com/keshablive/quester/internal/repositories/message_repository.go:51.105,57.25 2 0
github.com/keshablive/quester/internal/repositories/message_repository.go:57.25,59.3 1 0
github.com/keshablive/quester/internal/repositories/message_repository.go:60.2,60.30 1 0
github.com/keshablive/quester/internal/repositories/message_repository.go:60.30,62.3 1 0
github.com/keshablive/quester/internal/repositories/message_repository.go:63.2,63.12 1 0
github.com/keshablive/quester/internal/repositories/message_repository.go:67.84,72.25 2 0
github.com/keshablive/quester/internal/repositories/message_repository.go:72.25,74.3 1 0
github.com/keshablive/quester/internal/repositories/message_repository.go:75.2,75.30 1 0
github.com/keshablive/quester/internal/repositories/message_repository.go:75.30,77.3 1 0
github.com/keshablive/quester/internal/repositories/message_repository.go:78.2,78.12 1 0
github.com/keshablive/quester/internal/repositories/message_repository.go:83.158,96.54 4 0
github.com/keshablive/quester/internal/repositories/message_repository.go:96.54,98.3 1 0
github.com/keshablive/quester/internal/repositories/message_repository.go:101.2,110.16 3 0
github.com/keshablive/quester/internal/repositories/message_repository.go:110.16,112.3 1 0
github.com/keshablive/quester/internal/repositories/message_repository.go:114.2,114.29 1 0
github.com/keshablive/quester/internal/repositories/message_repository.go:119.145,129.54 4 0
github.com/keshablive/quester/internal/repositories/message_repository.go:129.54,131.3 1 0
github.com/keshablive/quester/internal/repositories/message_repository.go:134.2,142.16 3 0
github.com/keshablive/quester/internal/repositories/message_repository.go:142.16,144.3 1 0
github.com/keshablive/quester/internal/repositories/message_repository.go:146.2,146.29 1 0
github.com/keshablive/quester/internal/repositories/message_repository.go:150.105,157.2 3 0
github.com/keshablive/quester/internal/repositories/message_repository.go:160.121,170.2 2 0
github.com/keshablive/quester/internal/repositories/message_repository.go:173.144,230.2 4 0
github.com/keshablive/quester/internal/repositories/message_repository.go:234.142,246.54 4 0
github.com/keshablive/quester/internal/repositories/message_repository.go:246.54,248.3 1 0
github.com/keshablive/quester/internal/repositories/message_repository.go:251.2,260.16 3 0
github.com/keshablive/quester/internal/repositories/message_repository.go:260.16,262.3 1 0
github.com/keshablive/quester/internal/repositories/message_repository.go:264.2,264.29 1 0
github.com/keshablive/quester/internal/repositories/message_repository.go:268.103,275.2 3 0
github.com/keshablive/quester/internal/repositories/message_repository.go:278.107,285.2 3 0
github.com/keshablive/quester/internal/repositories/notification_repository.go:19.69,21.2 1 0
github.com/keshablive/quester/internal/repositories/notification_repository.go:24.103,25.73 1 0
github.com/keshablive/quester/internal/repositories/notification_repository.go:25.73,27.3 1 0
github.com/keshablive/quester/internal/repositories/notification_repository.go:28.2,28.12 1 0
github.com/keshablive/quester/internal/repositories/notification_repository.go:33.109,34.29 1 0
github.com/keshablive/quester/internal/repositories/notification_repository.go:34.29,36.3 1 0
github.com/keshablive/quester/internal/repositories/notification_repository.go:39.2,39.88 1 0
github.com/keshablive/quester/internal/repositories/notification_repository.go:39.88,41.3 1 0
github.com/keshablive/quester/internal/repositories/notification_repository.go:42.2,42.12 1 0
github.com/keshablive/quester/internal/repositories/notification_repository.go:46.115,53.16 3 0
github.com/keshablive/quester/internal/repositories/notification_repository.go:53.16,55.3 1 0
github.com/keshablive/quester/internal/repositories/notification_repository.go:57.2,57.27 1 0
github.com/keshablive/quester/internal/repositories/notification_repository.go:61.103,66.25 2 0
github.com/keshablive/quester/internal/repositories/notification_repository.go:66.25,68.3 1 0
github.com/keshablive/quester/internal/repositories/notification_repository.go:70.2,70.30 1 0
github.com/keshablive/quester/internal/repositories/notification_repository.go:70.30,72.3 1 0
github.com/keshablive/quester/internal/repositories/notification_repository.go:74.2,74.12 1 0
github.com/keshablive/quester/internal/repositories/notification_repository.go:78.89,83.25 2 0
github.com/keshablive/quester/internal/repositories/notification_repository.go:83.25,85.3 1 0
github.com/keshablive/quester/internal/repositories/notification_repository.go:87.2,87.30 1 0
github.com/keshablive/quester/internal/repositories/notification_repository.go:87.30,89.3 1 0
github.com/keshablive/quester/internal/repositories/notification_repository.go:91.2,91.12 1 0
github.com/keshablive/quester/internal/repositories/notification_repository.go:96.164,105.16 4 0
github.com/keshablive/quester/internal/repositories/notification_repository.go:105.16,107.3 1 0
github.com/keshablive/quester/internal/repositories/notification_repository.go:110.2,110.54 1 0
github.com/keshablive/quester/internal/repositories/notification_repository.go:110.54,112.3 1 0
github.com/keshablive/quester/internal/repositories/notification_repository.go:115.2,122.16 3 0
github.com/keshablive/quester/internal/repositories/notification_repository.go:122.16,124.3 1 0
github.com/keshablive/quester/internal/repositories/notification_repository.go:126.2,126.34 1 0
github.com/keshablive/quester/internal/repositories/notification_repository.go:130.110,136.16 3 0
github.com/keshablive/quester/internal/repositories/notification_repository.go:136.16,138.3 1 0
github.com/keshablive/quester/internal/repositories/notification_repository.go:139.2,139.19 1 0
github.com/keshablive/quester/internal/repositories/notification_repository.go:143.109,149.16 3 0
github.com/keshablive/quester/internal/repositories/notification_repository.go:149.16,151.3 1 0
github.com/keshablive/quester/internal/repositories/notification_repository.go:152.2,152.19 1 0
github.com/keshablive/quester/internal/repositories/notification_repository.go:156.109,166.25 3 0
github.com/keshablive/quester/internal/repositories/notification_repository.go:166.25,168.3 1 0
github.com/keshablive/quester/internal/repositories/notification_repository.go:170.2,170.33 1 0
github.com/keshablive/quester/internal/repositories/notification_repository.go:174.119,179.25 2 0
github.com/keshablive/quester/internal/repositories/notification_repository.go:179.25,181.3 1 0
github.com/keshablive/quester/internal/repositories/notification_repository.go:183.2,183.33 1 0
github.com/keshablive/quester/internal/repositories/notification_repository.go:187.158,195.80 4 0
github.com/keshablive/quester/internal/repositories/notification_repository.go:195.80,197.3 1 0
github.com/keshablive/quester/internal/repositories/notification_repository.go:200.2,207.34 3 0
github.com/keshablive/quester/internal/repositories/notification_settings_repository.go:18.85,20.2 1 0
github.com/keshablive/quester/internal/repositories/notification_settings_repository.go:23.115,25.2 1 0
github.com/keshablive/quester/internal/repositories/notification_settings_repository.go:28.131,35.35 3 0
github.com/keshablive/quester/internal/repositories/notification_settings_repository.go:35.35,37.3 1 0
github.com/keshablive/quester/internal/repositories/notification_settings_repository.go:38.2,38.16 1 0
github.com/keshablive/quester/internal/repositories/notification_settings_repository.go:38.16,40.3 1 0
github.com/keshablive/quester/internal/repositories/notification_settings_repository.go:42.2,42.23 1 0
github.com/keshablive/quester/internal/repositories/notification_settings_repository.go:46.137,52.2 3 0
github.com/keshablive/quester/internal/repositories/notification_settings_repository.go:55.115,60.25 2 0
github.com/keshablive/quester/internal/repositories/notification_settings_repository.go:60.25,62.3 1 0
github.com/keshablive/quester/internal/repositories/notification_settings_repository.go:64.2,64.30 1 0
github.com/keshablive/quester/internal/repositories/notification_settings_repository.go:64.30,66.3 1 0
github.com/keshablive/quester/internal/repositories/notification_settings_repository.go:68.2,68.12 1 0
github.com/keshablive/quester/internal/repositories/notification_settings_repository.go:72.97,77.25 2 0
github.com/keshablive/quester/internal/repositories/notification_settings_repository.go:77.25,79.3 1 0
github.com/keshablive/quester/internal/repositories/notification_settings_repository.go:81.2,81.30 1 0
github.com/keshablive/quester/internal/repositories/notification_settings_repository.go:81.30,83.3 1 0
github.com/keshablive/quester/internal/repositories/notification_settings_repository.go:85.2,85.12 1 0
github.com/keshablive/quester/internal/repositories/post_repository.go:19.53,21.2 1 0
github.com/keshablive/quester/internal/repositories/post_repository.go:24.79,25.65 1 0
github.com/keshablive/quester/internal/repositories/post_repository.go:25.65,27.3 1 0
github.com/keshablive/quester/internal/repositories/post_repository.go:28.2,28.12 1 0
github.com/keshablive/quester/internal/repositories/post_repository.go:32.102,39.16 3 0
github.com/keshablive/quester/internal/repositories/post_repository.go:39.16,41.3 1 0
github.com/keshablive/quester/internal/repositories/post_repository.go:43.2,43.19 1 0
github.com/keshablive/quester/internal/repositories/post_repository.go:47.79,52.25 2 0
github.com/keshablive/quester/internal/repositories/post_repository.go:52.25,54.3 1 0
github.com/keshablive/quester/internal/repositories/post_repository.go:56.2,56.30 1 0
github.com/keshablive/quester/internal/repositories/post_repository.go:56.30,58.3 1 0
github.com/keshablive/quester/internal/repositories/post_repository.go:60.2,60.12 1 0
github.com/keshablive/quester/internal/repositories/post_repository.go:64.84,69.25 2 0
github.com/keshablive/quester/internal/repositories/post_repository.go:69.25,71.3 1 0
github.com/keshablive/quester/internal/repositories/post_repository.go:73.2,73.30 1 0
github.com/keshablive/quester/internal/repositories/post_repository.go:73.30,75.3 1 0
github.com/keshablive/quester/internal/repositories/post_repository.go:77.2,77.12 1 0
github.com/keshablive/quester/internal/repositories/post_repository.go:82.135,93.16 5 0
github.com/keshablive/quester/internal/repositories/post_repository.go:93.16,95.3 1 0
github.com/keshablive/quester/internal/repositories/post_repository.go:98.2,106.16 3 0
github.com/keshablive/quester/internal/repositories/post_repository.go:106.16,108.3 1 0
github.com/keshablive/quester/internal/repositories/post_repository.go:110.2,110.26 1 0
github.com/keshablive/quester/internal/repositories/post_repository.go:115.129,126.16 5 0
github.com/keshablive/quester/internal/repositories/post_repository.go:126.16,128.3 1 0
github.com/keshablive/quester/internal/repositories/post_repository.go:131.2,139.16 3 0
github.com/keshablive/quester/internal/repositories/post_repository.go:139.16,141.3 1 0
github.com/keshablive/quester/internal/repositories/post_repository.go:143.2,143.26 1 0
github.com/keshablive/quester/internal/repositories/post_repository.go:148.140,166.16 6 0
github.com/keshablive/quester/internal/repositories/post_repository.go:166.16,168.3 1 0
github.com/keshablive/quester/internal/repositories/post_repository.go:171.2,179.16 3 0
github.com/keshablive/quester/internal/repositories/post_repository.go:179.16,181.3 1 0
github.com/keshablive/quester/internal/repositories/post_repository.go:183.2,183.26 1 0
github.com/keshablive/quester/internal/repositories/post_repository.go:187.100,192.16 2 0
github.com/keshablive/quester/internal/repositories/post_repository.go:192.16,194.3 1 0
github.com/keshablive/quester/internal/repositories/post_repository.go:195.2,195.12 1 0
github.com/keshablive/quester/internal/repositories/post_repository.go:199.100,204.16 2 0
github.com/keshablive/quester/internal/repositories/post_repository.go:204.16,206.3 1 0
github.com/keshablive/quester/internal/repositories/post_repository.go:207.2,207.12 1 0
github.com/keshablive/quester/internal/repositories/post_repository.go:211.103,216.16 2 0
github.com/keshablive/quester/internal/repositories/post_repository.go:216.16,218.3 1 0
github.com/keshablive/quester/internal/repositories/post_repository.go:219.2,219.12 1 0
github.com/keshablive/quester/internal/repositories/post_repository.go:223.103,228.16 2 0
github.com/keshablive/quester/internal/repositories/post_repository.go:228.16,230.3 1 0
github.com/keshablive/quester/internal/repositories/post_repository.go:231.2,231.12 1 0
github.com/keshablive/quester/internal/repositories/post_repository.go:235.101,240.16 2 0
github.com/keshablive/quester/internal/repositories/post_repository.go:240.16,242.3 1 0
github.com/keshablive/quester/internal/repositories/post_repository.go:243.2,243.12 1 0
github.com/keshablive/quester/internal/repositories/post_repository.go:248.140,261.16 6 0
github.com/keshablive/quester/internal/repositories/post_repository.go:261.16,263.3 1 0
github.com/keshablive/quester/internal/repositories/post_repository.go:266.2,274.16 3 0
github.com/keshablive/quester/internal/repositories/post_repository.go:274.16,276.3 1 0
github.com/keshablive/quester/internal/repositories/post_repository.go:278.2,278.26 1 0
github.com/keshablive/quester/internal/repositories/property_repository.go:18.65,21.2 2 0
github.com/keshablive/quester/internal/repositories/property_repository.go:24.95,25.69 1 0
github.com/keshablive/quester/internal/repositories/property_repository.go:25.69,27.3 1 0
github.com/keshablive/quester/internal/repositories/property_repository.go:28.2,28.12 1 0
github.com/keshablive/quester/internal/repositories/property_repository.go:32.132,36.38 2 0
github.com/keshablive/quester/internal/repositories/property_repository.go:36.38,37.36 1 0
github.com/keshablive/quester/internal/repositories/property_repository.go:37.36,39.4 1 0
github.com/keshablive/quester/internal/repositories/property_repository.go:40.3,40.61 1 0
github.com/keshablive/quester/internal/repositories/property_repository.go:42.2,42.23 1 0
github.com/keshablive/quester/internal/repositories/property_repository.go:46.136,54.35 3 0
github.com/keshablive/quester/internal/repositories/property_repository.go:54.35,56.3 1 0
github.com/keshablive/quester/internal/repositories/property_repository.go:59.2,63.39 1 0
github.com/keshablive/quester/internal/repositories/property_repository.go:63.39,65.3 1 0
github.com/keshablive/quester/internal/repositories/property_repository.go:67.2,67.31 1 0
github.com/keshablive/quester/internal/repositories/property_repository.go:71.95,74.39 1 0
github.com/keshablive/quester/internal/repositories/property_repository.go:74.39,76.3 1 0
github.com/keshablive/quester/internal/repositories/property_repository.go:77.2,77.12 1 0
github.com/keshablive/quester/internal/repositories/property_repository.go:81.110,84.48 1 0
github.com/keshablive/quester/internal/repositories/property_repository.go:84.48,86.3 1 0
github.com/keshablive/quester/internal/repositories/property_repository.go:87.2,87.12 1 0
github.com/keshablive/quester/internal/repositories/property_repository.go:93.166,112.39 3 0
github.com/keshablive/quester/internal/repositories/property_repository.go:112.39,114.3 1 0
github.com/keshablive/quester/internal/repositories/property_repository.go:116.2,116.24 1 0
github.com/keshablive/quester/internal/repositories/property_repository.go:120.144,125.39 2 0
github.com/keshablive/quester/internal/repositories/property_repository.go:125.39,127.3 1 0
github.com/keshablive/quester/internal/repositories/property_repository.go:129.2,129.24 1 0
github.com/keshablive/quester/internal/repositories/property_repository.go:133.139,138.39 2 0
github.com/keshablive/quester/internal/repositories/property_repository.go:138.39,140.3 1 0
github.com/keshablive/quester/internal/repositories/property_repository.go:142.2,142.24 1 0
github.com/keshablive/quester/internal/repositories/property_repository.go:146.135,154.97 2 0
github.com/keshablive/quester/internal/repositories/property_repository.go:154.97,156.3 1 0
github.com/keshablive/quester/internal/repositories/property_repository.go:158.2,158.12 1 0
github.com/keshablive/quester/internal/repositories/quest_repository.go:19.55,22.2 2 0
github.com/keshablive/quester/internal/repositories/quest_repository.go:25.82,26.66 1 0
github.com/keshablive/quester/internal/repositories/quest_repository.go:26.66,28.3 1 0
github.com/keshablive/quester/internal/repositories/quest_repository.go:29.2,29.12 1 0
github.com/keshablive/quester/internal/repositories/quest_repository.go:33.119,40.16 3 0
github.com/keshablive/quester/internal/repositories/quest_repository.go:40.16,42.3 1 0
github.com/keshablive/quester/internal/repositories/quest_repository.go:43.2,43.20 1 0
github.com/keshablive/quester/internal/repositories/quest_repository.go:47.132,54.41 3 0
github.com/keshablive/quester/internal/repositories/quest_repository.go:54.41,56.3 1 0
github.com/keshablive/quester/internal/repositories/quest_repository.go:57.2,57.42 1 0
github.com/keshablive/quester/internal/repositories/quest_repository.go:57.42,59.3 1 0
github.com/keshablive/quester/internal/repositories/quest_repository.go:61.2,62.16 2 0
github.com/keshablive/quester/internal/repositories/quest_repository.go:62.16,64.3 1 0
github.com/keshablive/quester/internal/repositories/quest_repository.go:65.2,65.20 1 0
github.com/keshablive/quester/internal/repositories/quest_repository.go:69.82,70.64 1 0
github.com/keshablive/quester/internal/repositories/quest_repository.go:70.64,72.3 1 0
github.com/keshablive/quester/internal/repositories/quest_repository.go:73.2,73.12 1 0
github.com/keshablive/quester/internal/repositories/quest_repository.go:77.100,82.25 2 0
github.com/keshablive/quester/internal/repositories/quest_repository.go:82.25,84.3 1 0
github.com/keshablive/quester/internal/repositories/quest_repository.go:85.2,85.30 1 0
github.com/keshablive/quester/internal/repositories/quest_repository.go:85.30,87.3 1 0
github.com/keshablive/quester/internal/repositories/quest_repository.go:88.2,88.12 1 0
github.com/keshablive/quester/internal/repositories/quest_repository.go:92.125,100.16 3 0
github.com/keshablive/quester/internal/repositories/quest_repository.go:100.16,102.3 1 0
github.com/keshablive/quester/internal/repositories/quest_repository.go:103.2,103.20 1 0
github.com/keshablive/quester/internal/repositories/quest_repository.go:107.134,115.16 3 0
github.com/keshablive/quester/internal/repositories/quest_repository.go:115.16,117.3 1 0
github.com/keshablive/quester/internal/repositories/quest_repository.go:118.2,118.20 1 0
github.com/keshablive/quester/internal/repositories/quest_repository.go:122.130,130.16 3 0
github.com/keshablive/quester/internal/repositories/quest_repository.go:130.16,132.3 1 0
github.com/keshablive/quester/internal/repositories/quest_repository.go:133.2,133.20 1 0
github.com/keshablive/quester/internal/repositories/quest_repository.go:137.118,144.16 3 0
github.com/keshablive/quester/internal/repositories/quest_repository.go:144.16,146.3 1 0
github.com/keshablive/quester/internal/repositories/quest_repository.go:147.2,147.19 1 0
github.com/keshablive/quester/internal/repositories/quest_repository.go:151.108,153.2 1 0
github.com/keshablive/quester/internal/repositories/quest_repository.go:156.109,158.2 1 0
github.com/keshablive/quester/internal/repositories/refresh_token_repository.go:19.69,21.2 1 0
github.com/keshablive/quester/internal/repositories/refresh_token_repository.go:24.101,25.18 1 0
github.com/keshablive/quester/internal/repositories/refresh_token_repository.go:25.18,27.3 1 0
github.com/keshablive/quester/internal/repositories/refresh_token_repository.go:29.2,30.25 2 0
github.com/keshablive/quester/internal/repositories/refresh_token_repository.go:30.25,32.3 1 0
github.com/keshablive/quester/internal/repositories/refresh_token_repository.go:34.2,34.12 1 0
github.com/keshablive/quester/internal/repositories/refresh_token_repository.go:38.115,39.21 1 0
github.com/keshablive/quester/internal/repositories/refresh_token_repository.go:39.21,41.3 1 0
github.com/keshablive/quester/internal/repositories/refresh_token_repository.go:43.2,48.25 3 0
github.com/keshablive/quester/internal/repositories/refresh_token_repository.go:48.25,49.54 1 0
github.com/keshablive/quester/internal/repositories/refresh_token_repository.go:49.54,51.4 1 0
github.com/keshablive/quester/internal/repositories/refresh_token_repository.go:52.3,52.27 1 0
github.com/keshablive/quester/internal/repositories/refresh_token_repository.go:55.2,55.20 1 0
github.com/keshablive/quester/internal/repositories/refresh_token_repository.go:59.91,60.21 1 0
github.com/keshablive/quester/internal/repositories/refresh_token_repository.go:60.21,62.3 1 0
github.com/keshablive/quester/internal/repositories/refresh_token_repository.go:64.2,70.25 3 0
github.com/keshablive/quester/internal/repositories/refresh_token_repository.go:70.25,72.3 1 0
github.com/keshablive/quester/internal/repositories/refresh_token_repository.go:74.2,74.30 1 0
github.com/keshablive/quester/internal/repositories/refresh_token_repository.go:74.30,76.3 1 0
github.com/keshablive/quester/internal/repositories/refresh_token_repository.go:78.2,78.12 1 0
github.com/keshablive/quester/internal/repositories/refresh_token_repository.go:84.90,92.25 3 0
github.com/keshablive/quester/internal/repositories/refresh_token_repository.go:92.25,94.3 1 0
github.com/keshablive/quester/internal/repositories/refresh_token_repository.go:96.2,96.33 1 0
github.com/keshablive/quester/internal/repositories/refresh_token_repository.go:100.96,101.24 1 0
github.com/keshablive/quester/internal/repositories/refresh_token_repository.go:101.24,103.3 1 0
github.com/keshablive/quester/internal/repositories/refresh_token_repository.go:105.2,109.25 2 0
github.com/keshablive/quester/internal/repositories/refresh_token_repository.go:109.25,111.3 1 0
github.com/keshablive/quester/internal/repositories/refresh_token_repository.go:113.2,113.12 1 0
github.com/keshablive/quester/internal/repositories/refresh_token_repository.go:117.104,118.24 1 0
github.com/keshablive/quester/internal/repositories/refresh_token_repository.go:118.24,120.3 1 0
github.com/keshablive/quester/internal/repositories/refresh_token_repository.go:122.2,128.25 3 0
github.com/keshablive/quester/internal/repositories/refresh_token_repository.go:128.25,130.3 1 0
github.com/keshablive/quester/internal/repositories/refresh_token_repository.go:132.2,132.38 1 0
github.com/keshablive/quester/internal/repositories/refresh_token_repository.go:137.146,138.24 1 0
github.com/keshablive/quester/internal/repositories/refresh_token_repository.go:138.24,140.3 1 0
github.com/keshablive/quester/internal/repositories/refresh_token_repository.go:142.2,154.55 5 0
github.com/keshablive/quester/internal/repositories/refresh_token_repository.go:154.55,156.3 1 0
github.com/keshablive/quester/internal/repositories/refresh_token_repository.go:159.2,168.24 2 0
github.com/keshablive/quester/internal/repositories/refresh_token_repository.go:168.24,170.3 1 0
github.com/keshablive/quester/internal/repositories/refresh_token_repository.go:172.2,172.27 1 0
github.com/keshablive/quester/internal/repositories/report_repository.go:18.57,20.2 1 0
github.com/keshablive/quester/internal/repositories/report_repository.go:25.70,27.2 1 0
github.com/keshablive/quester/internal/repositories/report_repository.go:30.80,33.16 3 0
github.com/keshablive/quester/internal/repositories/report_repository.go:33.16,35.3 1 0
github.com/keshablive/quester/internal/repositories/report_repository.go:36.2,36.21 1 0
github.com/keshablive/quester/internal/repositories/report_repository.go:40.117,45.15 3 0
github.com/keshablive/quester/internal/repositories/report_repository.go:45.15,47.3 1 0
github.com/keshablive/quester/internal/repositories/report_repository.go:49.2,50.21 2 0
github.com/keshablive/quester/internal/repositories/report_repository.go:54.111,59.15 3 0
github.com/keshablive/quester/internal/repositories/report_repository.go:59.15,61.3 1 0
github.com/keshablive/quester/internal/repositories/report_repository.go:63.2,64.21 2 0
github.com/keshablive/quester/internal/repositories/report_repository.go:68.128,73.15 3 0
github.com/keshablive/quester/internal/repositories/report_repository.go:73.15,75.3 1 0
github.com/keshablive/quester/internal/repositories/report_repository.go:77.2,78.21 2 0
github.com/keshablive/quester/internal/repositories/report_repository.go:82.126,87.15 3 0
github.com/keshablive/quester/internal/repositories/report_repository.go:87.15,89.3 1 0
github.com/keshablive/quester/internal/repositories/report_repository.go:91.2,92.21 2 0
github.com/keshablive/quester/internal/repositories/report_repository.go:96.70,98.2 1 0
github.com/keshablive/quester/internal/repositories/report_repository.go:101.103,106.24 2 0
github.com/keshablive/quester/internal/repositories/report_repository.go:106.24,108.3 1 0
github.com/keshablive/quester/internal/repositories/report_repository.go:109.2,109.80 1 0
github.com/keshablive/quester/internal/repositories/report_repository.go:113.61,115.2 1 0
github.com/keshablive/quester/internal/repositories/report_repository.go:118.73,120.2 1 0
github.com/keshablive/quester/internal/repositories/report_repository.go:125.88,127.2 1 0
github.com/keshablive/quester/internal/repositories/report_repository.go:130.96,133.16 3 0
github.com/keshablive/quester/internal/repositories/report_repository.go:133.16,135.3 1 0
github.com/keshablive/quester/internal/repositories/report_repository.go:136.2,136.23 1 0
github.com/keshablive/quester/internal/repositories/report_repository.go:140.114,146.2 3 0
github.com/keshablive/quester/internal/repositories/report_repository.go:149.106,154.2 3 0
github.com/keshablive/quester/internal/repositories/report_repository.go:157.85,163.2 4 0
github.com/keshablive/quester/internal/repositories/report_repository.go:166.88,168.2 1 0
github.com/keshablive/quester/internal/repositories/report_repository.go:171.108,179.2 1 0
github.com/keshablive/quester/internal/repositories/report_repository.go:182.84,186.2 1 0
github.com/keshablive/quester/internal/repositories/report_repository.go:189.69,191.2 1 0
github.com/keshablive/quester/internal/repositories/report_repository.go:196.91,198.2 1 0
github.com/keshablive/quester/internal/repositories/report_repository.go:201.98,204.16 3 0
github.com/keshablive/quester/internal/repositories/report_repository.go:204.16,206.3 1 0
github.com/keshablive/quester/internal/repositories/report_repository.go:207.2,207.24 1 0
github.com/keshablive/quester/internal/repositories/report_repository.go:211.133,216.15 3 0
github.com/keshablive/quester/internal/repositories/report_repository.go:216.15,218.3 1 0
github.com/keshablive/quester/internal/repositories/report_repository.go:220.2,221.24 2 0
github.com/keshablive/quester/internal/repositories/report_repository.go:225.125,231.2 3 0
github.com/keshablive/quester/internal/repositories/report_repository.go:234.109,236.2 1 0
github.com/keshablive/quester/internal/repositories/report_repository.go:239.91,241.2 1 0
github.com/keshablive/quester/internal/repositories/report_repository.go:244.171,256.26 3 0
github.com/keshablive/quester/internal/repositories/report_repository.go:256.26,258.3 1 0
github.com/keshablive/quester/internal/repositories/report_repository.go:260.2,260.24 1 0
github.com/keshablive/quester/internal/repositories/report_repository.go:260.24,262.3 1 0
github.com/keshablive/quester/internal/repositories/report_repository.go:265.2,266.73 2 0
github.com/keshablive/quester/internal/repositories/report_repository.go:266.73,269.3 2 0
github.com/keshablive/quester/internal/repositories/report_repository.go:271.2,271.89 1 0
github.com/keshablive/quester/internal/repositories/report_repository.go:275.136,297.16 3 0
github.com/keshablive/quester/internal/repositories/report_repository.go:297.16,299.3 1 0
github.com/keshablive/quester/internal/repositories/report_repository.go:301.2,302.31 2 0
github.com/keshablive/quester/internal/repositories/report_repository.go:302.31,304.3 1 0
github.com/keshablive/quester/internal/repositories/report_repository.go:306.2,314.8 1 0
github.com/keshablive/quester/internal/repositories/report_repository.go:318.82,320.2 1 0
github.com/keshablive/quester/internal/repositories/report_repository.go:323.120,335.2 4 0
github.com/keshablive/quester/internal/repositories/report_repository.go:338.76,342.2 3 0
github.com/keshablive/quester/internal/repositories/report_repository.go:345.99,351.2 3 0
github.com/keshablive/quester/internal/repositories/transaction_repository.go:19.67,22.2 2 0
github.com/keshablive/quester/internal/repositories/transaction_repository.go:25.100,26.72 1 0
github.com/keshablive/quester/internal/repositories/transaction_repository.go:26.72,28.3 1 0
github.com/keshablive/quester/internal/repositories/transaction_repository.go:29.2,29.12 1 0
github.com/keshablive/quester/internal/repositories/transaction_repository.go:33.127,42.16 3 0
github.com/keshablive/quester/internal/repositories/transaction_repository.go:42.16,44.3 1 0
github.com/keshablive/quester/internal/repositories/transaction_repository.go:46.2,46.26 1 0
github.com/keshablive/quester/internal/repositories/transaction_repository.go:50.137,59.16 3 0
github.com/keshablive/quester/internal/repositories/transaction_repository.go:59.16,61.3 1 0
github.com/keshablive/quester/internal/repositories/transaction_repository.go:63.2,63.26 1 0
github.com/keshablive/quester/internal/repositories/transaction_repository.go:67.100,72.25 2 0
github.com/keshablive/quester/internal/repositories/transaction_repository.go:72.25,74.3 1 0
github.com/keshablive/quester/internal/repositories/transaction_repository.go:76.2,76.30 1 0
github.com/keshablive/quester/internal/repositories/transaction_repository.go:76.30,78.3 1 0
github.com/keshablive/quester/internal/repositories/transaction_repository.go:80.2,80.12 1 0
github.com/keshablive/quester/internal/repositories/transaction_repository.go:84.138,90.25 2 0
github.com/keshablive/quester/internal/repositories/transaction_repository.go:90.25,92.3 1 0
github.com/keshablive/quester/internal/repositories/transaction_repository.go:94.2,94.30 1 0
github.com/keshablive/quester/internal/repositories/transaction_repository.go:94.30,96.3 1 0
github.com/keshablive/quester/internal/repositories/transaction_repository.go:98.2,98.12 1 0
github.com/keshablive/quester/internal/repositories/transaction_repository.go:102.112,107.25 2 0
github.com/keshablive/quester/internal/repositories/transaction_repository.go:107.25,109.3 1 0
github.com/keshablive/quester/internal/repositories/transaction_repository.go:111.2,111.30 1 0
github.com/keshablive/quester/internal/repositories/transaction_repository.go:111.30,113.3 1 0
github.com/keshablive/quester/internal/repositories/transaction_repository.go:115.2,115.12 1 0
github.com/keshablive/quester/internal/repositories/transaction_repository.go:119.161,129.15 3 0
github.com/keshablive/quester/internal/repositories/transaction_repository.go:129.15,131.3 1 0
github.com/keshablive/quester/internal/repositories/transaction_repository.go:133.2,134.16 2 0
github.com/keshablive/quester/internal/repositories/transaction_repository.go:134.16,136.3 1 0
github.com/keshablive/quester/internal/repositories/transaction_repository.go:138.2,138.26 1 0
github.com/keshablive/quester/internal/repositories/transaction_repository.go:142.160,153.79 4 0
github.com/keshablive/quester/internal/repositories/transaction_repository.go:153.79,155.3 1 0
github.com/keshablive/quester/internal/repositories/transaction_repository.go:158.2,163.41 2 0
github.com/keshablive/quester/internal/repositories/transaction_repository.go:163.41,165.3 1 0
github.com/keshablive/quester/internal/repositories/transaction_repository.go:167.2,167.33 1 0
github.com/keshablive/quester/internal/repositories/transaction_repository.go:171.144,181.34 3 0
github.com/keshablive/quester/internal/repositories/transaction_repository.go:181.34,182.14 1 0
github.com/keshablive/quester/internal/repositories/transaction_repository.go:183.17,184.44 1 0
github.com/keshablive/quester/internal/repositories/transaction_repository.go:185.19,186.46 1 0
github.com/keshablive/quester/internal/repositories/transaction_repository.go:187.20,188.47 1 0
github.com/keshablive/quester/internal/repositories/transaction_repository.go:189.21,190.48 1 0
github.com/keshablive/quester/internal/repositories/transaction_repository.go:191.26,192.53 1 0
github.com/keshablive/quester/internal/repositories/transaction_repository.go:196.2,196.81 1 0
github.com/keshablive/quester/internal/repositories/transaction_repository.go:196.81,198.3 1 0
github.com/keshablive/quester/internal/repositories/transaction_repository.go:200.2,200.26 1 0
github.com/keshablive/quester/internal/repositories/transaction_repository.go:204.146,215.16 3 0
github.com/keshablive/quester/internal/repositories/transaction_repository.go:215.16,217.3 1 0
github.com/keshablive/quester/internal/repositories/transaction_repository.go:219.2,219.26 1 0
github.com/keshablive/quester/internal/repositories/transaction_repository.go:223.143,234.16 3 0
github.com/keshablive/quester/internal/repositories/transaction_repository.go:234.16,236.3 1 0
github.com/keshablive/quester/internal/repositories/transaction_repository.go:238.2,238.26 1 0
github.com/keshablive/quester/internal/repositories/transaction_repository.go:242.133,253.16 3 0
github.com/keshablive/quester/internal/repositories/transaction_repository.go:253.16,255.3 1 0
github.com/keshablive/quester/internal/repositories/transaction_repository.go:257.2,257.26 1 0
github.com/keshablive/quester/internal/repositories/transaction_repository.go:261.124,267.25 2 0
github.com/keshablive/quester/internal/repositories/transaction_repository.go:267.25,269.3 1 0
github.com/keshablive/quester/internal/repositories/transaction_repository.go:271.2,271.30 1 0
github.com/keshablive/quester/internal/repositories/transaction_repository.go:271.30,273.3 1 0
github.com/keshablive/quester/internal/repositories/transaction_repository.go:275.2,275.12 1 0
github.com/keshablive/quester/internal/repositories/transaction_repository.go:279.124,289.16 3 0
github.com/keshablive/quester/internal/repositories/transaction_repository.go:289.16,291.3 1 0
github.com/keshablive/quester/internal/repositories/transaction_repository.go:293.2,293.21 1 0
github.com/keshablive/quester/internal/repositories/transaction_repository.go:297.158,308.16 3 0
github.com/keshablive/quester/internal/repositories/transaction_repository.go:308.16,310.3 1 0
github.com/keshablive/quester/internal/repositories/transaction_repository.go:312.2,312.26 1 0
github.com/keshablive/quester/internal/repositories/trusted_device_repository.go:25.71,28.2 2 0
github.com/keshablive/quester/internal/repositories/trusted_device_repository.go:31.124,39.16 3 0
github.com/keshablive/quester/internal/repositories/trusted_device_repository.go:39.16,41.3 1 0
github.com/keshablive/quester/internal/repositories/trusted_device_repository.go:42.2,42.21 1 0
github.com/keshablive/quester/internal/repositories/trusted_device_repository.go:46.141,52.16 3 0
github.com/keshablive/quester/internal/repositories/trusted_device_repository.go:52.16,53.36 1 0
github.com/keshablive/quester/internal/repositories/trusted_device_repository.go:53.36,55.4 1 0
github.com/keshablive/quester/internal/repositories/trusted_device_repository.go:56.3,56.96 1 0
github.com/keshablive/quester/internal/repositories/trusted_device_repository.go:58.2,58.21 1 0
github.com/keshablive/quester/internal/repositories/trusted_device_repository.go:62.124,68.16 3 0
github.com/keshablive/quester/internal/repositories/trusted_device_repository.go:68.16,69.36 1 0
github.com/keshablive/quester/internal/repositories/trusted_device_repository.go:69.36,71.4 1 0
github.com/keshablive/quester/internal/repositories/trusted_device_repository.go:72.3,72.100 1 0
github.com/keshablive/quester/internal/repositories/trusted_device_repository.go:74.2,74.21 1 0
github.com/keshablive/quester/internal/repositories/trusted_device_repository.go:78.99,80.16 2 0
github.com/keshablive/quester/internal/repositories/trusted_device_repository.go:80.16,82.3 1 0
github.com/keshablive/quester/internal/repositories/trusted_device_repository.go:83.2,83.12 1 0
github.com/keshablive/quester/internal/repositories/trusted_device_repository.go:87.99,89.16 2 0
github.com/keshablive/quester/internal/repositories/trusted_device_repository.go:89.16,91.3 1 0
github.com/keshablive/quester/internal/repositories/trusted_device_repository.go:92.2,92.12 1 0
github.com/keshablive/quester/internal/repositories/trusted_device_repository.go:96.99,98.16 2 0
github.com/keshablive/quester/internal/repositories/trusted_device_repository.go:98.16,100.3 1 0
github.com/keshablive/quester/internal/repositories/trusted_device_repository.go:101.2,101.12 1 0
github.com/keshablive/quester/internal/repositories/trusted_device_repository.go:105.95,110.16 2 0
github.com/keshablive/quester/internal/repositories/trusted_device_repository.go:110.16,112.3 1 0
github.com/keshablive/quester/internal/repositories/trusted_device_repository.go:113.2,113.12 1 0
github.com/keshablive/quester/internal/repositories/two_factor_repository.go:24.63,27.2 2 0
github.com/keshablive/quester/internal/repositories/two_factor_repository.go:30.115,36.16 3 0
github.com/keshablive/quester/internal/repositories/two_factor_repository.go:36.16,37.36 1 0
github.com/keshablive/quester/internal/repositories/two_factor_repository.go:37.36,39.4 1 0
github.com/keshablive/quester/internal/repositories/two_factor_repository.go:40.3,40.84 1 0
github.com/keshablive/quester/internal/repositories/two_factor_repository.go:42.2,42.22 1 0
github.com/keshablive/quester/internal/repositories/two_factor_repository.go:46.108,52.16 3 0
github.com/keshablive/quester/internal/repositories/two_factor_repository.go:52.16,53.36 1 0
github.com/keshablive/quester/internal/repositories/two_factor_repository.go:53.36,55.4 1 0
github.com/keshablive/quester/internal/repositories/two_factor_repository.go:56.3,56.76 1 0
github.com/keshablive/quester/internal/repositories/two_factor_repository.go:58.2,58.22 1 0
github.com/keshablive/quester/internal/repositories/two_factor_repository.go:62.90,64.16 2 0
github.com/keshablive/quester/internal/repositories/two_factor_repository.go:64.16,66.3 1 0
github.com/keshablive/quester/internal/repositories/two_factor_repository.go:67.2,67.12 1 0
github.com/keshablive/quester/internal/repositories/two_factor_repository.go:71.90,73.16 2 0
github.com/keshablive/quester/internal/repositories/two_factor_repository.go:73.16,75.3 1 0
github.com/keshablive/quester/internal/repositories/two_factor_repository.go:76.2,76.12 1 0
github.com/keshablive/quester/internal/repositories/two_factor_repository.go:80.90,82.16 2 0
github.com/keshablive/quester/internal/repositories/two_factor_repository.go:82.16,84.3 1 0
github.com/keshablive/quester/internal/repositories/two_factor_repository.go:85.2,85.12 1 0
github.com/keshablive/quester/internal/repositories/two_factor_repository.go:89.105,96.16 3 0
github.com/keshablive/quester/internal/repositories/two_factor_repository.go:96.16,97.36 1 0
github.com/keshablive/quester/internal/repositories/two_factor_repository.go:97.36,99.4 1 0
github.com/keshablive/quester/internal/repositories/two_factor_repository.go:100.3,100.86 1 0
github.com/keshablive/quester/internal/repositories/two_factor_repository.go:102.2,102.27 1 0
github.com/keshablive/quester/internal/repositories/user_repository.go:19.53,22.2 2 0
github.com/keshablive/quester/internal/repositories/user_repository.go:26.103,34.46 3 0
github.com/keshablive/quester/internal/repositories/user_repository.go:34.46,36.3 1 0
github.com/keshablive/quester/internal/repositories/user_repository.go:38.2,38.12 1 0
github.com/keshablive/quester/internal/repositories/user_repository.go:43.115,47.34 2 0
github.com/keshablive/quester/internal/repositories/user_repository.go:47.34,49.3 1 0
github.com/keshablive/quester/internal/repositories/user_repository.go:51.2,51.19 1 0
github.com/keshablive/quester/internal/repositories/user_repository.go:55.96,57.83 2 0
github.com/keshablive/quester/internal/repositories/user_repository.go:57.83,59.3 1 0
github.com/keshablive/quester/internal/repositories/user_repository.go:61.2,61.19 1 0
github.com/keshablive/quester/internal/repositories/user_repository.go:65.83,67.25 2 0
github.com/keshablive/quester/internal/repositories/user_repository.go:67.25,69.3 1 0
github.com/keshablive/quester/internal/repositories/user_repository.go:71.2,71.30 1 0
github.com/keshablive/quester/internal/repositories/user_repository.go:71.30,73.3 1 0
github.com/keshablive/quester/internal/repositories/user_repository.go:75.2,75.12 1 0
github.com/keshablive/quester/internal/repositories/user_repository.go:79.92,84.25 2 0
github.com/keshablive/quester/internal/repositories/user_repository.go:84.25,86.3 1 0
github.com/keshablive/quester/internal/repositories/user_repository.go:88.2,88.30 1 0
github.com/keshablive/quester/internal/repositories/user_repository.go:88.30,90.3 1 0
github.com/keshablive/quester/internal/repositories/user_repository.go:92.2,92.12 1 0
github.com/keshablive/quester/internal/repositories/user_repository.go:96.88,101.25 2 0
github.com/keshablive/quester/internal/repositories/user_repository.go:101.25,103.3 1 0
github.com/keshablive/quester/internal/repositories/user_repository.go:105.2,105.30 1 0
github.com/keshablive/quester/internal/repositories/user_repository.go:105.30,107.3 1 0
github.com/keshablive/quester/internal/repositories/user_repository.go:109.2,109.12 1 0
github.com/keshablive/quester/internal/services/achievement_service.go:24.61,30.2 1 0
github.com/keshablive/quester/internal/services/achievement_service.go:33.63,35.2 1 0
github.com/keshablive/quester/internal/services/achievement_service.go:38.77,40.2 1 0
github.com/keshablive/quester/internal/services/achievement_service.go:43.155,44.21 1 0
github.com/keshablive/quester/internal/services/achievement_service.go:44.21,46.3 1 0
github.com/keshablive/quester/internal/services/achievement_service.go:47.2,47.54 1 0
github.com/keshablive/quester/internal/services/achievement_service.go:51.130,53.2 1 0
github.com/keshablive/quester/internal/services/achievement_service.go:56.143,58.2 1 0
github.com/keshablive/quester/internal/services/achievement_service.go:61.144,63.2 1 0
github.com/keshablive/quester/internal/services/achievement_service.go:66.121,68.2 1 0
github.com/keshablive/quester/internal/services/achievement_service.go:72.181,75.16 2 0
github.com/keshablive/quester/internal/services/achievement_service.go:75.16,77.3 1 0
github.com/keshablive/quester/internal/services/achievement_service.go:79.2,79.43 1 0
github.com/keshablive/quester/internal/services/achievement_service.go:79.43,80.42 1 0
github.com/keshablive/quester/internal/services/achievement_service.go:80.42,81.12 1 0
github.com/keshablive/quester/internal/services/achievement_service.go:85.3,86.17 2 0
github.com/keshablive/quester/internal/services/achievement_service.go:86.17,88.12 2 0
github.com/keshablive/quester/internal/services/achievement_service.go:92.3,92.32 1 0
github.com/keshablive/quester/internal/services/achievement_service.go:92.32,93.12 1 0
github.com/keshablive/quester/internal/services/achievement_service.go:97.3,97.116 1 0
github.com/keshablive/quester/internal/services/achievement_service.go:97.116,99.12 2 0
github.com/keshablive/quester/internal/services/achievement_service.go:103.3,104.17 2 0
github.com/keshablive/quester/internal/services/achievement_service.go:104.17,106.12 2 0
github.com/keshablive/quester/internal/services/achievement_service.go:110.3,110.92 1 0
github.com/keshablive/quester/internal/services/achievement_service.go:110.92,111.77 1 0
github.com/keshablive/quester/internal/services/achievement_service.go:111.77,113.5 1 0
github.com/keshablive/quester/internal/services/achievement_service.go:117.2,117.12 1 0
github.com/keshablive/quester/internal/services/achievement_service.go:121.97,123.2 1 0
github.com/keshablive/quester/internal/services/achievement_service.go:126.97,128.2 1 0
github.com/keshablive/quester/internal/services/achievement_service.go:131.107,134.16 2 0
github.com/keshablive/quester/internal/services/achievement_service.go:134.16,136.3 1 0
github.com/keshablive/quester/internal/services/achievement_service.go:139.2,140.16 2 0
github.com/keshablive/quester/internal/services/achievement_service.go:140.16,142.3 1 0
github.com/keshablive/quester/internal/services/achievement_service.go:144.2,144.43 1 0
github.com/keshablive/quester/internal/services/achievement_service.go:144.43,145.58 1 0
github.com/keshablive/quester/internal/services/achievement_service.go:145.58,146.12 1 0
github.com/keshablive/quester/internal/services/achievement_service.go:150.3,150.43 1 0
github.com/keshablive/quester/internal/services/achievement_service.go:150.43,153.18 2 0
github.com/keshablive/quester/internal/services/achievement_service.go:153.18,155.13 2 0
github.com/keshablive/quester/internal/services/achievement_service.go:159.4,159.34 1 0
github.com/keshablive/quester/internal/services/achievement_service.go:159.34,160.78 1 0
github.com/keshablive/quester/internal/services/achievement_service.go:160.78,162.6 1 0
github.com/keshablive/quester/internal/services/achievement_service.go:167.2,167.12 1 0
github.com/keshablive/quester/internal/services/achievement_service.go:171.106,174.16 2 0
github.com/keshablive/quester/internal/services/achievement_service.go:174.16,176.3 1 0
github.com/keshablive/quester/internal/services/achievement_service.go:179.2,180.16 2 0
github.com/keshablive/quester/internal/services/achievement_service.go:180.16,182.3 1 0
github.com/keshablive/quester/internal/services/achievement_service.go:184.2,184.43 1 0
github.com/keshablive/quester/internal/services/achievement_service.go:184.43,185.55 1 0
github.com/keshablive/quester/internal/services/achievement_service.go:185.55,186.12 1 0
github.com/keshablive/quester/internal/services/achievement_service.go:190.3,190.47 1 0
github.com/keshablive/quester/internal/services/achievement_service.go:190.47,193.18 2 0
github.com/keshablive/quester/internal/services/achievement_service.go:193.18,195.13 2 0
github.com/keshablive/quester/internal/services/achievement_service.go:199.4,200.96 2 0
github.com/keshablive/quester/internal/services/achievement_service.go:200.96,202.13 2 0
github.com/keshablive/quester/internal/services/achievement_service.go:206.4,206.78 1 0
github.com/keshablive/quester/internal/services/achievement_service.go:206.78,207.78 1 0
github.com/keshablive/quester/internal/services/achievement_service.go:207.78,209.6 1 0
github.com/keshablive/quester/internal/services/achievement_service.go:214.2,214.12 1 0
github.com/keshablive/quester/internal/services/achievement_service.go:218.110,221.16 2 0
github.com/keshablive/quester/internal/services/achievement_service.go:221.16,223.3 1 0
github.com/keshablive/quester/internal/services/achievement_service.go:226.2,227.16 2 0
github.com/keshablive/quester/internal/services/achievement_service.go:227.16,229.3 1 0
github.com/keshablive/quester/internal/services/achievement_service.go:232.2,232.94 1 0
github.com/keshablive/quester/internal/services/achievement_service.go:232.94,234.3 1 0
github.com/keshablive/quester/internal/services/achievement_service.go:237.2,237.30 1 0
github.com/keshablive/quester/internal/services/achievement_service.go:237.30,238.70 1 0
github.com/keshablive/quester/internal/services/achievement_service.go:238.70,240.4 1 0
github.com/keshablive/quester/internal/services/achievement_service.go:240.9,243.4 1 0
github.com/keshablive/quester/internal/services/achievement_service.go:247.2,247.37 1 0
github.com/keshablive/quester/internal/services/achievement_service.go:247.37,251.134 2 0
github.com/keshablive/quester/internal/services/achievement_service.go:251.134,253.4 1 0
github.com/keshablive/quester/internal/services/achievement_service.go:256.3,256.28 1 0
github.com/keshablive/quester/internal/services/achievement_service.go:256.28,259.18 2 0
github.com/keshablive/quester/internal/services/achievement_service.go:259.18,261.5 1 0
github.com/keshablive/quester/internal/services/achievement_service.go:261.10,262.38 1 0
github.com/keshablive/quester/internal/services/achievement_service.go:262.38,263.91 1 0
github.com/keshablive/quester/internal/services/achievement_service.go:263.91,265.7 1 0
github.com/keshablive/quester/internal/services/achievement_service.go:265.12,267.7 1 0
github.com/keshablive/quester/internal/services/achievement_service.go:274.2,277.30 2 0
github.com/keshablive/quester/internal/services/achievement_service.go:277.30,291.13 7 0
github.com/keshablive/quester/internal/services/achievement_service.go:291.13,292.261 1 0
github.com/keshablive/quester/internal/services/achievement_service.go:292.261,294.5 1 0
github.com/keshablive/quester/internal/services/achievement_service.go:298.2,298.12 1 0
github.com/keshablive/quester/internal/services/achievement_service.go:302.91,307.2 1 0
github.com/keshablive/quester/internal/services/achievement_service.go:310.108,312.2 1 0
github.com/keshablive/quester/internal/services/achievement_service.go:315.108,317.2 1 0
github.com/keshablive/quester/internal/services/achievement_service.go:320.100,322.2 1 0
github.com/keshablive/quester/internal/services/achievement_service.go:325.131,326.16 1 0
github.com/keshablive/quester/internal/services/achievement_service.go:326.16,328.3 1 0
github.com/keshablive/quester/internal/services/achievement_service.go:330.2,339.27 3 0
github.com/keshablive/quester/internal/services/achievement_service.go:343.121,345.16 2 0
github.com/keshablive/quester/internal/services/achievement_service.go:345.16,347.3 1 0
github.com/keshablive/quester/internal/services/achievement_service.go:349.2,360.38 3 0
github.com/keshablive/quester/internal/services/achievement_service.go:360.38,366.41 2 0
github.com/keshablive/quester/internal/services/achievement_service.go:366.41,368.4 1 0
github.com/keshablive/quester/internal/services/achievement_service.go:371.3,377.45 2 0
github.com/keshablive/quester/internal/services/achievement_service.go:377.45,379.4 1 0
github.com/keshablive/quester/internal/services/achievement_service.go:381.3,381.21 1 0
github.com/keshablive/quester/internal/services/achievement_service.go:381.21,383.4 1 0
github.com/keshablive/quester/internal/services/achievement_service.go:383.9,385.4 1 0
github.com/keshablive/quester/internal/services/achievement_service.go:388.2,388.19 1 0
github.com/keshablive/quester/internal/services/analytics_service.go:22.84,24.2 1 0
github.com/keshablive/quester/internal/services/analytics_service.go:27.121,34.59 3 0
github.com/keshablive/quester/internal/services/analytics_service.go:34.59,36.3 1 0
github.com/keshablive/quester/internal/services/analytics_service.go:38.2,38.21 1 0
github.com/keshablive/quester/internal/services/analytics_service.go:38.21,40.45 1 0
github.com/keshablive/quester/internal/services/analytics_service.go:40.45,42.4 1 0
github.com/keshablive/quester/internal/services/analytics_service.go:43.3,43.48 1 0
github.com/keshablive/quester/internal/services/analytics_service.go:43.48,45.4 1 0
github.com/keshablive/quester/internal/services/analytics_service.go:46.3,46.49 1 0
github.com/keshablive/quester/internal/services/analytics_service.go:46.49,48.4 1 0
github.com/keshablive/quester/internal/services/analytics_service.go:49.3,49.51 1 0
github.com/keshablive/quester/internal/services/analytics_service.go:49.51,51.4 1 0
github.com/keshablive/quester/internal/services/analytics_service.go:52.3,52.51 1 0
github.com/keshablive/quester/internal/services/analytics_service.go:52.51,54.4 1 0
github.com/keshablive/quester/internal/services/analytics_service.go:55.3,55.51 1 0
github.com/keshablive/quester/internal/services/analytics_service.go:55.51,57.4 1 0
github.com/keshablive/quester/internal/services/analytics_service.go:58.3,58.48 1 0
github.com/keshablive/quester/internal/services/analytics_service.go:58.48,60.4 1 0
github.com/keshablive/quester/internal/services/analytics_service.go:61.3,61.47 1 0
github.com/keshablive/quester/internal/services/analytics_service.go:61.47,63.4 1 0
github.com/keshablive/quester/internal/services/analytics_service.go:64.3,64.47 1 0
github.com/keshablive/quester/internal/services/analytics_service.go:64.47,66.4 1 0
github.com/keshablive/quester/internal/services/analytics_service.go:67.3,67.47 1 0
github.com/keshablive/quester/internal/services/analytics_service.go:67.47,69.4 1 0
github.com/keshablive/quester/internal/services/analytics_service.go:70.3,70.50 1 0
github.com/keshablive/quester/internal/services/analytics_service.go:70.50,72.4 1 0
github.com/keshablive/quester/internal/services/analytics_service.go:73.3,73.45 1 0
github.com/keshablive/quester/internal/services/analytics_service.go:73.45,75.4 1 0
github.com/keshablive/quester/internal/services/analytics_service.go:76.3,76.47 1 0
github.com/keshablive/quester/internal/services/analytics_service.go:76.47,78.4 1 0
github.com/keshablive/quester/internal/services/analytics_service.go:80.3,80.46 1 0
github.com/keshablive/quester/internal/services/analytics_service.go:84.2,103.46 2 0
github.com/keshablive/quester/internal/services/analytics_service.go:107.127,110.2 2 0
github.com/keshablive/quester/internal/services/analytics_service.go:113.130,116.2 2 0
github.com/keshablive/quester/internal/services/analytics_service.go:119.132,124.59 3 0
github.com/keshablive/quester/internal/services/analytics_service.go:124.59,126.3 1 0
github.com/keshablive/quester/internal/services/analytics_service.go:128.2,128.21 1 0
github.com/keshablive/quester/internal/services/analytics_service.go:128.21,130.56 1 0
github.com/keshablive/quester/internal/services/analytics_service.go:130.56,132.4 1 0
github.com/keshablive/quester/internal/services/analytics_service.go:133.3,133.54 1 0
github.com/keshablive/quester/internal/services/analytics_service.go:133.54,135.4 1 0
github.com/keshablive/quester/internal/services/analytics_service.go:136.3,136.58 1 0
github.com/keshablive/quester/internal/services/analytics_service.go:136.58,138.4 1 0
github.com/keshablive/quester/internal/services/analytics_service.go:139.3,139.59 1 0
github.com/keshablive/quester/internal/services/analytics_service.go:139.59,141.4 1 0
github.com/keshablive/quester/internal/services/analytics_service.go:142.3,142.57 1 0
github.com/keshablive/quester/internal/services/analytics_service.go:142.57,144.4 1 0
github.com/keshablive/quester/internal/services/analytics_service.go:145.3,145.52 1 0
github.com/keshablive/quester/internal/services/analytics_service.go:145.52,147.4 1 0
github.com/keshablive/quester/internal/services/analytics_service.go:148.3,148.55 1 0
github.com/keshablive/quester/internal/services/analytics_service.go:148.55,150.4 1 0
github.com/keshablive/quester/internal/services/analytics_service.go:151.3,151.57 1 0
github.com/keshablive/quester/internal/services/analytics_service.go:151.57,153.4 1 0
github.com/keshablive/quester/internal/services/analytics_service.go:154.3,154.56 1 0
github.com/keshablive/quester/internal/services/analytics_service.go:154.56,156.4 1 0
github.com/keshablive/quester/internal/services/analytics_service.go:158.3,158.48 1 0
github.com/keshablive/quester/internal/services/analytics_service.go:162.2,177.48 2 0
github.com/keshablive/quester/internal/services/analytics_service.go:181.131,184.2 2 0
github.com/keshablive/quester/internal/services/analytics_service.go:187.136,190.2 2 0
github.com/keshablive/quester/internal/services/analytics_service.go:193.138,196.2 2 0
github.com/keshablive/quester/internal/services/analytics_service.go:199.126,204.59 3 0
github.com/keshablive/quester/internal/services/analytics_service.go:204.59,206.3 1 0
github.com/keshablive/quester/internal/services/analytics_service.go:208.2,208.21 1 0
github.com/keshablive/quester/internal/services/analytics_service.go:208.21,210.57 1 0
github.com/keshablive/quester/internal/services/analytics_service.go:210.57,212.4 1 0
github.com/keshablive/quester/internal/services/analytics_service.go:213.3,213.48 1 0
github.com/keshablive/quester/internal/services/analytics_service.go:213.48,215.4 1 0
github.com/keshablive/quester/internal/services/analytics_service.go:216.3,216.54 1 0
github.com/keshablive/quester/internal/services/analytics_service.go:216.54,218.4 1 0
github.com/keshablive/quester/internal/services/analytics_service.go:219.3,219.57 1 0
github.com/keshablive/quester/internal/services/analytics_service.go:219.57,221.4 1 0
github.com/keshablive/quester/internal/services/analytics_service.go:222.3,222.58 1 0
github.com/keshablive/quester/internal/services/analytics_service.go:222.58,224.4 1 0
github.com/keshablive/quester/internal/services/analytics_service.go:225.3,225.59 1 0
github.com/keshablive/quester/internal/services/analytics_service.go:225.59,227.4 1 0
github.com/keshablive/quester/internal/services/analytics_service.go:228.3,228.67 1 0
github.com/keshablive/quester/internal/services/analytics_service.go:228.67,230.4 1 0
github.com/keshablive/quester/internal/services/analytics_service.go:231.3,231.53 1 0
github.com/keshablive/quester/internal/services/analytics_service.go:231.53,233.4 1 0
github.com/keshablive/quester/internal/services/analytics_service.go:234.3,234.49 1 0
github.com/keshablive/quester/internal/services/analytics_service.go:234.49,236.4 1 0
github.com/keshablive/quester/internal/services/analytics_service.go:237.3,237.54 1 0
github.com/keshablive/quester/internal/services/analytics_service.go:237.54,239.4 1 0
github.com/keshablive/quester/internal/services/analytics_service.go:240.3,240.58 1 0
github.com/keshablive/quester/internal/services/analytics_service.go:240.58,242.4 1 0
github.com/keshablive/quester/internal/services/analytics_service.go:244.3,244.52 1 0
github.com/keshablive/quester/internal/services/analytics_service.go:248.2,264.52 2 0
github.com/keshablive/quester/internal/services/analytics_service.go:268.125,271.2 2 0
github.com/keshablive/quester/internal/services/analytics_service.go:274.134,277.2 2 0
github.com/keshablive/quester/internal/services/analytics_service.go:280.73,283.2 2 0
github.com/keshablive/quester/internal/services/analytics_service.go:287.82,296.16 6 0
github.com/keshablive/quester/internal/services/analytics_service.go:296.16,298.3 1 0
github.com/keshablive/quester/internal/services/analytics_service.go:300.2,300.35 1 0
github.com/keshablive/quester/internal/services/analytics_service.go:300.35,302.83 1 0
github.com/keshablive/quester/internal/services/analytics_service.go:302.83,304.12 2 0
github.com/keshablive/quester/internal/services/analytics_service.go:308.3,308.85 1 0
github.com/keshablive/quester/internal/services/analytics_service.go:308.85,310.12 2 0
github.com/keshablive/quester/internal/services/analytics_service.go:314.3,314.87 1 0
github.com/keshablive/quester/internal/services/analytics_service.go:314.87,316.12 2 0
github.com/keshablive/quester/internal/services/analytics_service.go:320.2,321.12 2 0
github.com/keshablive/quester/internal/services/analytics_service.go:326.83,338.16 8 0
github.com/keshablive/quester/internal/services/analytics_service.go:338.16,340.3 1 0
github.com/keshablive/quester/internal/services/analytics_service.go:342.2,342.35 1 0
github.com/keshablive/quester/internal/services/analytics_service.go:342.35,344.76 1 0
github.com/keshablive/quester/internal/services/analytics_service.go:344.76,346.12 2 0
github.com/keshablive/quester/internal/services/analytics_service.go:350.2,351.12 2 0
github.com/keshablive/quester/internal/services/analytics_service.go:356.84,366.16 7 0
github.com/keshablive/quester/internal/services/analytics_service.go:366.16,368.3 1 0
github.com/keshablive/quester/internal/services/analytics_service.go:370.2,370.35 1 0
github.com/keshablive/quester/internal/services/analytics_service.go:370.35,372.77 1 0
github.com/keshablive/quester/internal/services/analytics_service.go:372.77,374.12 2 0
github.com/keshablive/quester/internal/services/analytics_service.go:378.2,379.12 2 0
github.com/keshablive/quester/internal/services/analytics_service.go:383.110,386.16 2 0
github.com/keshablive/quester/internal/services/analytics_service.go:386.16,388.3 1 0
github.com/keshablive/quester/internal/services/analytics_service.go:391.2,392.30 2 0
github.com/keshablive/quester/internal/services/analytics_service.go:392.30,397.3 4 0
github.com/keshablive/quester/internal/services/analytics_service.go:400.2,406.41 1 0
github.com/keshablive/quester/internal/services/analytics_service.go:406.41,407.26 1 0
github.com/keshablive/quester/internal/services/analytics_service.go:407.26,409.5 1 0
github.com/keshablive/quester/internal/services/analytics_service.go:410.4,410.12 1 0
github.com/keshablive/quester/internal/services/analytics_service.go:414.2,414.81 1 0
github.com/keshablive/quester/internal/services/analytics_service.go:418.112,420.16 2 0
github.com/keshablive/quester/internal/services/analytics_service.go:420.16,422.3 1 0
github.com/keshablive/quester/internal/services/analytics_service.go:424.2,426.30 3 0
github.com/keshablive/quester/internal/services/analytics_service.go:426.30,430.3 3 0
github.com/keshablive/quester/internal/services/analytics_service.go:432.2,437.37 1 0
github.com/keshablive/quester/internal/services/analytics_service.go:437.37,438.28 1 0
github.com/keshablive/quester/internal/services/analytics_service.go:438.28,440.5 1 0
github.com/keshablive/quester/internal/services/analytics_service.go:441.4,441.12 1 0
github.com/keshablive/quester/internal/services/analytics_service.go:445.2,445.83 1 0
github.com/keshablive/quester/internal/services/analytics_service.go:449.114,451.16 2 0
github.com/keshablive/quester/internal/services/analytics_service.go:451.16,453.3 1 0
github.com/keshablive/quester/internal/services/analytics_service.go:455.2,455.25 1 0
github.com/keshablive/quester/internal/services/analytics_service.go:455.25,457.3 1 0
github.com/keshablive/quester/internal/services/analytics_service.go:459.2,462.30 3 0
github.com/keshablive/quester/internal/services/analytics_service.go:462.30,471.3 8 0
github.com/keshablive/quester/internal/services/analytics_service.go:473.2,485.87 3 0
github.com/keshablive/quester/internal/services/analytics_service.go:489.103,503.2 5 0
github.com/keshablive/quester/internal/services/analytics_service.go:506.104,519.2 5 0
github.com/keshablive/quester/internal/services/analytics_service.go:523.85,528.16 4 0
github.com/keshablive/quester/internal/services/analytics_service.go:529.15,530.82 1 0
github.com/keshablive/quester/internal/services/analytics_service.go:531.19,534.101 3 0
github.com/keshablive/quester/internal/services/analytics_service.go:535.23,536.36 1 0
github.com/keshablive/quester/internal/services/analytics_service.go:537.25,538.37 1 0
github.com/keshablive/quester/internal/services/analytics_service.go:539.27,540.37 1 0
github.com/keshablive/quester/internal/services/analytics_service.go:541.25,542.38 1 0
github.com/keshablive/quester/internal/services/analytics_service.go:543.10,545.37 1 0
github.com/keshablive/quester/internal/services/analytics_service.go:548.2,548.27 1 0
github.com/keshablive/quester/internal/services/analytics_service.go:551.88,552.39 1 0
github.com/keshablive/quester/internal/services/analytics_service.go:552.39,554.3 1 0
github.com/keshablive/quester/internal/services/analytics_service.go:555.2,555.43 1 0
github.com/keshablive/quester/internal/services/analytics_service.go:555.43,557.3 1 0
github.com/keshablive/quester/internal/services/analytics_service.go:558.2,558.10 1 0
github.com/keshablive/quester/internal/services/analytics_service.go:561.94,562.43 1 0
github.com/keshablive/quester/internal/services/analytics_service.go:562.43,564.3 1 0
github.com/keshablive/quester/internal/services/analytics_service.go:565.2,565.39 1 0
github.com/keshablive/quester/internal/services/analytics_service.go:565.39,567.3 1 0
github.com/keshablive/quester/internal/services/analytics_service.go:568.2,568.12 1 0
github.com/keshablive/quester/internal/services/assessment_service.go:20.59,22.2 1 0
github.com/keshablive/quester/internal/services/assessment_service.go:25.251,27.40 1 0
github.com/keshablive/quester/internal/services/assessment_service.go:27.40,29.3 1 0
github.com/keshablive/quester/internal/services/assessment_service.go:31.2,44.54 2 0
github.com/keshablive/quester/internal/services/assessment_service.go:44.54,46.3 1 0
github.com/keshablive/quester/internal/services/assessment_service.go:48.2,48.24 1 0
github.com/keshablive/quester/internal/services/assessment_service.go:52.119,54.112 2 0
github.com/keshablive/quester/internal/services/assessment_service.go:54.112,55.45 1 0
github.com/keshablive/quester/internal/services/assessment_service.go:55.45,57.4 1 0
github.com/keshablive/quester/internal/services/assessment_service.go:58.3,58.62 1 0
github.com/keshablive/quester/internal/services/assessment_service.go:61.2,61.25 1 0
github.com/keshablive/quester/internal/services/assessment_service.go:65.116,67.115 2 0
github.com/keshablive/quester/internal/services/assessment_service.go:67.115,69.3 1 0
github.com/keshablive/quester/internal/services/assessment_service.go:71.2,71.25 1 0
github.com/keshablive/quester/internal/services/assessment_service.go:75.116,77.115 2 0
github.com/keshablive/quester/internal/services/assessment_service.go:77.115,79.3 1 0
github.com/keshablive/quester/internal/services/assessment_service.go:81.2,81.25 1 0
github.com/keshablive/quester/internal/services/assessment_service.go:85.150,87.16 2 0
github.com/keshablive/quester/internal/services/assessment_service.go:87.16,89.3 1 0
github.com/keshablive/quester/internal/services/assessment_service.go:92.2,92.70 1 0
github.com/keshablive/quester/internal/services/assessment_service.go:92.70,94.3 1 0
github.com/keshablive/quester/internal/services/assessment_service.go:96.2,96.24 1 0
github.com/keshablive/quester/internal/services/assessment_service.go:100.96,102.25 2 0
github.com/keshablive/quester/internal/services/assessment_service.go:102.25,104.3 1 0
github.com/keshablive/quester/internal/services/assessment_service.go:106.2,106.30 1 0
github.com/keshablive/quester/internal/services/assessment_service.go:106.30,108.3 1 0
github.com/keshablive/quester/internal/services/assessment_service.go:110.2,110.12 1 0
github.com/keshablive/quester/internal/services/assessment_service.go:114.178,117.16 2 0
github.com/keshablive/quester/internal/services/assessment_service.go:117.16,119.3 1 0
github.com/keshablive/quester/internal/services/assessment_service.go:122.2,124.16 3 0
github.com/keshablive/quester/internal/services/assessment_service.go:124.16,126.3 1 0
github.com/keshablive/quester/internal/services/assessment_service.go:126.8,126.52 1 0
github.com/keshablive/quester/internal/services/assessment_service.go:126.52,128.3 1 0
github.com/keshablive/quester/internal/services/assessment_service.go:131.2,140.26 2 0
github.com/keshablive/quester/internal/services/assessment_service.go:140.26,141.61 1 0
github.com/keshablive/quester/internal/services/assessment_service.go:141.61,143.4 1 0
github.com/keshablive/quester/internal/services/assessment_service.go:146.2,146.54 1 0
github.com/keshablive/quester/internal/services/assessment_service.go:146.54,148.3 1 0
github.com/keshablive/quester/internal/services/assessment_service.go:150.2,150.24 1 0
github.com/keshablive/quester/internal/services/assessment_service.go:154.117,155.27 1 0
github.com/keshablive/quester/internal/services/assessment_service.go:155.27,157.3 1 0
github.com/keshablive/quester/internal/services/assessment_service.go:160.2,161.9 2 0
github.com/keshablive/quester/internal/services/assessment_service.go:161.9,163.3 1 0
github.com/keshablive/quester/internal/services/assessment_service.go:166.2,167.9 2 0
github.com/keshablive/quester/internal/services/assessment_service.go:167.9,169.3 1 0
github.com/keshablive/quester/internal/services/assessment_service.go:171.2,171.44 1 0
github.com/keshablive/quester/internal/services/assessment_service.go:171.44,173.3 1 0
github.com/keshablive/quester/internal/services/assessment_service.go:175.2,179.38 3 0
github.com/keshablive/quester/internal/services/assessment_service.go:179.38,181.10 2 0
github.com/keshablive/quester/internal/services/assessment_service.go:181.10,182.12 1 0
github.com/keshablive/quester/internal/services/assessment_service.go:185.3,186.10 2 0
github.com/keshablive/quester/internal/services/assessment_service.go:186.10,187.12 1 0
github.com/keshablive/quester/internal/services/assessment_service.go:190.3,191.10 2 0
github.com/keshablive/quester/internal/services/assessment_service.go:191.10,192.12 1 0
github.com/keshablive/quester/internal/services/assessment_service.go:194.3,197.10 3 0
github.com/keshablive/quester/internal/services/assessment_service.go:197.10,198.12 1 0
github.com/keshablive/quester/internal/services/assessment_service.go:202.3,203.37 2 0
github.com/keshablive/quester/internal/services/assessment_service.go:204.42,206.11 2 0
github.com/keshablive/quester/internal/services/assessment_service.go:206.11,207.13 1 0
github.com/keshablive/quester/internal/services/assessment_service.go:209.4,210.50 2 0
github.com/keshablive/quester/internal/services/assessment_service.go:210.50,212.5 1 0
github.com/keshablive/quester/internal/services/assessment_service.go:214.37,216.11 2 0
github.com/keshablive/quester/internal/services/assessment_service.go:216.11,217.13 1 0
github.com/keshablive/quester/internal/services/assessment_service.go:219.4,220.41 2 0
github.com/keshablive/quester/internal/services/assessment_service.go:220.41,222.5 1 0
github.com/keshablive/quester/internal/services/assessment_service.go:224.11,226.12 1 0
github.com/keshablive/quester/internal/services/assessment_service.go:229.3,229.14 1 0
github.com/keshablive/quester/internal/services/assessment_service.go:229.14,231.4 1 0
github.com/keshablive/quester/internal/services/assessment_service.go:235.2,236.21 2 0
github.com/keshablive/quester/internal/services/assessment_service.go:236.21,238.3 1 0
github.com/keshablive/quester/internal/services/assessment_service.go:241.2,250.12 7 0
github.com/keshablive/quester/internal/services/assessment_service.go:254.124,256.150 2 0
github.com/keshablive/quester/internal/services/assessment_service.go:256.150,257.45 1 0
github.com/keshablive/quester/internal/services/assessment_service.go:257.45,259.4 1 0
github.com/keshablive/quester/internal/services/assessment_service.go:260.3,260.62 1 0
github.com/keshablive/quester/internal/services/assessment_service.go:263.2,263.25 1 0
github.com/keshablive/quester/internal/services/assessment_service.go:267.125,269.133 2 0
github.com/keshablive/quester/internal/services/assessment_service.go:269.133,271.3 1 0
github.com/keshablive/quester/internal/services/assessment_service.go:273.2,273.25 1 0
github.com/keshablive/quester/internal/services/assessment_service.go:277.137,279.139 2 0
github.com/keshablive/quester/internal/services/assessment_service.go:279.139,281.3 1 0
github.com/keshablive/quester/internal/services/assessment_service.go:283.2,283.25 1 0
github.com/keshablive/quester/internal/services/assessment_service.go:287.170,289.16 2 0
github.com/keshablive/quester/internal/services/assessment_service.go:289.16,291.3 1 0
github.com/keshablive/quester/internal/services/assessment_service.go:294.2,294.30 1 0
github.com/keshablive/quester/internal/services/assessment_service.go:294.30,296.3 1 0
github.com/keshablive/quester/internal/services/assessment_service.go:299.2,300.16 2 0
github.com/keshablive/quester/internal/services/assessment_service.go:300.16,302.3 1 0
github.com/keshablive/quester/internal/services/assessment_service.go:304.2,316.70 4 0
github.com/keshablive/quester/internal/services/assessment_service.go:316.70,318.3 1 0
github.com/keshablive/quester/internal/services/assessment_service.go:320.2,320.24 1 0
github.com/keshablive/quester/internal/services/assessment_service.go:324.153,330.16 3 0
github.com/keshablive/quester/internal/services/assessment_service.go:330.16,331.45 1 0
github.com/keshablive/quester/internal/services/assessment_service.go:331.45,333.4 1 0
github.com/keshablive/quester/internal/services/assessment_service.go:334.3,334.74 1 0
github.com/keshablive/quester/internal/services/assessment_service.go:337.2,337.25 1 0
github.com/keshablive/quester/internal/services/audit_log_service.go:21.81,23.2 1 0
github.com/keshablive/quester/internal/services/audit_log_service.go:51.9,66.12 2 0
github.com/keshablive/quester/internal/services/audit_log_service.go:66.12,72.59 2 0
github.com/keshablive/quester/internal/services/audit_log_service.go:72.59,78.4 2 0
github.com/keshablive/quester/internal/services/audit_log_service.go:82.2,82.12 1 0
github.com/keshablive/quester/internal/services/audit_log_service.go:88.125,90.2 1 0
github.com/keshablive/quester/internal/services/audit_log_service.go:95.129,97.2 1 0
github.com/keshablive/quester/internal/services/audit_log_service.go:102.107,104.2 1 0
github.com/keshablive/quester/internal/services/audit_log_service.go:109.119,113.2 2 0
github.com/keshablive/quester/internal/services/auth_service.go:70.129,76.2 1 0
github.com/keshablive/quester/internal/services/auth_service.go:79.68,81.2 1 0
github.com/keshablive/quester/internal/services/auth_service.go:84.114,86.49 1 0
github.com/keshablive/quester/internal/services/auth_service.go:86.49,88.3 1 0
github.com/keshablive/quester/internal/services/auth_service.go:89.2,89.55 1 0
github.com/keshablive/quester/internal/services/auth_service.go:89.55,91.3 1 0
github.com/keshablive/quester/internal/services/auth_service.go:92.2,92.55 1 0
github.com/keshablive/quester/internal/services/auth_service.go:92.55,94.3 1 0
github.com/keshablive/quester/internal/services/auth_service.go:97.2,98.39 2 0
github.com/keshablive/quester/internal/services/auth_service.go:98.39,100.3 1 0
github.com/keshablive/quester/internal/services/auth_service.go:103.2,104.16 2 0
github.com/keshablive/quester/internal/services/auth_service.go:104.16,106.3 1 0
github.com/keshablive/quester/internal/services/auth_service.go:109.2,121.67 2 0
github.com/keshablive/quester/internal/services/auth_service.go:121.67,123.3 1 0
github.com/keshablive/quester/internal/services/auth_service.go:126.2,126.36 1 0
github.com/keshablive/quester/internal/services/auth_service.go:130.117,131.35 1 0
github.com/keshablive/quester/internal/services/auth_service.go:131.35,133.3 1 0
github.com/keshablive/quester/internal/services/auth_service.go:136.2,137.16 2 0
github.com/keshablive/quester/internal/services/auth_service.go:137.16,139.3 1 0
github.com/keshablive/quester/internal/services/auth_service.go:142.2,142.74 1 0
github.com/keshablive/quester/internal/services/auth_service.go:142.74,144.3 1 0
github.com/keshablive/quester/internal/services/auth_service.go:147.2,148.57 2 0
github.com/keshablive/quester/internal/services/auth_service.go:148.57,150.3 1 0
github.com/keshablive/quester/internal/services/auth_service.go:153.2,153.29 1 0
github.com/keshablive/quester/internal/services/auth_service.go:153.29,154.38 1 0
github.com/keshablive/quester/internal/services/auth_service.go:154.38,156.4 1 0
github.com/keshablive/quester/internal/services/auth_service.go:160.2,160.36 1 0
github.com/keshablive/quester/internal/services/auth_service.go:164.116,165.30 1 0
github.com/keshablive/quester/internal/services/auth_service.go:165.30,167.3 1 0
github.com/keshablive/quester/internal/services/auth_service.go:170.2,172.49 3 0
github.com/keshablive/quester/internal/services/auth_service.go:172.49,174.3 1 0
github.com/keshablive/quester/internal/services/auth_service.go:177.2,178.16 2 0
github.com/keshablive/quester/internal/services/auth_service.go:178.16,180.3 1 0
github.com/keshablive/quester/internal/services/auth_service.go:182.2,182.30 1 0
github.com/keshablive/quester/internal/services/auth_service.go:182.30,184.3 1 0
github.com/keshablive/quester/internal/services/auth_service.go:185.2,185.30 1 0
github.com/keshablive/quester/internal/services/auth_service.go:185.30,187.3 1 0
github.com/keshablive/quester/internal/services/auth_service.go:190.2,191.16 2 0
github.com/keshablive/quester/internal/services/auth_service.go:191.16,193.3 1 0
github.com/keshablive/quester/internal/services/auth_service.go:196.2,197.16 2 0
github.com/keshablive/quester/internal/services/auth_service.go:197.16,199.3 1 0
github.com/keshablive/quester/internal/services/auth_service.go:201.2,204.8 1 0
github.com/keshablive/quester/internal/services/auth_service.go:208.84,209.30 1 0
github.com/keshablive/quester/internal/services/auth_service.go:209.30,211.3 1 0
github.com/keshablive/quester/internal/services/auth_service.go:214.2,214.73 1 0
github.com/keshablive/quester/internal/services/auth_service.go:214.73,216.3 1 0
github.com/keshablive/quester/internal/services/auth_service.go:219.2,223.12 4 0
github.com/keshablive/quester/internal/services/auth_service.go:227.85,228.24 1 0
github.com/keshablive/quester/internal/services/auth_service.go:228.24,230.3 1 0
github.com/keshablive/quester/internal/services/auth_service.go:231.2,231.51 1 0
github.com/keshablive/quester/internal/services/auth_service.go:236.101,238.16 2 0
github.com/keshablive/quester/internal/services/auth_service.go:238.16,240.3 1 0
github.com/keshablive/quester/internal/services/auth_service.go:242.2,243.16 2 0
github.com/keshablive/quester/internal/services/auth_service.go:243.16,245.3 1 0
github.com/keshablive/quester/internal/services/auth_service.go:247.2,254.67 3 0
github.com/keshablive/quester/internal/services/auth_service.go:254.67,256.3 1 0
github.com/keshablive/quester/internal/services/auth_service.go:258.2,262.8 1 0
github.com/keshablive/quester/internal/services/auth_service.go:265.60,267.27 2 0
github.com/keshablive/quester/internal/services/auth_service.go:267.27,269.3 1 0
github.com/keshablive/quester/internal/services/auth_service.go:269.8,270.46 1 0
github.com/keshablive/quester/internal/services/auth_service.go:270.46,272.4 1 0
github.com/keshablive/quester/internal/services/auth_service.go:272.9,274.4 1 0
github.com/keshablive/quester/internal/services/auth_service.go:276.2,276.23 1 0
github.com/keshablive/quester/internal/services/auth_service.go:281.54,283.44 2 0
github.com/keshablive/quester/internal/services/auth_service.go:283.44,285.3 1 0
github.com/keshablive/quester/internal/services/auth_service.go:286.2,286.39 1 0
github.com/keshablive/quester/internal/services/auth_service.go:289.37,292.2 2 0
github.com/keshablive/quester/internal/services/auth_service.go:301.40,302.17 1 0
github.com/keshablive/quester/internal/services/auth_service.go:302.17,304.3 1 0
github.com/keshablive/quester/internal/services/auth_service.go:305.2,306.69 2 0
github.com/keshablive/quester/internal/services/auth_service.go:306.69,308.3 1 0
github.com/keshablive/quester/internal/services/auth_service.go:309.2,309.12 1 0
github.com/keshablive/quester/internal/services/auth_service.go:312.46,313.20 1 0
github.com/keshablive/quester/internal/services/auth_service.go:313.20,315.3 1 0
github.com/keshablive/quester/internal/services/auth_service.go:316.2,317.45 2 0
github.com/keshablive/quester/internal/services/auth_service.go:317.45,319.3 1 0
github.com/keshablive/quester/internal/services/auth_service.go:320.2,320.42 1 0
github.com/keshablive/quester/internal/services/auth_service.go:320.42,322.3 1 0
github.com/keshablive/quester/internal/services/auth_service.go:323.2,323.12 1 0
github.com/keshablive/quester/internal/services/auth_service.go:326.46,327.23 1 0
github.com/keshablive/quester/internal/services/auth_service.go:327.23,329.3 1 0
github.com/keshablive/quester/internal/services/auth_service.go:331.2,331.12 1 0
github.com/keshablive/quester/internal/services/badge_service.go:25.199,32.2 1 0
github.com/keshablive/quester/internal/services/badge_service.go:36.130,40.39 3 0
github.com/keshablive/quester/internal/services/badge_service.go:40.39,43.3 1 0
github.com/keshablive/quester/internal/services/badge_service.go:46.2,47.16 2 0
github.com/keshablive/quester/internal/services/badge_service.go:47.16,49.3 1 0
github.com/keshablive/quester/internal/services/badge_service.go:52.2,52.39 1 0
github.com/keshablive/quester/internal/services/badge_service.go:52.39,53.22 1 0
github.com/keshablive/quester/internal/services/badge_service.go:53.22,55.72 1 0
github.com/keshablive/quester/internal/services/badge_service.go:55.72,58.5 1 0
github.com/keshablive/quester/internal/services/badge_service.go:59.9,61.82 1 0
github.com/keshablive/quester/internal/services/badge_service.go:61.82,63.5 1 0
github.com/keshablive/quester/internal/services/badge_service.go:68.2,68.84 1 0
github.com/keshablive/quester/internal/services/badge_service.go:68.84,71.3 1 0
github.com/keshablive/quester/internal/services/badge_service.go:73.2,73.12 1 0
github.com/keshablive/quester/internal/services/badge_service.go:78.99,81.16 2 0
github.com/keshablive/quester/internal/services/badge_service.go:81.16,83.3 1 0
github.com/keshablive/quester/internal/services/badge_service.go:86.2,94.72 2 0
github.com/keshablive/quester/internal/services/badge_service.go:94.72,96.3 1 0
github.com/keshablive/quester/internal/services/badge_service.go:99.2,103.34 3 0
github.com/keshablive/quester/internal/services/badge_service.go:103.34,104.106 1 0
github.com/keshablive/quester/internal/services/badge_service.go:104.106,107.4 1 0
github.com/keshablive/quester/internal/services/badge_service.go:110.2,110.12 1 0
github.com/keshablive/quester/internal/services/badge_service.go:115.125,118.16 2 0
github.com/keshablive/quester/internal/services/badge_service.go:118.16,120.3 1 0
github.com/keshablive/quester/internal/services/badge_service.go:122.2,122.21 1 0
github.com/keshablive/quester/internal/services/badge_service.go:122.21,124.3 1 0
github.com/keshablive/quester/internal/services/badge_service.go:127.2,136.72 2 0
github.com/keshablive/quester/internal/services/badge_service.go:136.72,138.3 1 0
github.com/keshablive/quester/internal/services/badge_service.go:141.2,141.34 1 0
github.com/keshablive/quester/internal/services/badge_service.go:141.34,143.17 2 0
github.com/keshablive/quester/internal/services/badge_service.go:143.17,147.4 1 0
github.com/keshablive/quester/internal/services/badge_service.go:150.2,150.12 1 0
github.com/keshablive/quester/internal/services/badge_service.go:154.106,157.16 2 0
github.com/keshablive/quester/internal/services/badge_service.go:157.16,159.3 1 0
github.com/keshablive/quester/internal/services/badge_service.go:161.2,161.62 1 0
github.com/keshablive/quester/internal/services/badge_service.go:161.62,163.3 1 0
github.com/keshablive/quester/internal/services/badge_service.go:166.2,168.72 2 0
github.com/keshablive/quester/internal/services/badge_service.go:168.72,170.3 1 0
github.com/keshablive/quester/internal/services/badge_service.go:173.2,177.34 3 0
github.com/keshablive/quester/internal/services/badge_service.go:177.34,179.17 2 0
github.com/keshablive/quester/internal/services/badge_service.go:179.17,180.127 1 0
github.com/keshablive/quester/internal/services/badge_service.go:180.127,182.5 1 0
github.com/keshablive/quester/internal/services/badge_service.go:186.2,186.12 1 0
github.com/keshablive/quester/internal/services/badge_service.go:190.120,192.16 2 0
github.com/keshablive/quester/internal/services/badge_service.go:192.16,194.3 1 0
github.com/keshablive/quester/internal/services/badge_service.go:196.2,196.62 1 0
github.com/keshablive/quester/internal/services/badge_service.go:196.62,198.3 1 0
github.com/keshablive/quester/internal/services/badge_service.go:200.2,202.72 2 0
github.com/keshablive/quester/internal/services/badge_service.go:202.72,204.3 1 0
github.com/keshablive/quester/internal/services/badge_service.go:207.2,207.34 1 0
github.com/keshablive/quester/internal/services/badge_service.go:207.34,209.17 2 0
github.com/keshablive/quester/internal/services/badge_service.go:209.17,217.18 1 0
github.com/keshablive/quester/internal/services/badge_service.go:217.18,219.5 1 0
github.com/keshablive/quester/internal/services/badge_service.go:223.2,223.12 1 0
github.com/keshablive/quester/internal/services/badge_service.go:227.120,229.16 2 0
github.com/keshablive/quester/internal/services/badge_service.go:229.16,231.3 1 0
github.com/keshablive/quester/internal/services/badge_service.go:233.2,233.63 1 0
github.com/keshablive/quester/internal/services/badge_service.go:233.63,235.3 1 0
github.com/keshablive/quester/internal/services/badge_service.go:237.2,239.72 2 0
github.com/keshablive/quester/internal/services/badge_service.go:239.72,241.3 1 0
github.com/keshablive/quester/internal/services/badge_service.go:244.2,247.12 3 0
github.com/keshablive/quester/internal/services/badge_service.go:251.141,253.2 1 0
github.com/keshablive/quester/internal/services/badge_service.go:256.136,258.2 1 0
github.com/keshablive/quester/internal/services/bandwidth_estimator.go:38.70,39.17 1 0
github.com/keshablive/quester/internal/services/bandwidth_estimator.go:39.17,41.3 1 0
github.com/keshablive/quester/internal/services/bandwidth_estimator.go:43.2,46.3 1 0
github.com/keshablive/quester/internal/services/bandwidth_estimator.go:50.128,67.2 5 0
github.com/keshablive/quester/internal/services/bandwidth_estimator.go:70.51,74.36 3 0
github.com/keshablive/quester/internal/services/bandwidth_estimator.go:74.36,75.37 1 0
github.com/keshablive/quester/internal/services/bandwidth_estimator.go:75.37,77.4 1 0
github.com/keshablive/quester/internal/services/bandwidth_estimator.go:80.2,80.27 1 0
github.com/keshablive/quester/internal/services/bandwidth_estimator.go:84.63,92.26 4 0
github.com/keshablive/quester/internal/services/bandwidth_estimator.go:92.26,98.3 4 0
github.com/keshablive/quester/internal/services/bandwidth_estimator.go:101.2,105.36 4 0
github.com/keshablive/quester/internal/services/bandwidth_estimator.go:105.36,106.31 1 0
github.com/keshablive/quester/internal/services/bandwidth_estimator.go:106.31,107.12 1 0
github.com/keshablive/quester/internal/services/bandwidth_estimator.go:111.3,115.19 3 0
github.com/keshablive/quester/internal/services/bandwidth_estimator.go:115.19,117.4 1 0
github.com/keshablive/quester/internal/services/bandwidth_estimator.go:118.3,118.19 1 0
github.com/keshablive/quester/internal/services/bandwidth_estimator.go:118.19,120.4 1 0
github.com/keshablive/quester/internal/services/bandwidth_estimator.go:123.2,138.17 9 0
github.com/keshablive/quester/internal/services/bandwidth_estimator.go:142.64,143.26 1 0
github.com/keshablive/quester/internal/services/bandwidth_estimator.go:143.26,145.3 1 0
github.com/keshablive/quester/internal/services/bandwidth_estimator.go:147.2,152.36 4 0
github.com/keshablive/quester/internal/services/bandwidth_estimator.go:152.36,153.31 1 0
github.com/keshablive/quester/internal/services/bandwidth_estimator.go:153.31,154.12 1 0
github.com/keshablive/quester/internal/services/bandwidth_estimator.go:158.3,171.22 7 0
github.com/keshablive/quester/internal/services/bandwidth_estimator.go:174.2,174.20 1 0
github.com/keshablive/quester/internal/services/bandwidth_estimator.go:174.20,176.3 1 0
github.com/keshablive/quester/internal/services/bandwidth_estimator.go:178.2,178.39 1 0
github.com/keshablive/quester/internal/services/bandwidth_estimator.go:182.61,185.22 2 0
github.com/keshablive/quester/internal/services/bandwidth_estimator.go:185.22,187.3 1 0
github.com/keshablive/quester/internal/services/bandwidth_estimator.go:190.2,191.28 2 0
github.com/keshablive/quester/internal/services/bandwidth_estimator.go:191.28,193.3 1 0
github.com/keshablive/quester/internal/services/bandwidth_estimator.go:196.2,196.21 1 0
github.com/keshablive/quester/internal/services/bandwidth_estimator.go:196.21,198.37 2 0
github.com/keshablive/quester/internal/services/bandwidth_estimator.go:198.37,199.32 1 0
github.com/keshablive/quester/internal/services/bandwidth_estimator.go:199.32,200.13 1 0
github.com/keshablive/quester/internal/services/bandwidth_estimator.go:202.4,203.34 2 0
github.com/keshablive/quester/internal/services/bandwidth_estimator.go:207.3,210.15 3 0
github.com/keshablive/quester/internal/services/bandwidth_estimator.go:210.15,215.16 2 0
github.com/keshablive/quester/internal/services/bandwidth_estimator.go:215.16,218.31 3 0
github.com/keshablive/quester/internal/services/bandwidth_estimator.go:218.31,220.6 1 0
github.com/keshablive/quester/internal/services/bandwidth_estimator.go:225.2,225.25 1 0
github.com/keshablive/quester/internal/services/bandwidth_estimator.go:230.75,241.26 3 0
github.com/keshablive/quester/internal/services/bandwidth_estimator.go:241.26,243.3 1 0
github.com/keshablive/quester/internal/services/bandwidth_estimator.go:243.8,243.33 1 0
github.com/keshablive/quester/internal/services/bandwidth_estimator.go:243.33,245.3 1 0
github.com/keshablive/quester/internal/services/bandwidth_estimator.go:245.8,245.33 1 0
github.com/keshablive/quester/internal/services/bandwidth_estimator.go:245.33,247.3 1 0
github.com/keshablive/quester/internal/services/bandwidth_estimator.go:247.8,249.3 1 0
github.com/keshablive/quester/internal/services/bandwidth_estimator.go:253.62,256.2 2 0
github.com/keshablive/quester/internal/services/bandwidth_estimator.go:259.39,264.2 3 0
github.com/keshablive/quester/internal/services/bandwidth_estimator.go:267.52,272.2 3 0
github.com/keshablive/quester/internal/services/bandwidth_estimator.go:276.42,277.22 1 0
github.com/keshablive/quester/internal/services/bandwidth_estimator.go:277.22,279.3 1 0
github.com/keshablive/quester/internal/services/bandwidth_estimator.go:281.2,282.27 2 0
github.com/keshablive/quester/internal/services/bandwidth_estimator.go:282.27,284.3 1 0
github.com/keshablive/quester/internal/services/bandwidth_estimator.go:286.2,286.33 1 0
github.com/keshablive/quester/internal/services/bandwidth_estimator.go:289.48,290.21 1 0
github.com/keshablive/quester/internal/services/bandwidth_estimator.go:290.21,292.3 1 0
github.com/keshablive/quester/internal/services/bandwidth_estimator.go:294.2,297.27 3 0
github.com/keshablive/quester/internal/services/bandwidth_estimator.go:297.27,300.3 2 0
github.com/keshablive/quester/internal/services/bandwidth_estimator.go:302.2,302.42 1 0
github.com/keshablive/quester/internal/services/blacklist_service.go:24.71,30.2 1 0
github.com/keshablive/quester/internal/services/blacklist_service.go:37.86,38.21 1 0
github.com/keshablive/quester/internal/services/blacklist_service.go:38.21,40.3 1 0
github.com/keshablive/quester/internal/services/blacklist_service.go:43.2,48.55 4 0
github.com/keshablive/quester/internal/services/blacklist_service.go:48.55,49.18 1 0
github.com/keshablive/quester/internal/services/blacklist_service.go:49.18,58.4 3 0
github.com/keshablive/quester/internal/services/blacklist_service.go:61.3,62.17 2 0
github.com/keshablive/quester/internal/services/blacklist_service.go:62.17,64.19 1 0
github.com/keshablive/quester/internal/services/blacklist_service.go:64.19,67.5 1 0
github.com/keshablive/quester/internal/services/blacklist_service.go:68.4,68.14 1 0
github.com/keshablive/quester/internal/services/blacklist_service.go:71.3,75.35 2 0
github.com/keshablive/quester/internal/services/blacklist_service.go:79.2,80.25 1 0
github.com/keshablive/quester/internal/services/blacklist_service.go:87.65,88.21 1 0
github.com/keshablive/quester/internal/services/blacklist_service.go:88.21,90.3 1 0
github.com/keshablive/quester/internal/services/blacklist_service.go:93.2,98.55 4 0
github.com/keshablive/quester/internal/services/blacklist_service.go:98.55,99.18 1 0
github.com/keshablive/quester/internal/services/blacklist_service.go:99.18,103.4 2 0
github.com/keshablive/quester/internal/services/blacklist_service.go:105.3,106.17 2 0
github.com/keshablive/quester/internal/services/blacklist_service.go:106.17,109.4 1 0
github.com/keshablive/quester/internal/services/blacklist_service.go:111.3,111.16 1 0
github.com/keshablive/quester/internal/services/blacklist_service.go:115.2,121.14 2 0
github.com/keshablive/quester/internal/services/blacklist_service.go:127.64,135.2 2 0
github.com/keshablive/quester/internal/services/blacklist_service.go:139.72,140.21 1 0
github.com/keshablive/quester/internal/services/blacklist_service.go:140.21,142.3 1 0
github.com/keshablive/quester/internal/services/blacklist_service.go:144.2,147.36 3 0
github.com/keshablive/quester/internal/services/blacklist_service.go:151.24,152.11 1 0
github.com/keshablive/quester/internal/services/blacklist_service.go:152.11,154.3 1 0
github.com/keshablive/quester/internal/services/blacklist_service.go:155.2,155.10 1 0
github.com/keshablive/quester/internal/services/certificate_generator.go:23.107,29.2 1 0
github.com/keshablive/quester/internal/services/certificate_generator.go:32.92,35.16 2 0
github.com/keshablive/quester/internal/services/certificate_generator.go:35.16,37.3 1 0
github.com/keshablive/quester/internal/services/certificate_generator.go:40.2,68.71 13 0
github.com/keshablive/quester/internal/services/certificate_generator.go:68.71,71.3 1 0
github.com/keshablive/quester/internal/services/certificate_generator.go:74.2,78.41 3 0
github.com/keshablive/quester/internal/services/certificate_generator.go:78.41,80.3 1 0
github.com/keshablive/quester/internal/services/certificate_generator.go:82.2,82.18 1 0
github.com/keshablive/quester/internal/services/certificate_generator.go:86.60,96.2 6 0
github.com/keshablive/quester/internal/services/certificate_generator.go:99.60,104.2 4 0
github.com/keshablive/quester/internal/services/certificate_generator.go:107.59,112.2 4 0
github.com/keshablive/quester/internal/services/certificate_generator.go:115.80,130.2 11 0
github.com/keshablive/quester/internal/services/certificate_generator.go:133.100,150.2 13 0
github.com/keshablive/quester/internal/services/certificate_generator.go:153.99,161.2 5 0
github.com/keshablive/quester/internal/services/certificate_generator.go:164.83,174.2 8 0
github.com/keshablive/quester/internal/services/certificate_generator.go:177.79,183.16 3 0
github.com/keshablive/quester/internal/services/certificate_generator.go:183.16,185.3 1 0
github.com/keshablive/quester/internal/services/certificate_generator.go:188.2,189.16 2 0
github.com/keshablive/quester/internal/services/certificate_generator.go:189.16,191.3 1 0
github.com/keshablive/quester/internal/services/certificate_generator.go:194.2,198.22 3 0
github.com/keshablive/quester/internal/services/certificate_generator.go:198.22,200.3 1 0
github.com/keshablive/quester/internal/services/certificate_generator.go:203.2,208.12 5 0
github.com/keshablive/quester/internal/services/certificate_generator.go:212.84,218.2 5 0
github.com/keshablive/quester/internal/services/certificate_generator.go:221.90,223.16 2 0
github.com/keshablive/quester/internal/services/certificate_generator.go:223.16,225.3 1 0
github.com/keshablive/quester/internal/services/certificate_generator.go:226.2,226.25 1 0
github.com/keshablive/quester/internal/services/certificate_generator.go:230.115,233.36 2 0
github.com/keshablive/quester/internal/services/certificate_generator.go:233.36,235.17 2 0
github.com/keshablive/quester/internal/services/certificate_generator.go:235.17,238.12 2 0
github.com/keshablive/quester/internal/services/certificate_generator.go:240.3,240.20 1 0
github.com/keshablive/quester/internal/services/certificate_generator.go:243.2,243.23 1 0
github.com/keshablive/quester/internal/services/certificate_generator.go:243.23,245.3 1 0
github.com/keshablive/quester/internal/services/certificate_generator.go:247.2,247.21 1 0
github.com/keshablive/quester/internal/services/certificate_service.go:30.61,33.27 2 0
github.com/keshablive/quester/internal/services/certificate_service.go:33.27,35.3 1 0
github.com/keshablive/quester/internal/services/certificate_service.go:37.2,38.28 2 0
github.com/keshablive/quester/internal/services/certificate_service.go:38.28,40.3 1 0
github.com/keshablive/quester/internal/services/certificate_service.go:42.2,47.20 4 0
github.com/keshablive/quester/internal/services/certificate_service.go:47.20,49.3 1 0
github.com/keshablive/quester/internal/services/certificate_service.go:51.2,52.18 2 0
github.com/keshablive/quester/internal/services/certificate_service.go:52.18,54.3 1 0
github.com/keshablive/quester/internal/services/certificate_service.go:56.2,62.3 1 0
github.com/keshablive/quester/internal/services/certificate_service.go:66.38,69.20 3 0
github.com/keshablive/quester/internal/services/certificate_service.go:69.20,71.3 1 0
github.com/keshablive/quester/internal/services/certificate_service.go:73.2,77.40 3 0
github.com/keshablive/quester/internal/services/certificate_service.go:77.40,80.3 2 0
github.com/keshablive/quester/internal/services/certificate_service.go:83.2,84.22 2 0
github.com/keshablive/quester/internal/services/certificate_service.go:84.22,85.93 1 0
github.com/keshablive/quester/internal/services/certificate_service.go:85.93,90.4 1 0
github.com/keshablive/quester/internal/services/certificate_service.go:94.2,103.16 2 0
github.com/keshablive/quester/internal/services/certificate_service.go:103.16,107.3 2 0
github.com/keshablive/quester/internal/services/certificate_service.go:109.2,109.54 1 0
github.com/keshablive/quester/internal/services/certificate_service.go:109.54,111.3 1 0
github.com/keshablive/quester/internal/services/certificate_service.go:113.2,113.15 1 0
github.com/keshablive/quester/internal/services/certificate_service.go:148.94,151.66 2 0
github.com/keshablive/quester/internal/services/certificate_service.go:151.66,153.3 1 0
github.com/keshablive/quester/internal/services/certificate_service.go:154.2,154.25 1 0
github.com/keshablive/quester/internal/services/certificate_service.go:154.25,156.3 1 0
github.com/keshablive/quester/internal/services/certificate_service.go:159.2,160.16 2 0
github.com/keshablive/quester/internal/services/certificate_service.go:160.16,161.45 1 0
github.com/keshablive/quester/internal/services/certificate_service.go:161.45,163.4 1 0
github.com/keshablive/quester/internal/services/certificate_service.go:164.3,164.64 1 0
github.com/keshablive/quester/internal/services/certificate_service.go:168.2,168.31 1 0
github.com/keshablive/quester/internal/services/certificate_service.go:168.31,170.3 1 0
github.com/keshablive/quester/internal/services/certificate_service.go:173.2,173.34 1 0
github.com/keshablive/quester/internal/services/certificate_service.go:173.34,175.3 1 0
github.com/keshablive/quester/internal/services/certificate_service.go:178.2,179.16 2 0
github.com/keshablive/quester/internal/services/certificate_service.go:179.16,181.3 1 0
github.com/keshablive/quester/internal/services/certificate_service.go:184.2,185.16 2 0
github.com/keshablive/quester/internal/services/certificate_service.go:185.16,189.3 1 0
github.com/keshablive/quester/internal/services/certificate_service.go:189.8,191.83 1 0
github.com/keshablive/quester/internal/services/certificate_service.go:191.83,193.4 1 0
github.com/keshablive/quester/internal/services/certificate_service.go:194.3,194.38 1 0
github.com/keshablive/quester/internal/services/certificate_service.go:197.2,197.25 1 0
github.com/keshablive/quester/internal/services/certificate_service.go:201.83,204.16 2 0
github.com/keshablive/quester/internal/services/certificate_service.go:204.16,206.3 1 0
github.com/keshablive/quester/internal/services/certificate_service.go:209.2,210.16 2 0
github.com/keshablive/quester/internal/services/certificate_service.go:210.16,212.3 1 0
github.com/keshablive/quester/internal/services/certificate_service.go:214.2,214.19 1 0
github.com/keshablive/quester/internal/services/certificate_service.go:218.107,219.23 1 0
github.com/keshablive/quester/internal/services/certificate_service.go:219.23,222.3 1 0
github.com/keshablive/quester/internal/services/certificate_service.go:225.2,235.16 4 0
github.com/keshablive/quester/internal/services/certificate_service.go:235.16,237.3 1 0
github.com/keshablive/quester/internal/services/certificate_service.go:242.2,243.22 2 0
github.com/keshablive/quester/internal/services/certificate_service.go:243.22,246.3 1 0
github.com/keshablive/quester/internal/services/certificate_service.go:249.2,250.20 2 0
github.com/keshablive/quester/internal/services/certificate_service.go:250.20,252.3 1 0
github.com/keshablive/quester/internal/services/certificate_service.go:253.2,253.94 1 0
github.com/keshablive/quester/internal/services/certificate_service.go:256.87,257.23 1 0
github.com/keshablive/quester/internal/services/certificate_service.go:257.23,259.3 1 0
github.com/keshablive/quester/internal/services/certificate_service.go:262.2,263.63 2 0
github.com/keshablive/quester/internal/services/certificate_service.go:263.63,264.45 1 0
github.com/keshablive/quester/internal/services/certificate_service.go:264.45,266.4 1 0
github.com/keshablive/quester/internal/services/certificate_service.go:267.3,267.64 1 0
github.com/keshablive/quester/internal/services/certificate_service.go:271.2,280.35 3 0
github.com/keshablive/quester/internal/services/certificate_service.go:280.35,282.3 1 0
github.com/keshablive/quester/internal/services/certificate_service.go:283.2,283.16 1 0
github.com/keshablive/quester/internal/services/certificate_service.go:283.16,285.3 1 0
github.com/keshablive/quester/internal/services/certificate_service.go:288.2,288.31 1 0
github.com/keshablive/quester/internal/services/certificate_service.go:288.31,290.93 1 0
github.com/keshablive/quester/internal/services/certificate_service.go:290.93,292.4 1 0
github.com/keshablive/quester/internal/services/certificate_service.go:295.2,295.31 1 0
github.com/keshablive/quester/internal/services/certificate_service.go:299.100,302.16 2 0
github.com/keshablive/quester/internal/services/certificate_service.go:302.16,303.45 1 0
github.com/keshablive/quester/internal/services/certificate_service.go:303.45,305.4 1 0
github.com/keshablive/quester/internal/services/certificate_service.go:306.3,306.65 1 0
github.com/keshablive/quester/internal/services/certificate_service.go:311.2,312.30 2 0
github.com/keshablive/quester/internal/services/certificate_service.go:312.30,314.3 1 0
github.com/keshablive/quester/internal/services/certificate_service.go:315.2,316.29 2 0
github.com/keshablive/quester/internal/services/certificate_service.go:316.29,318.3 1 0
github.com/keshablive/quester/internal/services/certificate_service.go:320.2,334.22 2 0
github.com/keshablive/quester/internal/services/certificate_service.go:338.106,341.16 2 0
github.com/keshablive/quester/internal/services/certificate_service.go:341.16,343.3 1 0
github.com/keshablive/quester/internal/services/certificate_service.go:346.2,347.36 2 0
github.com/keshablive/quester/internal/services/certificate_service.go:347.36,350.17 2 0
github.com/keshablive/quester/internal/services/certificate_service.go:350.17,351.12 1 0
github.com/keshablive/quester/internal/services/certificate_service.go:355.3,356.38 2 0
github.com/keshablive/quester/internal/services/certificate_service.go:356.38,358.4 1 0
github.com/keshablive/quester/internal/services/certificate_service.go:359.3,360.37 2 0
github.com/keshablive/quester/internal/services/certificate_service.go:360.37,362.4 1 0
github.com/keshablive/quester/internal/services/certificate_service.go:364.3,378.42 2 0
github.com/keshablive/quester/internal/services/certificate_service.go:381.2,381.23 1 0
github.com/keshablive/quester/internal/services/certificate_service.go:385.98,388.16 2 0
github.com/keshablive/quester/internal/services/certificate_service.go:388.16,389.45 1 0
github.com/keshablive/quester/internal/services/certificate_service.go:389.45,394.4 1 0
github.com/keshablive/quester/internal/services/certificate_service.go:395.3,395.66 1 0
github.com/keshablive/quester/internal/services/certificate_service.go:399.2,406.37 2 0
github.com/keshablive/quester/internal/services/certificate_service.go:406.37,409.3 2 0
github.com/keshablive/quester/internal/services/certificate_service.go:411.2,411.27 1 0
github.com/keshablive/quester/internal/services/certificate_service.go:411.27,413.3 1 0
github.com/keshablive/quester/internal/services/certificate_service.go:413.8,415.3 1 0
github.com/keshablive/quester/internal/services/certificate_service.go:417.2,417.22 1 0
github.com/keshablive/quester/internal/services/certificate_service.go:421.126,424.16 2 0
github.com/keshablive/quester/internal/services/certificate_service.go:424.16,425.45 1 0
github.com/keshablive/quester/internal/services/certificate_service.go:425.45,427.4 1 0
github.com/keshablive/quester/internal/services/certificate_service.go:428.3,428.65 1 0
github.com/keshablive/quester/internal/services/certificate_service.go:432.2,433.16 2 0
github.com/keshablive/quester/internal/services/certificate_service.go:433.16,435.3 1 0
github.com/keshablive/quester/internal/services/certificate_service.go:438.2,452.22 2 0
github.com/keshablive/quester/internal/services/certificate_service.go:456.75,459.70 2 0
github.com/keshablive/quester/internal/services/certificate_service.go:459.70,460.45 1 0
github.com/keshablive/quester/internal/services/certificate_service.go:460.45,462.4 1 0
github.com/keshablive/quester/internal/services/certificate_service.go:463.3,463.60 1 0
github.com/keshablive/quester/internal/services/certificate_service.go:467.2,468.16 2 0
github.com/keshablive/quester/internal/services/certificate_service.go:468.16,470.3 1 0
github.com/keshablive/quester/internal/services/certificate_service.go:473.2,473.81 1 0
github.com/keshablive/quester/internal/services/certificate_service.go:473.81,475.3 1 0
github.com/keshablive/quester/internal/services/certificate_service.go:477.2,477.12 1 0
github.com/keshablive/quester/internal/services/certificate_service.go:481.102,487.16 3 0
github.com/keshablive/quester/internal/services/certificate_service.go:487.16,489.3 1 0
github.com/keshablive/quester/internal/services/certificate_service.go:490.2,494.26 3 0
github.com/keshablive/quester/internal/services/certificate_service.go:494.26,496.3 1 0
github.com/keshablive/quester/internal/services/certificate_service.go:499.2,500.41 2 0
github.com/keshablive/quester/internal/services/certificate_service.go:500.41,501.31 1 0
github.com/keshablive/quester/internal/services/certificate_service.go:501.31,503.4 1 0
github.com/keshablive/quester/internal/services/certificate_service.go:507.2,508.30 2 0
github.com/keshablive/quester/internal/services/certificate_service.go:508.30,510.3 1 0
github.com/keshablive/quester/internal/services/certificate_service.go:512.2,518.8 1 0
github.com/keshablive/quester/internal/services/certificate_service.go:523.96,526.2 1 0
github.com/keshablive/quester/internal/services/classified_ad_service.go:44.63,48.2 1 0
github.com/keshablive/quester/internal/services/classified_ad_service.go:51.92,53.56 1 0
github.com/keshablive/quester/internal/services/classified_ad_service.go:53.56,55.3 1 0
github.com/keshablive/quester/internal/services/classified_ad_service.go:57.2,57.20 1 0
github.com/keshablive/quester/internal/services/classified_ad_service.go:57.20,59.3 1 0
github.com/keshablive/quester/internal/services/classified_ad_service.go:61.2,61.21 1 0
github.com/keshablive/quester/internal/services/classified_ad_service.go:61.21,63.3 1 0
github.com/keshablive/quester/internal/services/classified_ad_service.go:65.2,65.28 1 0
github.com/keshablive/quester/internal/services/classified_ad_service.go:65.28,67.3 1 0
github.com/keshablive/quester/internal/services/classified_ad_service.go:70.2,70.21 1 0
github.com/keshablive/quester/internal/services/classified_ad_service.go:70.21,72.3 1 0
github.com/keshablive/quester/internal/services/classified_ad_service.go:74.2,74.42 1 0
github.com/keshablive/quester/internal/services/classified_ad_service.go:74.42,76.3 1 0
github.com/keshablive/quester/internal/services/classified_ad_service.go:79.2,79.63 1 0
github.com/keshablive/quester/internal/services/classified_ad_service.go:79.63,81.3 1 0
github.com/keshablive/quester/internal/services/classified_ad_service.go:83.2,84.12 2 0
github.com/keshablive/quester/internal/services/classified_ad_service.go:88.114,95.16 3 0
github.com/keshablive/quester/internal/services/classified_ad_service.go:95.16,96.36 1 0
github.com/keshablive/quester/internal/services/classified_ad_service.go:96.36,98.4 1 0
github.com/keshablive/quester/internal/services/classified_ad_service.go:99.3,99.65 1 0
github.com/keshablive/quester/internal/services/classified_ad_service.go:103.2,103.12 1 0
github.com/keshablive/quester/internal/services/classified_ad_service.go:103.12,105.3 1 0
github.com/keshablive/quester/internal/services/classified_ad_service.go:107.2,107.17 1 0
github.com/keshablive/quester/internal/services/classified_ad_service.go:111.125,117.25 2 0
github.com/keshablive/quester/internal/services/classified_ad_service.go:117.25,119.3 1 0
github.com/keshablive/quester/internal/services/classified_ad_service.go:121.2,121.30 1 0
github.com/keshablive/quester/internal/services/classified_ad_service.go:121.30,123.3 1 0
github.com/keshablive/quester/internal/services/classified_ad_service.go:125.2,125.12 1 0
github.com/keshablive/quester/internal/services/classified_ad_service.go:129.93,134.25 2 0
github.com/keshablive/quester/internal/services/classified_ad_service.go:134.25,136.3 1 0
github.com/keshablive/quester/internal/services/classified_ad_service.go:138.2,138.30 1 0
github.com/keshablive/quester/internal/services/classified_ad_service.go:138.30,140.3 1 0
github.com/keshablive/quester/internal/services/classified_ad_service.go:142.2,142.12 1 0
github.com/keshablive/quester/internal/services/classified_ad_service.go:146.138,153.25 2 0
github.com/keshablive/quester/internal/services/classified_ad_service.go:153.25,155.3 1 0
github.com/keshablive/quester/internal/services/classified_ad_service.go:155.8,157.3 1 0
github.com/keshablive/quester/internal/services/classified_ad_service.go:160.2,160.78 1 0
github.com/keshablive/quester/internal/services/classified_ad_service.go:160.78,167.3 2 0
github.com/keshablive/quester/internal/services/classified_ad_service.go:170.2,170.25 1 0
github.com/keshablive/quester/internal/services/classified_ad_service.go:170.25,172.3 1 0
github.com/keshablive/quester/internal/services/classified_ad_service.go:174.2,174.28 1 0
github.com/keshablive/quester/internal/services/classified_ad_service.go:174.28,176.3 1 0
github.com/keshablive/quester/internal/services/classified_ad_service.go:178.2,178.28 1 0
github.com/keshablive/quester/internal/services/classified_ad_service.go:178.28,180.3 1 0
github.com/keshablive/quester/internal/services/classified_ad_service.go:182.2,182.30 1 0
github.com/keshablive/quester/internal/services/classified_ad_service.go:182.30,184.3 1 0
github.com/keshablive/quester/internal/services/classified_ad_service.go:186.2,186.26 1 0
github.com/keshablive/quester/internal/services/classified_ad_service.go:186.26,188.3 1 0
github.com/keshablive/quester/internal/services/classified_ad_service.go:191.2,192.50 2 0
github.com/keshablive/quester/internal/services/classified_ad_service.go:192.50,194.3 1 0
github.com/keshablive/quester/internal/services/classified_ad_service.go:197.2,201.78 3 0
github.com/keshablive/quester/internal/services/classified_ad_service.go:201.78,206.3 2 0
github.com/keshablive/quester/internal/services/classified_ad_service.go:206.8,208.3 1 0
github.com/keshablive/quester/internal/services/classified_ad_service.go:210.2,211.16 2 0
github.com/keshablive/quester/internal/services/classified_ad_service.go:211.16,213.3 1 0
github.com/keshablive/quester/internal/services/classified_ad_service.go:216.2,217.25 2 0
github.com/keshablive/quester/internal/services/classified_ad_service.go:217.25,222.74 2 0
github.com/keshablive/quester/internal/services/classified_ad_service.go:222.74,229.4 3 0
github.com/keshablive/quester/internal/services/classified_ad_service.go:231.3,231.22 1 0
github.com/keshablive/quester/internal/services/classified_ad_service.go:234.2,234.28 1 0
github.com/keshablive/quester/internal/services/classified_ad_service.go:238.84,240.69 2 0
github.com/keshablive/quester/internal/services/classified_ad_service.go:240.69,242.3 1 0
github.com/keshablive/quester/internal/services/classified_ad_service.go:245.2,249.62 4 0
github.com/keshablive/quester/internal/services/classified_ad_service.go:249.62,251.3 1 0
github.com/keshablive/quester/internal/services/classified_ad_service.go:253.2,254.12 2 0
github.com/keshablive/quester/internal/services/classified_ad_service.go:258.92,262.32 2 0
github.com/keshablive/quester/internal/services/classified_ad_service.go:262.32,264.3 1 0
github.com/keshablive/quester/internal/services/classified_ad_service.go:266.2,266.24 1 0
github.com/keshablive/quester/internal/services/classified_ad_service.go:266.24,268.3 1 0
github.com/keshablive/quester/internal/services/classified_ad_service.go:270.2,272.62 2 0
github.com/keshablive/quester/internal/services/classified_ad_service.go:272.62,274.3 1 0
github.com/keshablive/quester/internal/services/classified_ad_service.go:276.2,277.12 2 0
github.com/keshablive/quester/internal/services/classified_ad_service.go:281.95,285.32 2 0
github.com/keshablive/quester/internal/services/classified_ad_service.go:285.32,287.3 1 0
github.com/keshablive/quester/internal/services/classified_ad_service.go:289.2,291.62 2 0
github.com/keshablive/quester/internal/services/classified_ad_service.go:291.62,293.3 1 0
github.com/keshablive/quester/internal/services/classified_ad_service.go:295.2,296.12 2 0
github.com/keshablive/quester/internal/services/classified_ad_service.go:300.83,304.2 1 0
github.com/keshablive/quester/internal/services/classified_ad_service.go:307.93,313.2 1 0
github.com/keshablive/quester/internal/services/classified_ad_service.go:316.97,322.2 1 0
github.com/keshablive/quester/internal/services/classified_ad_service.go:325.118,333.16 3 0
github.com/keshablive/quester/internal/services/classified_ad_service.go:333.16,335.3 1 0
github.com/keshablive/quester/internal/services/classified_ad_service.go:337.2,337.17 1 0
github.com/keshablive/quester/internal/services/classified_ad_service.go:341.129,349.16 3 0
github.com/keshablive/quester/internal/services/classified_ad_service.go:349.16,351.3 1 0
github.com/keshablive/quester/internal/services/classified_ad_service.go:353.2,353.17 1 0
github.com/keshablive/quester/internal/services/classified_ad_service.go:357.115,426.37 15 0
github.com/keshablive/quester/internal/services/classified_ad_service.go:426.37,428.3 1 0
github.com/keshablive/quester/internal/services/classified_ad_service.go:430.2,438.8 1 0
github.com/keshablive/quester/internal/services/classified_ad_service.go:442.128,452.16 3 0
github.com/keshablive/quester/internal/services/classified_ad_service.go:452.16,454.3 1 0
github.com/keshablive/quester/internal/services/classified_ad_service.go:456.2,456.17 1 0
github.com/keshablive/quester/internal/services/classified_ad_service.go:460.129,470.16 3 0
github.com/keshablive/quester/internal/services/classified_ad_service.go:470.16,472.3 1 0
github.com/keshablive/quester/internal/services/classified_ad_service.go:474.2,474.17 1 0
github.com/keshablive/quester/internal/services/course_service.go:17.51,19.2 1 0
github.com/keshablive/quester/internal/services/course_service.go:32.82,35.82 2 0
github.com/keshablive/quester/internal/services/course_service.go:35.82,36.45 1 0
github.com/keshablive/quester/internal/services/course_service.go:36.45,38.4 1 0
github.com/keshablive/quester/internal/services/course_service.go:39.3,39.18 1 0
github.com/keshablive/quester/internal/services/course_service.go:42.2,42.46 1 0
github.com/keshablive/quester/internal/services/course_service.go:42.46,44.3 1 0
github.com/keshablive/quester/internal/services/course_service.go:47.2,48.16 2 0
github.com/keshablive/quester/internal/services/course_service.go:48.16,50.3 1 0
github.com/keshablive/quester/internal/services/course_service.go:53.2,63.50 2 0
github.com/keshablive/quester/internal/services/course_service.go:63.50,65.3 1 0
github.com/keshablive/quester/internal/services/course_service.go:67.2,67.20 1 0
github.com/keshablive/quester/internal/services/course_service.go:71.77,77.16 3 0
github.com/keshablive/quester/internal/services/course_service.go:77.16,78.45 1 0
github.com/keshablive/quester/internal/services/course_service.go:78.45,80.4 1 0
github.com/keshablive/quester/internal/services/course_service.go:81.3,81.18 1 0
github.com/keshablive/quester/internal/services/course_service.go:84.2,84.21 1 0
github.com/keshablive/quester/internal/services/course_service.go:88.84,91.49 2 0
github.com/keshablive/quester/internal/services/course_service.go:91.49,93.4 1 0
github.com/keshablive/quester/internal/services/course_service.go:96.2,96.16 1 0
github.com/keshablive/quester/internal/services/course_service.go:96.16,97.45 1 0
github.com/keshablive/quester/internal/services/course_service.go:97.45,99.4 1 0
github.com/keshablive/quester/internal/services/course_service.go:100.3,100.18 1 0
github.com/keshablive/quester/internal/services/course_service.go:103.2,103.21 1 0
github.com/keshablive/quester/internal/services/course_service.go:107.91,109.2 1 0
github.com/keshablive/quester/internal/services/course_service.go:121.94,125.24 2 0
github.com/keshablive/quester/internal/services/course_service.go:125.24,127.17 2 0
github.com/keshablive/quester/internal/services/course_service.go:127.17,129.4 1 0
github.com/keshablive/quester/internal/services/course_service.go:130.3,130.49 1 0
github.com/keshablive/quester/internal/services/course_service.go:134.2,134.26 1 0
github.com/keshablive/quester/internal/services/course_service.go:134.26,136.3 1 0
github.com/keshablive/quester/internal/services/course_service.go:139.2,139.26 1 0
github.com/keshablive/quester/internal/services/course_service.go:139.26,141.3 1 0
github.com/keshablive/quester/internal/services/course_service.go:144.2,145.50 2 0
github.com/keshablive/quester/internal/services/course_service.go:145.50,147.3 1 0
github.com/keshablive/quester/internal/services/course_service.go:150.2,150.18 1 0
github.com/keshablive/quester/internal/services/course_service.go:150.18,152.3 1 0
github.com/keshablive/quester/internal/services/course_service.go:153.2,153.38 1 0
github.com/keshablive/quester/internal/services/course_service.go:153.38,155.3 1 0
github.com/keshablive/quester/internal/services/course_service.go:156.2,165.16 4 0
github.com/keshablive/quester/internal/services/course_service.go:165.16,167.3 1 0
github.com/keshablive/quester/internal/services/course_service.go:169.2,169.28 1 0
github.com/keshablive/quester/internal/services/course_service.go:182.102,184.16 2 0
github.com/keshablive/quester/internal/services/course_service.go:184.16,186.3 1 0
github.com/keshablive/quester/internal/services/course_service.go:189.2,189.22 1 0
github.com/keshablive/quester/internal/services/course_service.go:189.22,191.3 1 0
github.com/keshablive/quester/internal/services/course_service.go:192.2,192.28 1 0
github.com/keshablive/quester/internal/services/course_service.go:192.28,194.3 1 0
github.com/keshablive/quester/internal/services/course_service.go:195.2,195.27 1 0
github.com/keshablive/quester/internal/services/course_service.go:195.27,197.3 1 0
github.com/keshablive/quester/internal/services/course_service.go:198.2,198.22 1 0
github.com/keshablive/quester/internal/services/course_service.go:198.22,200.3 1 0
github.com/keshablive/quester/internal/services/course_service.go:201.2,201.26 1 0
github.com/keshablive/quester/internal/services/course_service.go:201.26,203.3 1 0
github.com/keshablive/quester/internal/services/course_service.go:205.2,205.48 1 0
github.com/keshablive/quester/internal/services/course_service.go:205.48,207.3 1 0
github.com/keshablive/quester/internal/services/course_service.go:209.2,209.20 1 0
github.com/keshablive/quester/internal/services/course_service.go:213.77,215.16 2 0
github.com/keshablive/quester/internal/services/course_service.go:215.16,217.3 1 0
github.com/keshablive/quester/internal/services/course_service.go:220.2,221.112 2 0
github.com/keshablive/quester/internal/services/course_service.go:221.112,223.3 1 0
github.com/keshablive/quester/internal/services/course_service.go:225.2,225.22 1 0
github.com/keshablive/quester/internal/services/course_service.go:225.22,227.3 1 0
github.com/keshablive/quester/internal/services/course_service.go:230.2,231.48 2 0
github.com/keshablive/quester/internal/services/course_service.go:231.48,233.3 1 0
github.com/keshablive/quester/internal/services/course_service.go:235.2,235.20 1 0
github.com/keshablive/quester/internal/services/course_service.go:239.79,241.16 2 0
github.com/keshablive/quester/internal/services/course_service.go:241.16,243.3 1 0
github.com/keshablive/quester/internal/services/course_service.go:245.2,246.48 2 0
github.com/keshablive/quester/internal/services/course_service.go:246.48,248.3 1 0
github.com/keshablive/quester/internal/services/course_service.go:250.2,250.20 1 0
github.com/keshablive/quester/internal/services/course_service.go:254.58,256.2 1 0
github.com/keshablive/quester/internal/services/course_service.go:259.95,265.16 3 0
github.com/keshablive/quester/internal/services/course_service.go:265.16,267.3 1 0
github.com/keshablive/quester/internal/services/course_service.go:269.2,269.21 1 0
github.com/keshablive/quester/internal/services/course_service.go:273.95,275.60 2 0
github.com/keshablive/quester/internal/services/course_service.go:275.60,276.45 1 0
github.com/keshablive/quester/internal/services/course_service.go:276.45,278.4 1 0
github.com/keshablive/quester/internal/services/course_service.go:279.3,279.20 1 0
github.com/keshablive/quester/internal/services/course_service.go:283.2,283.43 1 0
github.com/keshablive/quester/internal/services/course_service.go:287.96,330.2 7 0
github.com/keshablive/quester/internal/services/cron_service.go:40.159,51.2 1 0
github.com/keshablive/quester/internal/services/cron_service.go:54.31,55.17 1 0
github.com/keshablive/quester/internal/services/cron_service.go:55.17,58.3 2 0
github.com/keshablive/quester/internal/services/cron_service.go:60.2,64.20 3 0
github.com/keshablive/quester/internal/services/cron_service.go:68.30,69.18 1 0
github.com/keshablive/quester/internal/services/cron_service.go:69.18,72.3 2 0
github.com/keshablive/quester/internal/services/cron_service.go:74.2,76.21 3 0
github.com/keshablive/quester/internal/services/cron_service.go:80.37,88.6 5 0
github.com/keshablive/quester/internal/services/cron_service.go:88.6,89.10 1 0
github.com/keshablive/quester/internal/services/cron_service.go:90.19,97.56 4 0
github.com/keshablive/quester/internal/services/cron_service.go:99.21,101.10 2 0
github.com/keshablive/quester/internal/services/cron_service.go:107.52,112.21 3 0
github.com/keshablive/quester/internal/services/cron_service.go:112.21,114.3 1 0
github.com/keshablive/quester/internal/services/cron_service.go:116.2,116.13 1 0
github.com/keshablive/quester/internal/services/cron_service.go:120.42,135.45 7 0
github.com/keshablive/quester/internal/services/cron_service.go:135.45,138.3 2 0
github.com/keshablive/quester/internal/services/cron_service.go:141.2,141.37 1 0
github.com/keshablive/quester/internal/services/cron_service.go:141.37,144.17 2 0
github.com/keshablive/quester/internal/services/cron_service.go:144.17,146.4 1 0
github.com/keshablive/quester/internal/services/cron_service.go:146.9,148.4 1 0
github.com/keshablive/quester/internal/services/cron_service.go:151.3,152.17 2 0
github.com/keshablive/quester/internal/services/cron_service.go:152.17,154.4 1 0
github.com/keshablive/quester/internal/services/cron_service.go:154.9,156.4 1 0
github.com/keshablive/quester/internal/services/cron_service.go:159.2,161.53 2 0
github.com/keshablive/quester/internal/services/cron_service.go:169.103,171.16 2 0
github.com/keshablive/quester/internal/services/cron_service.go:171.16,173.3 1 0
github.com/keshablive/quester/internal/services/cron_service.go:175.2,176.38 2 0
github.com/keshablive/quester/internal/services/cron_service.go:176.38,177.76 1 0
github.com/keshablive/quester/internal/services/cron_service.go:177.76,179.12 2 0
github.com/keshablive/quester/internal/services/cron_service.go:181.3,181.10 1 0
github.com/keshablive/quester/internal/services/cron_service.go:184.2,184.15 1 0
github.com/keshablive/quester/internal/services/cron_service.go:184.15,186.3 1 0
github.com/keshablive/quester/internal/services/cron_service.go:188.2,188.19 1 0
github.com/keshablive/quester/internal/services/cron_service.go:192.106,194.16 2 0
github.com/keshablive/quester/internal/services/cron_service.go:194.16,196.3 1 0
github.com/keshablive/quester/internal/services/cron_service.go:198.2,199.25 2 0
github.com/keshablive/quester/internal/services/cron_service.go:199.25,200.68 1 0
github.com/keshablive/quester/internal/services/cron_service.go:200.68,202.12 2 0
github.com/keshablive/quester/internal/services/cron_service.go:204.3,204.10 1 0
github.com/keshablive/quester/internal/services/cron_service.go:207.2,207.15 1 0
github.com/keshablive/quester/internal/services/cron_service.go:207.15,209.3 1 0
github.com/keshablive/quester/internal/services/cron_service.go:211.2,211.19 1 0
github.com/keshablive/quester/internal/services/cron_service.go:215.53,230.45 7 0
github.com/keshablive/quester/internal/services/cron_service.go:230.45,232.3 1 0
github.com/keshablive/quester/internal/services/cron_service.go:235.2,235.37 1 0
github.com/keshablive/quester/internal/services/cron_service.go:235.37,241.3 4 0
github.com/keshablive/quester/internal/services/cron_service.go:243.2,247.53 3 0
github.com/keshablive/quester/internal/services/cron_service.go:251.48,256.2 1 0
github.com/keshablive/quester/internal/services/cron_service.go:259.40,261.2 1 0
github.com/keshablive/quester/internal/services/cron_service.go:264.122,279.16 4 0
github.com/keshablive/quester/internal/services/cron_service.go:279.16,281.3 1 0
github.com/keshablive/quester/internal/services/cron_service.go:283.2,283.25 1 0
github.com/keshablive/quester/internal/services/cron_service.go:287.125,302.16 4 0
github.com/keshablive/quester/internal/services/cron_service.go:302.16,304.3 1 0
github.com/keshablive/quester/internal/services/cron_service.go:306.2,306.19 1 0
github.com/keshablive/quester/internal/services/cron_service.go:311.73,320.45 3 0
github.com/keshablive/quester/internal/services/cron_service.go:320.45,322.3 1 0
github.com/keshablive/quester/internal/services/cron_service.go:325.2,325.37 1 0
github.com/keshablive/quester/internal/services/cron_service.go:325.37,327.17 2 0
github.com/keshablive/quester/internal/services/cron_service.go:327.17,329.12 2 0
github.com/keshablive/quester/internal/services/cron_service.go:332.3,332.27 1 0
github.com/keshablive/quester/internal/services/cron_service.go:332.27,335.4 1 0
github.com/keshablive/quester/internal/services/cron_service.go:337.3,338.17 2 0
github.com/keshablive/quester/internal/services/cron_service.go:338.17,340.12 2 0
github.com/keshablive/quester/internal/services/cron_service.go:343.3,343.21 1 0
github.com/keshablive/quester/internal/services/cron_service.go:343.21,346.4 1 0
github.com/keshablive/quester/internal/services/cron_service.go:349.2,349.12 1 0
github.com/keshablive/quester/internal/services/cron_service.go:362.71,365.36 2 0
github.com/keshablive/quester/internal/services/cron_service.go:365.36,368.3 2 0
github.com/keshablive/quester/internal/services/cron_service.go:370.2,371.12 2 0
github.com/keshablive/quester/internal/services/cron_service.go:376.60,380.75 3 0
github.com/keshablive/quester/internal/services/cron_service.go:380.75,383.3 2 0
github.com/keshablive/quester/internal/services/cron_service.go:385.2,386.12 2 0
github.com/keshablive/quester/internal/services/cron_service.go:391.61,395.76 3 0
github.com/keshablive/quester/internal/services/cron_service.go:395.76,398.3 2 0
github.com/keshablive/quester/internal/services/cron_service.go:400.2,401.12 2 0
github.com/keshablive/quester/internal/services/cron_service.go:406.62,410.77 3 0
github.com/keshablive/quester/internal/services/cron_service.go:410.77,413.3 2 0
github.com/keshablive/quester/internal/services/cron_service.go:415.2,416.12 2 0
github.com/keshablive/quester/internal/services/cron_service.go:420.60,424.12 2 0
github.com/keshablive/quester/internal/services/cron_service.go:424.12,425.7 1 0
github.com/keshablive/quester/internal/services/cron_service.go:425.7,428.23 3 0
github.com/keshablive/quester/internal/services/cron_service.go:428.23,430.5 1 0
github.com/keshablive/quester/internal/services/cron_service.go:432.4,433.59 2 0
github.com/keshablive/quester/internal/services/cron_service.go:433.59,435.5 1 0
github.com/keshablive/quester/internal/services/cron_service.go:440.2,440.12 1 0
github.com/keshablive/quester/internal/services/cron_service.go:440.12,441.7 1 0
github.com/keshablive/quester/internal/services/cron_service.go:441.7,444.47 3 0
github.com/keshablive/quester/internal/services/cron_service.go:444.47,446.5 1 0
github.com/keshablive/quester/internal/services/cron_service.go:448.4,452.60 3 0
github.com/keshablive/quester/internal/services/cron_service.go:452.60,454.5 1 0
github.com/keshablive/quester/internal/services/cron_service.go:459.2,459.12 1 0
github.com/keshablive/quester/internal/services/cron_service.go:459.12,460.7 1 0
github.com/keshablive/quester/internal/services/cron_service.go:460.7,465.61 4 0
github.com/keshablive/quester/internal/services/cron_service.go:465.61,467.5 1 0
github.com/keshablive/quester/internal/services/cron_service.go:471.2,471.66 1 0
github.com/keshablive/quester/internal/services/cron_service.go:476.69,490.36 5 0
github.com/keshablive/quester/internal/services/cron_service.go:490.36,493.3 2 0
github.com/keshablive/quester/internal/services/cron_service.go:495.2,495.22 1 0
github.com/keshablive/quester/internal/services/cron_service.go:495.22,498.3 2 0
github.com/keshablive/quester/internal/services/cron_service.go:501.2,506.31 3 0
github.com/keshablive/quester/internal/services/cron_service.go:506.31,515.49 4 0
github.com/keshablive/quester/internal/services/cron_service.go:515.49,517.12 2 0
github.com/keshablive/quester/internal/services/cron_service.go:521.3,521.30 1 0
github.com/keshablive/quester/internal/services/cron_service.go:521.30,543.18 4 0
github.com/keshablive/quester/internal/services/cron_service.go:543.18,547.13 2 0
github.com/keshablive/quester/internal/services/cron_service.go:550.4,550.19 1 0
github.com/keshablive/quester/internal/services/cron_service.go:555.2,558.12 2 0
github.com/keshablive/quester/internal/services/cron_service.go:563.82,569.2 2 0
github.com/keshablive/quester/internal/services/dashboard_service.go:24.133,29.2 1 0
github.com/keshablive/quester/internal/services/dashboard_service.go:34.79,36.72 1 0
github.com/keshablive/quester/internal/services/dashboard_service.go:36.72,38.3 1 0
github.com/keshablive/quester/internal/services/dashboard_service.go:40.2,40.42 1 0
github.com/keshablive/quester/internal/services/dashboard_service.go:44.82,46.2 1 0
github.com/keshablive/quester/internal/services/dashboard_service.go:49.102,51.2 1 0
github.com/keshablive/quester/internal/services/dashboard_service.go:54.103,56.58 2 0
github.com/keshablive/quester/internal/services/dashboard_service.go:56.58,59.3 1 0
github.com/keshablive/quester/internal/services/dashboard_service.go:60.2,60.23 1 0
github.com/keshablive/quester/internal/services/dashboard_service.go:64.79,66.72 1 0
github.com/keshablive/quester/internal/services/dashboard_service.go:66.72,68.3 1 0
github.com/keshablive/quester/internal/services/dashboard_service.go:70.2,70.42 1 0
github.com/keshablive/quester/internal/services/dashboard_service.go:74.95,77.16 2 0
github.com/keshablive/quester/internal/services/dashboard_service.go:77.16,79.3 1 0
github.com/keshablive/quester/internal/services/dashboard_service.go:81.2,81.66 1 0
github.com/keshablive/quester/internal/services/dashboard_service.go:81.66,83.3 1 0
github.com/keshablive/quester/internal/services/dashboard_service.go:85.2,85.66 1 0
github.com/keshablive/quester/internal/services/dashboard_service.go:89.82,92.16 2 0
github.com/keshablive/quester/internal/services/dashboard_service.go:92.16,94.3 1 0
github.com/keshablive/quester/internal/services/dashboard_service.go:96.2,96.32 1 0
github.com/keshablive/quester/internal/services/dashboard_service.go:96.32,98.3 1 0
github.com/keshablive/quester/internal/services/dashboard_service.go:100.2,100.35 1 0
github.com/keshablive/quester/internal/services/dashboard_service.go:104.117,106.2 1 0
github.com/keshablive/quester/internal/services/dashboard_service.go:109.115,111.2 1 0
github.com/keshablive/quester/internal/services/dashboard_service.go:116.79,118.2 1 0
github.com/keshablive/quester/internal/services/dashboard_service.go:121.85,123.2 1 0
github.com/keshablive/quester/internal/services/dashboard_service.go:126.110,128.2 1 0
github.com/keshablive/quester/internal/services/dashboard_service.go:131.120,133.2 1 0
github.com/keshablive/quester/internal/services/dashboard_service.go:136.96,138.2 1 0
github.com/keshablive/quester/internal/services/dashboard_service.go:141.79,143.2 1 0
github.com/keshablive/quester/internal/services/dashboard_service.go:146.79,148.2 1 0
github.com/keshablive/quester/internal/services/dashboard_service.go:151.72,160.33 2 0
github.com/keshablive/quester/internal/services/dashboard_service.go:160.33,161.63 1 0
github.com/keshablive/quester/internal/services/dashboard_service.go:161.63,163.4 1 0
github.com/keshablive/quester/internal/services/dashboard_service.go:166.2,166.12 1 0
github.com/keshablive/quester/internal/services/dashboard_service.go:170.87,173.20 2 0
github.com/keshablive/quester/internal/services/dashboard_service.go:174.21,175.49 1 0
github.com/keshablive/quester/internal/services/dashboard_service.go:176.22,177.50 1 0
github.com/keshablive/quester/internal/services/dashboard_service.go:178.23,179.51 1 0
github.com/keshablive/quester/internal/services/dashboard_service.go:180.29,181.56 1 0
github.com/keshablive/quester/internal/services/dashboard_service.go:182.23,183.51 1 0
github.com/keshablive/quester/internal/services/dashboard_service.go:184.10,185.43 1 0
github.com/keshablive/quester/internal/services/dashboard_service.go:188.2,188.46 1 0
github.com/keshablive/quester/internal/services/dashboard_service.go:192.90,194.16 2 0
github.com/keshablive/quester/internal/services/dashboard_service.go:194.16,196.3 1 0
github.com/keshablive/quester/internal/services/dashboard_service.go:197.2,198.16 2 0
github.com/keshablive/quester/internal/services/dashboard_service.go:198.16,200.3 1 0
github.com/keshablive/quester/internal/services/dashboard_service.go:201.2,201.38 1 0
github.com/keshablive/quester/internal/services/dashboard_service.go:206.106,254.58 2 0
github.com/keshablive/quester/internal/services/dashboard_service.go:254.58,256.3 1 0
github.com/keshablive/quester/internal/services/dashboard_service.go:258.2,258.23 1 0
github.com/keshablive/quester/internal/services/dashboard_service.go:261.97,276.2 1 0
github.com/keshablive/quester/internal/services/dashboard_service.go:278.98,286.16 6 0
github.com/keshablive/quester/internal/services/dashboard_service.go:286.16,287.61 1 0
github.com/keshablive/quester/internal/services/dashboard_service.go:287.61,289.4 1 0
github.com/keshablive/quester/internal/services/dashboard_service.go:292.2,303.3 1 0
github.com/keshablive/quester/internal/services/dashboard_service.go:306.99,320.2 1 0
github.com/keshablive/quester/internal/services/dashboard_service.go:322.104,332.38 6 0
github.com/keshablive/quester/internal/services/dashboard_service.go:332.38,334.31 2 0
github.com/keshablive/quester/internal/services/dashboard_service.go:334.31,336.4 1 0
github.com/keshablive/quester/internal/services/dashboard_service.go:337.3,337.58 1 0
github.com/keshablive/quester/internal/services/dashboard_service.go:340.2,353.3 1 0
github.com/keshablive/quester/internal/services/dashboard_service.go:356.99,365.16 6 0
github.com/keshablive/quester/internal/services/dashboard_service.go:365.16,366.31 1 0
github.com/keshablive/quester/internal/services/dashboard_service.go:366.31,368.4 1 0
github.com/keshablive/quester/internal/services/dashboard_service.go:371.2,383.3 1 0
github.com/keshablive/quester/internal/services/dvr_service.go:27.38,28.21 1 0
github.com/keshablive/quester/internal/services/dvr_service.go:28.21,30.3 1 0
github.com/keshablive/quester/internal/services/dvr_service.go:31.2,31.27 1 0
github.com/keshablive/quester/internal/services/dvr_service.go:31.27,33.3 1 0
github.com/keshablive/quester/internal/services/dvr_service.go:34.2,34.28 1 0
github.com/keshablive/quester/internal/services/dvr_service.go:34.28,36.3 1 0
github.com/keshablive/quester/internal/services/dvr_service.go:37.2,37.12 1 0
github.com/keshablive/quester/internal/services/dvr_service.go:41.35,42.27 1 0
github.com/keshablive/quester/internal/services/dvr_service.go:42.27,44.3 1 0
github.com/keshablive/quester/internal/services/dvr_service.go:45.2,45.28 1 0
github.com/keshablive/quester/internal/services/dvr_service.go:45.28,47.3 1 0
github.com/keshablive/quester/internal/services/dvr_service.go:48.2,48.24 1 0
github.com/keshablive/quester/internal/services/dvr_service.go:48.24,51.3 1 0
github.com/keshablive/quester/internal/services/dvr_service.go:52.2,52.28 1 0
github.com/keshablive/quester/internal/services/dvr_service.go:52.28,54.3 1 0
github.com/keshablive/quester/internal/services/dvr_service.go:82.52,90.67 5 0
github.com/keshablive/quester/internal/services/dvr_service.go:90.67,92.3 1 0
github.com/keshablive/quester/internal/services/dvr_service.go:93.2,93.40 1 0
github.com/keshablive/quester/internal/services/dvr_service.go:93.40,95.3 1 0
github.com/keshablive/quester/internal/services/dvr_service.go:98.2,98.45 1 0
github.com/keshablive/quester/internal/services/dvr_service.go:98.45,100.3 1 0
github.com/keshablive/quester/internal/services/dvr_service.go:104.70,111.33 5 0
github.com/keshablive/quester/internal/services/dvr_service.go:111.33,112.35 1 0
github.com/keshablive/quester/internal/services/dvr_service.go:112.35,115.4 2 0
github.com/keshablive/quester/internal/services/dvr_service.go:115.9,117.4 1 0
github.com/keshablive/quester/internal/services/dvr_service.go:120.2,123.25 2 0
github.com/keshablive/quester/internal/services/dvr_service.go:123.25,126.3 2 0
github.com/keshablive/quester/internal/services/dvr_service.go:128.2,128.16 1 0
github.com/keshablive/quester/internal/services/dvr_service.go:132.79,137.33 4 0
github.com/keshablive/quester/internal/services/dvr_service.go:137.33,139.60 1 0
github.com/keshablive/quester/internal/services/dvr_service.go:139.60,141.4 1 0
github.com/keshablive/quester/internal/services/dvr_service.go:144.2,144.15 1 0
github.com/keshablive/quester/internal/services/dvr_service.go:148.43,152.2 3 0
github.com/keshablive/quester/internal/services/dvr_service.go:187.81,188.42 1 0
github.com/keshablive/quester/internal/services/dvr_service.go:188.42,190.3 1 0
github.com/keshablive/quester/internal/services/dvr_service.go:192.2,207.21 5 0
github.com/keshablive/quester/internal/services/dvr_service.go:211.63,215.47 3 0
github.com/keshablive/quester/internal/services/dvr_service.go:215.47,217.3 1 0
github.com/keshablive/quester/internal/services/dvr_service.go:219.2,224.12 2 0
github.com/keshablive/quester/internal/services/dvr_service.go:228.64,233.13 4 0
github.com/keshablive/quester/internal/services/dvr_service.go:233.13,235.63 1 0
github.com/keshablive/quester/internal/services/dvr_service.go:235.63,237.4 1 0
github.com/keshablive/quester/internal/services/dvr_service.go:238.3,240.17 3 0
github.com/keshablive/quester/internal/services/dvr_service.go:244.2,244.49 1 0
github.com/keshablive/quester/internal/services/dvr_service.go:244.49,246.3 1 0
github.com/keshablive/quester/internal/services/dvr_service.go:249.2,250.16 2 0
github.com/keshablive/quester/internal/services/dvr_service.go:250.16,252.3 1 0
github.com/keshablive/quester/internal/services/dvr_service.go:253.2,258.12 4 0
github.com/keshablive/quester/internal/services/dvr_service.go:262.109,267.13 4 0
github.com/keshablive/quester/internal/services/dvr_service.go:267.13,269.3 1 0
github.com/keshablive/quester/internal/services/dvr_service.go:272.2,276.38 4 0
github.com/keshablive/quester/internal/services/dvr_service.go:276.38,277.35 1 0
github.com/keshablive/quester/internal/services/dvr_service.go:277.35,279.58 1 0
github.com/keshablive/quester/internal/services/dvr_service.go:279.58,280.13 1 0
github.com/keshablive/quester/internal/services/dvr_service.go:282.4,282.36 1 0
github.com/keshablive/quester/internal/services/dvr_service.go:286.2,286.24 1 0
github.com/keshablive/quester/internal/services/dvr_service.go:286.24,288.3 1 0
github.com/keshablive/quester/internal/services/dvr_service.go:291.2,299.31 6 0
github.com/keshablive/quester/internal/services/dvr_service.go:299.31,304.3 3 0
github.com/keshablive/quester/internal/services/dvr_service.go:308.2,308.22 1 0
github.com/keshablive/quester/internal/services/dvr_service.go:312.93,317.13 4 0
github.com/keshablive/quester/internal/services/dvr_service.go:317.13,319.3 1 0
github.com/keshablive/quester/internal/services/dvr_service.go:322.2,324.24 2 0
github.com/keshablive/quester/internal/services/dvr_service.go:324.24,326.3 1 0
github.com/keshablive/quester/internal/services/dvr_service.go:328.2,328.22 1 0
github.com/keshablive/quester/internal/services/dvr_service.go:332.97,337.13 4 0
github.com/keshablive/quester/internal/services/dvr_service.go:337.13,339.3 1 0
github.com/keshablive/quester/internal/services/dvr_service.go:342.2,345.39 2 0
github.com/keshablive/quester/internal/services/dvr_service.go:345.39,347.3 1 0
github.com/keshablive/quester/internal/services/dvr_service.go:349.2,349.42 1 0
github.com/keshablive/quester/internal/services/dvr_service.go:353.144,358.13 4 0
github.com/keshablive/quester/internal/services/dvr_service.go:358.13,360.3 1 0
github.com/keshablive/quester/internal/services/dvr_service.go:363.2,365.24 2 0
github.com/keshablive/quester/internal/services/dvr_service.go:365.24,367.3 1 0
github.com/keshablive/quester/internal/services/dvr_service.go:370.2,374.31 4 0
github.com/keshablive/quester/internal/services/dvr_service.go:374.31,378.3 3 0
github.com/keshablive/quester/internal/services/dvr_service.go:381.2,382.33 2 0
github.com/keshablive/quester/internal/services/dvr_service.go:382.33,384.3 1 0
github.com/keshablive/quester/internal/services/dvr_service.go:385.2,407.45 4 0
github.com/keshablive/quester/internal/services/dvr_service.go:407.45,408.68 1 0
github.com/keshablive/quester/internal/services/dvr_service.go:408.68,410.4 1 0
github.com/keshablive/quester/internal/services/dvr_service.go:413.2,413.23 1 0
github.com/keshablive/quester/internal/services/dvr_service.go:417.93,420.35 2 0
github.com/keshablive/quester/internal/services/dvr_service.go:420.35,423.17 2 0
github.com/keshablive/quester/internal/services/dvr_service.go:423.17,425.4 1 0
github.com/keshablive/quester/internal/services/dvr_service.go:428.3,444.89 3 0
github.com/keshablive/quester/internal/services/dvr_service.go:444.89,447.4 2 0
github.com/keshablive/quester/internal/services/dvr_service.go:448.3,448.15 1 0
github.com/keshablive/quester/internal/services/dvr_service.go:451.2,451.12 1 0
github.com/keshablive/quester/internal/services/dvr_service.go:456.75,459.2 1 0
github.com/keshablive/quester/internal/services/dvr_service.go:462.36,466.6 3 0
github.com/keshablive/quester/internal/services/dvr_service.go:466.6,467.10 1 0
github.com/keshablive/quester/internal/services/dvr_service.go:468.23,469.10 1 0
github.com/keshablive/quester/internal/services/dvr_service.go:470.19,471.22 1 0
github.com/keshablive/quester/internal/services/dvr_service.go:477.39,480.29 3 0
github.com/keshablive/quester/internal/services/dvr_service.go:480.29,482.3 1 0
github.com/keshablive/quester/internal/services/dvr_service.go:483.2,487.39 3 0
github.com/keshablive/quester/internal/services/dvr_service.go:487.39,492.14 4 0
github.com/keshablive/quester/internal/services/dvr_service.go:492.14,493.12 1 0
github.com/keshablive/quester/internal/services/dvr_service.go:497.3,500.31 2 0
github.com/keshablive/quester/internal/services/dvr_service.go:500.31,501.39 1 0
github.com/keshablive/quester/internal/services/dvr_service.go:501.39,504.5 1 0
github.com/keshablive/quester/internal/services/dvr_service.go:510.72,515.13 4 0
github.com/keshablive/quester/internal/services/dvr_service.go:515.13,517.3 1 0
github.com/keshablive/quester/internal/services/dvr_service.go:519.2,527.38 6 0
github.com/keshablive/quester/internal/services/dvr_service.go:527.38,528.19 1 0
github.com/keshablive/quester/internal/services/dvr_service.go:528.19,531.4 2 0
github.com/keshablive/quester/internal/services/dvr_service.go:532.3,532.37 1 0
github.com/keshablive/quester/internal/services/dvr_service.go:535.2,550.21 3 0
github.com/keshablive/quester/internal/services/dvr_service.go:568.36,571.2 2 0
github.com/keshablive/quester/internal/services/dvr_service.go:574.69,579.2 4 0
github.com/keshablive/quester/internal/services/enrollment_service.go:19.59,21.2 1 0
github.com/keshablive/quester/internal/services/enrollment_service.go:61.83,64.16 2 0
github.com/keshablive/quester/internal/services/enrollment_service.go:64.16,66.3 1 0
github.com/keshablive/quester/internal/services/enrollment_service.go:67.2,67.16 1 0
github.com/keshablive/quester/internal/services/enrollment_service.go:67.16,69.3 1 0
github.com/keshablive/quester/internal/services/enrollment_service.go:72.2,73.64 2 0
github.com/keshablive/quester/internal/services/enrollment_service.go:73.64,74.45 1 0
github.com/keshablive/quester/internal/services/enrollment_service.go:74.45,76.4 1 0
github.com/keshablive/quester/internal/services/enrollment_service.go:77.3,77.60 1 0
github.com/keshablive/quester/internal/services/enrollment_service.go:81.2,81.27 1 0
github.com/keshablive/quester/internal/services/enrollment_service.go:81.27,83.3 1 0
github.com/keshablive/quester/internal/services/enrollment_service.go:86.2,86.22 1 0
github.com/keshablive/quester/internal/services/enrollment_service.go:86.22,87.57 1 0
github.com/keshablive/quester/internal/services/enrollment_service.go:87.57,89.4 1 0
github.com/keshablive/quester/internal/services/enrollment_service.go:92.3,92.76 1 0
github.com/keshablive/quester/internal/services/enrollment_service.go:92.76,94.4 1 0
github.com/keshablive/quester/internal/services/enrollment_service.go:98.2,105.54 2 0
github.com/keshablive/quester/internal/services/enrollment_service.go:105.54,107.3 1 0
github.com/keshablive/quester/internal/services/enrollment_service.go:109.2,109.24 1 0
github.com/keshablive/quester/internal/services/enrollment_service.go:114.88,117.37 1 0
github.com/keshablive/quester/internal/services/enrollment_service.go:117.37,119.3 1 0
github.com/keshablive/quester/internal/services/enrollment_service.go:120.2,120.38 1 0
github.com/keshablive/quester/internal/services/enrollment_service.go:120.38,122.3 1 0
github.com/keshablive/quester/internal/services/enrollment_service.go:124.2,124.12 1 0
github.com/keshablive/quester/internal/services/enrollment_service.go:128.106,131.16 2 0
github.com/keshablive/quester/internal/services/enrollment_service.go:131.16,132.45 1 0
github.com/keshablive/quester/internal/services/enrollment_service.go:132.45,134.4 1 0
github.com/keshablive/quester/internal/services/enrollment_service.go:135.3,135.64 1 0
github.com/keshablive/quester/internal/services/enrollment_service.go:139.2,140.16 2 0
github.com/keshablive/quester/internal/services/enrollment_service.go:140.16,142.3 1 0
github.com/keshablive/quester/internal/services/enrollment_service.go:145.2,160.38 2 0
github.com/keshablive/quester/internal/services/enrollment_service.go:160.38,162.3 1 0
github.com/keshablive/quester/internal/services/enrollment_service.go:164.2,164.22 1 0
github.com/keshablive/quester/internal/services/enrollment_service.go:168.118,170.19 1 0
github.com/keshablive/quester/internal/services/enrollment_service.go:170.19,172.3 1 0
github.com/keshablive/quester/internal/services/enrollment_service.go:173.2,173.20 1 0
github.com/keshablive/quester/internal/services/enrollment_service.go:173.20,175.3 1 0
github.com/keshablive/quester/internal/services/enrollment_service.go:176.2,176.22 1 0
github.com/keshablive/quester/internal/services/enrollment_service.go:176.22,178.3 1 0
github.com/keshablive/quester/internal/services/enrollment_service.go:181.2,182.16 2 0
github.com/keshablive/quester/internal/services/enrollment_service.go:182.16,184.3 1 0
github.com/keshablive/quester/internal/services/enrollment_service.go:187.2,189.28 3 0
github.com/keshablive/quester/internal/services/enrollment_service.go:189.28,191.3 1 0
github.com/keshablive/quester/internal/services/enrollment_service.go:191.8,191.38 1 0
github.com/keshablive/quester/internal/services/enrollment_service.go:191.38,193.3 1 0
github.com/keshablive/quester/internal/services/enrollment_service.go:194.2,194.50 1 0
github.com/keshablive/quester/internal/services/enrollment_service.go:194.50,196.3 1 0
github.com/keshablive/quester/internal/services/enrollment_service.go:199.2,200.41 2 0
github.com/keshablive/quester/internal/services/enrollment_service.go:200.41,203.17 2 0
github.com/keshablive/quester/internal/services/enrollment_service.go:203.17,204.12 1 0
github.com/keshablive/quester/internal/services/enrollment_service.go:207.3,221.39 2 0
github.com/keshablive/quester/internal/services/enrollment_service.go:221.39,223.4 1 0
github.com/keshablive/quester/internal/services/enrollment_service.go:225.3,225.42 1 0
github.com/keshablive/quester/internal/services/enrollment_service.go:228.2,228.30 1 0
github.com/keshablive/quester/internal/services/enrollment_service.go:232.88,235.16 2 0
github.com/keshablive/quester/internal/services/enrollment_service.go:235.16,236.45 1 0
github.com/keshablive/quester/internal/services/enrollment_service.go:236.45,238.4 1 0
github.com/keshablive/quester/internal/services/enrollment_service.go:239.3,239.59 1 0
github.com/keshablive/quester/internal/services/enrollment_service.go:243.2,243.56 1 0
github.com/keshablive/quester/internal/services/enrollment_service.go:243.56,245.3 1 0
github.com/keshablive/quester/internal/services/enrollment_service.go:247.2,247.12 1 0
github.com/keshablive/quester/internal/services/enrollment_service.go:251.92,254.16 2 0
github.com/keshablive/quester/internal/services/enrollment_service.go:254.16,255.45 1 0
github.com/keshablive/quester/internal/services/enrollment_service.go:255.45,257.4 1 0
github.com/keshablive/quester/internal/services/enrollment_service.go:258.3,258.59 1 0
github.com/keshablive/quester/internal/services/enrollment_service.go:262.2,262.60 1 0
github.com/keshablive/quester/internal/services/enrollment_service.go:262.60,264.3 1 0
github.com/keshablive/quester/internal/services/enrollment_service.go:266.2,266.12 1 0
github.com/keshablive/quester/internal/services/enrollment_service.go:270.112,273.16 2 0
github.com/keshablive/quester/internal/services/enrollment_service.go:273.16,274.45 1 0
github.com/keshablive/quester/internal/services/enrollment_service.go:274.45,276.4 1 0
github.com/keshablive/quester/internal/services/enrollment_service.go:277.3,277.64 1 0
github.com/keshablive/quester/internal/services/enrollment_service.go:281.2,281.31 1 0
github.com/keshablive/quester/internal/services/enrollment_service.go:281.31,283.3 1 0
github.com/keshablive/quester/internal/services/enrollment_service.go:286.2,286.33 1 0
github.com/keshablive/quester/internal/services/enrollment_service.go:286.33,289.82 2 0
github.com/keshablive/quester/internal/services/enrollment_service.go:289.82,291.4 1 0
github.com/keshablive/quester/internal/services/enrollment_service.go:292.3,292.27 1 0
github.com/keshablive/quester/internal/services/enrollment_service.go:296.2,296.34 1 0
github.com/keshablive/quester/internal/services/enrollment_service.go:296.34,298.3 1 0
github.com/keshablive/quester/internal/services/enrollment_service.go:301.2,301.66 1 0
github.com/keshablive/quester/internal/services/enrollment_service.go:301.66,303.3 1 0
github.com/keshablive/quester/internal/services/enrollment_service.go:306.2,306.37 1 0
github.com/keshablive/quester/internal/services/enrollment_service.go:306.37,308.82 2 0
github.com/keshablive/quester/internal/services/enrollment_service.go:308.82,310.4 1 0
github.com/keshablive/quester/internal/services/enrollment_service.go:311.3,311.27 1 0
github.com/keshablive/quester/internal/services/enrollment_service.go:314.2,314.17 1 0
github.com/keshablive/quester/internal/services/enrollment_service.go:318.108,321.16 2 0
github.com/keshablive/quester/internal/services/enrollment_service.go:321.16,323.3 1 0
github.com/keshablive/quester/internal/services/enrollment_service.go:326.2,327.41 2 0
github.com/keshablive/quester/internal/services/enrollment_service.go:327.41,330.17 2 0
github.com/keshablive/quester/internal/services/enrollment_service.go:330.17,331.12 1 0
github.com/keshablive/quester/internal/services/enrollment_service.go:334.3,348.39 2 0
github.com/keshablive/quester/internal/services/enrollment_service.go:348.39,350.4 1 0
github.com/keshablive/quester/internal/services/enrollment_service.go:352.3,352.42 1 0
github.com/keshablive/quester/internal/services/enrollment_service.go:355.2,355.23 1 0
github.com/keshablive/quester/internal/services/enrollment_service.go:359.96,361.2 1 0
github.com/keshablive/quester/internal/services/fcm_service.go:23.112,26.16 3 0
github.com/keshablive/quester/internal/services/fcm_service.go:26.16,28.3 1 0
github.com/keshablive/quester/internal/services/fcm_service.go:30.2,31.16 2 0
github.com/keshablive/quester/internal/services/fcm_service.go:31.16,33.3 1 0
github.com/keshablive/quester/internal/services/fcm_service.go:35.2,38.8 1 0
github.com/keshablive/quester/internal/services/fcm_service.go:42.127,78.16 3 0
github.com/keshablive/quester/internal/services/fcm_service.go:78.16,80.72 1 0
github.com/keshablive/quester/internal/services/fcm_service.go:80.72,82.75 1 0
github.com/keshablive/quester/internal/services/fcm_service.go:82.75,85.5 2 0
github.com/keshablive/quester/internal/services/fcm_service.go:87.3,87.54 1 0
github.com/keshablive/quester/internal/services/fcm_service.go:90.2,91.12 2 0
github.com/keshablive/quester/internal/services/fcm_service.go:95.162,123.16 3 0
github.com/keshablive/quester/internal/services/fcm_service.go:123.16,125.3 1 0
github.com/keshablive/quester/internal/services/fcm_service.go:128.2,128.31 1 0
github.com/keshablive/quester/internal/services/fcm_service.go:128.31,129.45 1 0
github.com/keshablive/quester/internal/services/fcm_service.go:129.45,130.21 1 0
github.com/keshablive/quester/internal/services/fcm_service.go:130.21,133.76 2 0
github.com/keshablive/quester/internal/services/fcm_service.go:133.76,136.6 2 0
github.com/keshablive/quester/internal/services/fcm_service.go:137.5,137.68 1 0
github.com/keshablive/quester/internal/services/fcm_service.go:142.2,143.22 2 0
github.com/keshablive/quester/internal/services/fcm_service.go:147.132,150.16 2 0
github.com/keshablive/quester/internal/services/fcm_service.go:150.16,152.3 1 0
github.com/keshablive/quester/internal/services/fcm_service.go:154.2,154.25 1 0
github.com/keshablive/quester/internal/services/fcm_service.go:154.25,156.3 1 0
github.com/keshablive/quester/internal/services/fcm_service.go:159.2,160.30 2 0
github.com/keshablive/quester/internal/services/fcm_service.go:160.30,162.3 1 0
github.com/keshablive/quester/internal/services/fcm_service.go:165.2,166.12 2 0
github.com/keshablive/quester/internal/services/fcm_service.go:170.110,173.48 2 0
github.com/keshablive/quester/internal/services/fcm_service.go:173.48,174.48 1 0
github.com/keshablive/quester/internal/services/fcm_service.go:174.48,176.9 2 0
github.com/keshablive/quester/internal/services/fcm_service.go:180.2,180.14 1 0
github.com/keshablive/quester/internal/services/fcm_service.go:180.14,182.3 1 0
github.com/keshablive/quester/internal/services/fcm_service.go:185.2,191.35 2 0
github.com/keshablive/quester/internal/services/fcm_service.go:191.35,193.3 1 0
github.com/keshablive/quester/internal/services/fcm_service.go:196.2,196.48 1 0
github.com/keshablive/quester/internal/services/fcm_service.go:196.48,197.36 1 0
github.com/keshablive/quester/internal/services/fcm_service.go:197.36,199.4 1 0
github.com/keshablive/quester/internal/services/fcm_service.go:203.2,204.33 2 0
github.com/keshablive/quester/internal/services/fcm_service.go:204.33,206.3 1 0
github.com/keshablive/quester/internal/services/fcm_service.go:209.2,209.128 1 0
github.com/keshablive/quester/internal/services/fcm_service.go:213.103,233.16 3 0
github.com/keshablive/quester/internal/services/fcm_service.go:233.16,235.72 1 0
github.com/keshablive/quester/internal/services/fcm_service.go:235.72,236.75 1 0
github.com/keshablive/quester/internal/services/fcm_service.go:236.75,239.5 2 0
github.com/keshablive/quester/internal/services/fcm_service.go:241.3,241.59 1 0
github.com/keshablive/quester/internal/services/fcm_service.go:244.2,245.12 2 0
github.com/keshablive/quester/internal/services/fcm_service.go:249.110,270.16 3 0
github.com/keshablive/quester/internal/services/fcm_service.go:270.16,272.72 1 0
github.com/keshablive/quester/internal/services/fcm_service.go:272.72,273.75 1 0
github.com/keshablive/quester/internal/services/fcm_service.go:273.75,276.5 2 0
github.com/keshablive/quester/internal/services/fcm_service.go:278.3,278.66 1 0
github.com/keshablive/quester/internal/services/fcm_service.go:281.2,282.12 2 0
github.com/keshablive/quester/internal/services/fcm_service.go:286.122,314.16 3 0
github.com/keshablive/quester/internal/services/fcm_service.go:314.16,316.3 1 0
github.com/keshablive/quester/internal/services/fcm_service.go:318.2,319.12 2 0
github.com/keshablive/quester/internal/services/fcm_service.go:323.97,325.16 2 0
github.com/keshablive/quester/internal/services/fcm_service.go:325.16,327.3 1 0
github.com/keshablive/quester/internal/services/fcm_service.go:329.2,330.12 2 0
github.com/keshablive/quester/internal/services/fcm_service.go:334.101,336.16 2 0
github.com/keshablive/quester/internal/services/fcm_service.go:336.16,338.3 1 0
github.com/keshablive/quester/internal/services/fcm_service.go:340.2,341.12 2 0
github.com/keshablive/quester/internal/services/ffmpeg_service.go:14.57,15.22 1 0
github.com/keshablive/quester/internal/services/ffmpeg_service.go:15.22,17.3 1 0
github.com/keshablive/quester/internal/services/ffmpeg_service.go:18.2,18.47 1 0
github.com/keshablive/quester/internal/services/ffmpeg_service.go:34.77,51.2 9 0
github.com/keshablive/quester/internal/services/ffmpeg_service.go:55.74,56.24 1 0
github.com/keshablive/quester/internal/services/ffmpeg_service.go:56.24,58.3 1 0
github.com/keshablive/quester/internal/services/ffmpeg_service.go:59.2,60.17 2 0
github.com/keshablive/quester/internal/services/gamification_service.go:19.63,21.2 1 0
github.com/keshablive/quester/internal/services/gamification_service.go:89.88,91.23 1 0
github.com/keshablive/quester/internal/services/gamification_service.go:91.23,92.54 1 0
github.com/keshablive/quester/internal/services/gamification_service.go:92.54,94.4 1 0
github.com/keshablive/quester/internal/services/gamification_service.go:94.9,96.4 1 0
github.com/keshablive/quester/internal/services/gamification_service.go:100.2,100.27 1 0
github.com/keshablive/quester/internal/services/gamification_service.go:100.27,101.59 1 0
github.com/keshablive/quester/internal/services/gamification_service.go:101.59,103.4 1 0
github.com/keshablive/quester/internal/services/gamification_service.go:103.9,105.4 1 0
github.com/keshablive/quester/internal/services/gamification_service.go:109.2,121.94 3 0
github.com/keshablive/quester/internal/services/gamification_service.go:121.94,123.3 1 0
github.com/keshablive/quester/internal/services/gamification_service.go:126.2,130.21 1 0
github.com/keshablive/quester/internal/services/gamification_service.go:130.21,132.3 1 0
github.com/keshablive/quester/internal/services/gamification_service.go:135.2,137.21 2 0
github.com/keshablive/quester/internal/services/gamification_service.go:141.115,152.16 3 0
github.com/keshablive/quester/internal/services/gamification_service.go:152.16,154.3 1 0
github.com/keshablive/quester/internal/services/gamification_service.go:156.2,163.25 7 0
github.com/keshablive/quester/internal/services/gamification_service.go:163.25,165.3 1 0
github.com/keshablive/quester/internal/services/gamification_service.go:167.2,173.8 1 0
github.com/keshablive/quester/internal/services/gamification_service.go:177.95,179.16 2 0
github.com/keshablive/quester/internal/services/gamification_service.go:179.16,181.3 1 0
github.com/keshablive/quester/internal/services/gamification_service.go:184.2,190.71 2 0
github.com/keshablive/quester/internal/services/gamification_service.go:194.114,203.52 2 0
github.com/keshablive/quester/internal/services/gamification_service.go:203.52,212.3 2 0
github.com/keshablive/quester/internal/services/gamification_service.go:217.38,218.17 1 0
github.com/keshablive/quester/internal/services/gamification_service.go:218.17,220.3 1 0
github.com/keshablive/quester/internal/services/gamification_service.go:221.2,222.15 2 0
github.com/keshablive/quester/internal/services/gamification_service.go:222.15,224.3 1 0
github.com/keshablive/quester/internal/services/gamification_service.go:225.2,225.14 1 0
github.com/keshablive/quester/internal/services/gamification_service.go:230.40,231.15 1 0
github.com/keshablive/quester/internal/services/gamification_service.go:231.15,233.3 1 0
github.com/keshablive/quester/internal/services/gamification_service.go:234.2,234.28 1 0
github.com/keshablive/quester/internal/services/gamification_service.go:238.129,239.16 1 0
github.com/keshablive/quester/internal/services/gamification_service.go:239.16,241.3 1 0
github.com/keshablive/quester/internal/services/gamification_service.go:243.2,252.25 3 0
github.com/keshablive/quester/internal/services/gamification_service.go:256.107,264.16 3 0
github.com/keshablive/quester/internal/services/gamification_service.go:264.16,266.3 1 0
github.com/keshablive/quester/internal/services/gamification_service.go:268.2,268.27 1 0
github.com/keshablive/quester/internal/services/gamification_service.go:272.140,273.16 1 0
github.com/keshablive/quester/internal/services/gamification_service.go:273.16,275.3 1 0
github.com/keshablive/quester/internal/services/gamification_service.go:277.2,285.21 3 0
github.com/keshablive/quester/internal/services/interaction_service.go:44.99,50.2 1 0
github.com/keshablive/quester/internal/services/interaction_service.go:53.47,55.2 1 0
github.com/keshablive/quester/internal/services/interaction_service.go:59.97,61.62 1 0
github.com/keshablive/quester/internal/services/interaction_service.go:61.62,63.3 1 0
github.com/keshablive/quester/internal/services/interaction_service.go:66.2,74.16 4 0
github.com/keshablive/quester/internal/services/interaction_service.go:74.16,76.3 1 0
github.com/keshablive/quester/internal/services/interaction_service.go:78.2,78.16 1 0
github.com/keshablive/quester/internal/services/interaction_service.go:78.16,80.3 1 0
github.com/keshablive/quester/internal/services/interaction_service.go:82.2,82.12 1 0
github.com/keshablive/quester/internal/services/interaction_service.go:86.100,88.47 1 0
github.com/keshablive/quester/internal/services/interaction_service.go:88.47,90.3 1 0
github.com/keshablive/quester/internal/services/interaction_service.go:93.2,93.133 1 0
github.com/keshablive/quester/internal/services/interaction_service.go:93.133,95.3 1 0
github.com/keshablive/quester/internal/services/interaction_service.go:98.2,98.28 1 0
github.com/keshablive/quester/internal/services/interaction_service.go:98.28,100.86 2 0
github.com/keshablive/quester/internal/services/interaction_service.go:100.86,102.4 1 0
github.com/keshablive/quester/internal/services/interaction_service.go:103.3,103.39 1 0
github.com/keshablive/quester/internal/services/interaction_service.go:104.8,106.3 1 0
github.com/keshablive/quester/internal/services/interaction_service.go:109.2,109.34 1 0
github.com/keshablive/quester/internal/services/interaction_service.go:109.34,113.57 3 0
github.com/keshablive/quester/internal/services/interaction_service.go:113.57,115.4 1 0
github.com/keshablive/quester/internal/services/interaction_service.go:117.3,117.26 1 0
github.com/keshablive/quester/internal/services/interaction_service.go:121.2,122.16 2 0
github.com/keshablive/quester/internal/services/interaction_service.go:122.16,126.3 2 0
github.com/keshablive/quester/internal/services/interaction_service.go:126.8,133.63 3 0
github.com/keshablive/quester/internal/services/interaction_service.go:133.63,136.58 1 0
github.com/keshablive/quester/internal/services/interaction_service.go:136.58,138.5 1 0
github.com/keshablive/quester/internal/services/interaction_service.go:141.4,141.114 1 0
github.com/keshablive/quester/internal/services/interaction_service.go:141.114,144.5 1 0
github.com/keshablive/quester/internal/services/interaction_service.go:146.4,146.27 1 0
github.com/keshablive/quester/internal/services/interaction_service.go:151.2,151.56 1 0
github.com/keshablive/quester/internal/services/interaction_service.go:151.56,153.3 1 0
github.com/keshablive/quester/internal/services/interaction_service.go:155.2,155.25 1 0
github.com/keshablive/quester/internal/services/interaction_service.go:159.108,169.35 4 0
github.com/keshablive/quester/internal/services/interaction_service.go:169.35,171.3 1 0
github.com/keshablive/quester/internal/services/interaction_service.go:173.2,173.32 1 0
github.com/keshablive/quester/internal/services/interaction_service.go:173.32,175.3 1 0
github.com/keshablive/quester/internal/services/interaction_service.go:177.2,177.34 1 0
github.com/keshablive/quester/internal/services/interaction_service.go:177.34,179.3 1 0
github.com/keshablive/quester/internal/services/interaction_service.go:179.8,183.3 1 0
github.com/keshablive/quester/internal/services/interaction_service.go:186.2,189.50 2 0
github.com/keshablive/quester/internal/services/interaction_service.go:189.50,191.3 1 0
github.com/keshablive/quester/internal/services/interaction_service.go:194.2,194.23 1 0
github.com/keshablive/quester/internal/services/interaction_service.go:194.23,196.3 1 0
github.com/keshablive/quester/internal/services/interaction_service.go:197.2,197.24 1 0
github.com/keshablive/quester/internal/services/interaction_service.go:197.24,199.3 1 0
github.com/keshablive/quester/internal/services/interaction_service.go:202.2,205.59 2 0
github.com/keshablive/quester/internal/services/interaction_service.go:205.59,207.3 1 0
github.com/keshablive/quester/internal/services/interaction_service.go:210.2,210.56 1 0
github.com/keshablive/quester/internal/services/interaction_service.go:210.56,212.3 1 0
github.com/keshablive/quester/internal/services/interaction_service.go:214.2,214.33 1 0
github.com/keshablive/quester/internal/services/interaction_service.go:218.103,222.46 2 0
github.com/keshablive/quester/internal/services/interaction_service.go:222.46,224.4 1 0
github.com/keshablive/quester/internal/services/interaction_service.go:227.2,227.16 1 0
github.com/keshablive/quester/internal/services/interaction_service.go:227.16,229.3 1 0
github.com/keshablive/quester/internal/services/interaction_service.go:231.2,231.26 1 0
github.com/keshablive/quester/internal/services/interaction_service.go:235.138,244.50 4 0
github.com/keshablive/quester/internal/services/interaction_service.go:244.50,246.3 1 0
github.com/keshablive/quester/internal/services/interaction_service.go:249.2,249.15 1 0
github.com/keshablive/quester/internal/services/interaction_service.go:249.15,251.3 1 0
github.com/keshablive/quester/internal/services/interaction_service.go:252.2,252.16 1 0
github.com/keshablive/quester/internal/services/interaction_service.go:252.16,254.3 1 0
github.com/keshablive/quester/internal/services/interaction_service.go:257.2,260.59 2 0
github.com/keshablive/quester/internal/services/interaction_service.go:260.59,262.3 1 0
github.com/keshablive/quester/internal/services/interaction_service.go:264.2,264.56 1 0
github.com/keshablive/quester/internal/services/interaction_service.go:264.56,266.3 1 0
github.com/keshablive/quester/internal/services/interaction_service.go:268.2,268.33 1 0
github.com/keshablive/quester/internal/services/interaction_service.go:272.87,276.41 2 0
github.com/keshablive/quester/internal/services/interaction_service.go:276.41,278.3 1 0
github.com/keshablive/quester/internal/services/interaction_service.go:280.2,280.34 1 0
github.com/keshablive/quester/internal/services/interaction_service.go:280.34,282.3 1 0
github.com/keshablive/quester/internal/services/interaction_service.go:285.2,286.82 1 0
github.com/keshablive/quester/internal/services/interaction_service.go:286.82,288.3 1 0
github.com/keshablive/quester/internal/services/interaction_service.go:290.2,290.12 1 0
github.com/keshablive/quester/internal/services/interaction_service.go:294.127,339.2 17 0
github.com/keshablive/quester/internal/services/interaction_service.go:342.115,349.16 3 0
github.com/keshablive/quester/internal/services/interaction_service.go:349.16,351.3 1 0
github.com/keshablive/quester/internal/services/interaction_service.go:353.2,353.23 1 0
github.com/keshablive/quester/internal/services/interaction_service.go:357.116,363.16 3 0
github.com/keshablive/quester/internal/services/interaction_service.go:363.16,364.36 1 0
github.com/keshablive/quester/internal/services/interaction_service.go:364.36,366.4 1 0
github.com/keshablive/quester/internal/services/interaction_service.go:367.3,367.18 1 0
github.com/keshablive/quester/internal/services/interaction_service.go:370.2,370.32 1 0
github.com/keshablive/quester/internal/services/kms_client.go:37.61,38.39 1 0
github.com/keshablive/quester/internal/services/kms_client.go:38.39,40.3 1 0
github.com/keshablive/quester/internal/services/kms_client.go:42.2,42.22 1 0
github.com/keshablive/quester/internal/services/kms_client.go:43.13,44.30 1 0
github.com/keshablive/quester/internal/services/kms_client.go:45.13,46.30 1 0
github.com/keshablive/quester/internal/services/kms_client.go:47.15,48.32 1 0
github.com/keshablive/quester/internal/services/kms_client.go:49.14,50.31 1 0
github.com/keshablive/quester/internal/services/kms_client.go:51.10,52.71 1 0
github.com/keshablive/quester/internal/services/kms_client.go:65.65,68.63 2 0
github.com/keshablive/quester/internal/services/kms_client.go:68.63,70.3 1 0
github.com/keshablive/quester/internal/services/kms_client.go:72.2,75.8 1 0
github.com/keshablive/quester/internal/services/kms_client.go:78.100,81.66 2 0
github.com/keshablive/quester/internal/services/kms_client.go:81.66,83.3 1 0
github.com/keshablive/quester/internal/services/kms_client.go:86.2,87.16 2 0
github.com/keshablive/quester/internal/services/kms_client.go:87.16,89.3 1 0
github.com/keshablive/quester/internal/services/kms_client.go:91.2,92.16 2 0
github.com/keshablive/quester/internal/services/kms_client.go:92.16,94.3 1 0
github.com/keshablive/quester/internal/services/kms_client.go:96.2,97.59 2 0
github.com/keshablive/quester/internal/services/kms_client.go:97.59,99.3 1 0
github.com/keshablive/quester/internal/services/kms_client.go:101.2,103.40 2 0
github.com/keshablive/quester/internal/services/kms_client.go:106.91,108.16 2 0
github.com/keshablive/quester/internal/services/kms_client.go:108.16,110.3 1 0
github.com/keshablive/quester/internal/services/kms_client.go:112.2,113.16 2 0
github.com/keshablive/quester/internal/services/kms_client.go:113.16,115.3 1 0
github.com/keshablive/quester/internal/services/kms_client.go:117.2,118.35 2 0
github.com/keshablive/quester/internal/services/kms_client.go:118.35,120.3 1 0
github.com/keshablive/quester/internal/services/kms_client.go:122.2,124.16 3 0
github.com/keshablive/quester/internal/services/kms_client.go:124.16,126.3 1 0
github.com/keshablive/quester/internal/services/kms_client.go:128.2,128.26 1 0
github.com/keshablive/quester/internal/services/kms_client.go:131.44,133.2 1 0
github.com/keshablive/quester/internal/services/kms_client.go:135.46,137.2 1 0
github.com/keshablive/quester/internal/services/kms_client.go:148.64,159.2 1 0
github.com/keshablive/quester/internal/services/kms_client.go:161.99,167.2 1 0
github.com/keshablive/quester/internal/services/kms_client.go:169.90,172.2 1 0
github.com/keshablive/quester/internal/services/kms_client.go:174.43,176.2 1 0
github.com/keshablive/quester/internal/services/kms_client.go:178.45,180.2 1 0
github.com/keshablive/quester/internal/services/kms_client.go:191.64,197.2 1 0
github.com/keshablive/quester/internal/services/kms_client.go:199.99,201.2 1 0
github.com/keshablive/quester/internal/services/kms_client.go:203.90,205.2 1 0
github.com/keshablive/quester/internal/services/kms_client.go:207.43,209.2 1 0
github.com/keshablive/quester/internal/services/kms_client.go:211.45,213.2 1 0
github.com/keshablive/quester/internal/services/kms_client.go:224.66,230.2 1 0
github.com/keshablive/quester/internal/services/kms_client.go:232.101,234.2 1 0
github.com/keshablive/quester/internal/services/kms_client.go:236.92,238.2 1 0
github.com/keshablive/quester/internal/services/kms_client.go:240.45,242.2 1 0
github.com/keshablive/quester/internal/services/kms_client.go:244.47,246.2 1 0
github.com/keshablive/quester/internal/services/kms_client.go:253.69,255.16 2 0
github.com/keshablive/quester/internal/services/kms_client.go:255.16,257.3 1 0
github.com/keshablive/quester/internal/services/kms_client.go:259.2,260.16 2 0
github.com/keshablive/quester/internal/services/kms_client.go:260.16,262.3 1 0
github.com/keshablive/quester/internal/services/kms_client.go:264.2,265.59 2 0
github.com/keshablive/quester/internal/services/kms_client.go:265.59,267.3 1 0
github.com/keshablive/quester/internal/services/kms_client.go:269.2,270.59 2 0
github.com/keshablive/quester/internal/services/kms_client.go:274.80,276.16 2 0
github.com/keshablive/quester/internal/services/kms_client.go:276.16,278.3 1 0
github.com/keshablive/quester/internal/services/kms_client.go:280.2,281.16 2 0
github.com/keshablive/quester/internal/services/kms_client.go:281.16,283.3 1 0
github.com/keshablive/quester/internal/services/kms_client.go:285.2,286.16 2 0
github.com/keshablive/quester/internal/services/kms_client.go:286.16,288.3 1 0
github.com/keshablive/quester/internal/services/kms_client.go:290.2,291.33 2 0
github.com/keshablive/quester/internal/services/kms_client.go:291.33,293.3 1 0
github.com/keshablive/quester/internal/services/kms_client.go:295.2,297.16 3 0
github.com/keshablive/quester/internal/services/kms_client.go:297.16,299.3 1 0
github.com/keshablive/quester/internal/services/kms_client.go:301.2,301.23 1 0
github.com/keshablive/quester/internal/services/kms_service.go:41.108,43.16 2 0
github.com/keshablive/quester/internal/services/kms_service.go:43.16,45.3 1 0
github.com/keshablive/quester/internal/services/kms_service.go:47.2,55.21 2 0
github.com/keshablive/quester/internal/services/kms_service.go:64.138,67.16 2 0
github.com/keshablive/quester/internal/services/kms_service.go:67.16,70.3 2 0
github.com/keshablive/quester/internal/services/kms_service.go:73.2,74.16 2 0
github.com/keshablive/quester/internal/services/kms_service.go:74.16,77.3 2 0
github.com/keshablive/quester/internal/services/kms_service.go:79.2,89.55 3 0
github.com/keshablive/quester/internal/services/kms_service.go:97.147,99.26 1 0
github.com/keshablive/quester/internal/services/kms_service.go:99.26,103.3 3 0
github.com/keshablive/quester/internal/services/kms_service.go:104.2,104.28 1 0
github.com/keshablive/quester/internal/services/kms_service.go:104.28,108.3 3 0
github.com/keshablive/quester/internal/services/kms_service.go:111.2,112.16 2 0
github.com/keshablive/quester/internal/services/kms_service.go:112.16,115.3 2 0
github.com/keshablive/quester/internal/services/kms_service.go:116.2,116.16 1 0
github.com/keshablive/quester/internal/services/kms_service.go:116.16,120.3 3 0
github.com/keshablive/quester/internal/services/kms_service.go:123.2,129.12 4 0
github.com/keshablive/quester/internal/services/kms_service.go:129.12,133.17 3 0
github.com/keshablive/quester/internal/services/kms_service.go:133.17,136.4 2 0
github.com/keshablive/quester/internal/services/kms_service.go:139.3,139.30 1 0
github.com/keshablive/quester/internal/services/kms_service.go:139.30,143.4 3 0
github.com/keshablive/quester/internal/services/kms_service.go:146.3,146.41 1 0
github.com/keshablive/quester/internal/services/kms_service.go:150.2,151.16 2 0
github.com/keshablive/quester/internal/services/kms_service.go:151.16,154.3 2 0
github.com/keshablive/quester/internal/services/kms_service.go:157.2,159.31 2 0
github.com/keshablive/quester/internal/services/kms_service.go:167.105,171.16 2 0
github.com/keshablive/quester/internal/services/kms_service.go:171.16,177.12 4 0
github.com/keshablive/quester/internal/services/kms_service.go:177.12,179.4 1 0
github.com/keshablive/quester/internal/services/kms_service.go:182.3,183.17 2 0
github.com/keshablive/quester/internal/services/kms_service.go:183.17,185.4 1 0
github.com/keshablive/quester/internal/services/kms_service.go:187.3,188.38 2 0
github.com/keshablive/quester/internal/services/kms_service.go:191.2,191.35 1 0
github.com/keshablive/quester/internal/services/kms_service.go:191.35,193.3 1 0
github.com/keshablive/quester/internal/services/kms_service.go:196.2,196.30 1 0
github.com/keshablive/quester/internal/services/kms_service.go:200.97,203.16 2 0
github.com/keshablive/quester/internal/services/kms_service.go:203.16,205.3 1 0
github.com/keshablive/quester/internal/services/kms_service.go:208.2,209.16 2 0
github.com/keshablive/quester/internal/services/kms_service.go:209.16,211.3 1 0
github.com/keshablive/quester/internal/services/kms_service.go:212.2,226.51 3 0
github.com/keshablive/quester/internal/services/kms_service.go:226.51,228.3 1 0
github.com/keshablive/quester/internal/services/kms_service.go:231.2,238.34 5 0
github.com/keshablive/quester/internal/services/kms_service.go:242.84,246.49 2 0
github.com/keshablive/quester/internal/services/kms_service.go:246.49,248.3 1 0
github.com/keshablive/quester/internal/services/kms_service.go:251.2,251.16 1 0
github.com/keshablive/quester/internal/services/kms_service.go:251.16,253.59 2 0
github.com/keshablive/quester/internal/services/kms_service.go:253.59,255.4 1 0
github.com/keshablive/quester/internal/services/kms_service.go:259.2,260.16 2 0
github.com/keshablive/quester/internal/services/kms_service.go:260.16,262.3 1 0
github.com/keshablive/quester/internal/services/kms_service.go:265.2,266.26 2 0
github.com/keshablive/quester/internal/services/kms_service.go:266.26,268.3 1 0
github.com/keshablive/quester/internal/services/kms_service.go:269.2,271.20 2 0
github.com/keshablive/quester/internal/services/kms_service.go:289.47,299.2 3 0
github.com/keshablive/quester/internal/services/kms_service.go:301.51,306.13 4 0
github.com/keshablive/quester/internal/services/kms_service.go:306.13,308.3 1 0
github.com/keshablive/quester/internal/services/kms_service.go:310.2,310.39 1 0
github.com/keshablive/quester/internal/services/kms_service.go:310.39,312.3 1 0
github.com/keshablive/quester/internal/services/kms_service.go:314.2,314.25 1 0
github.com/keshablive/quester/internal/services/kms_service.go:317.49,325.2 3 0
github.com/keshablive/quester/internal/services/kms_service.go:327.30,331.21 3 0
github.com/keshablive/quester/internal/services/kms_service.go:331.21,334.35 3 0
github.com/keshablive/quester/internal/services/kms_service.go:334.35,335.34 1 0
github.com/keshablive/quester/internal/services/kms_service.go:335.34,337.5 1 0
github.com/keshablive/quester/internal/services/kms_service.go:339.3,339.16 1 0
github.com/keshablive/quester/internal/services/kms_service.go:362.70,367.2 1 0
github.com/keshablive/quester/internal/services/kms_service.go:369.85,370.16 1 0
github.com/keshablive/quester/internal/services/kms_service.go:370.16,372.3 1 0
github.com/keshablive/quester/internal/services/kms_service.go:374.2,383.16 2 0
github.com/keshablive/quester/internal/services/kms_service.go:386.85,387.16 1 0
github.com/keshablive/quester/internal/services/kms_service.go:387.16,389.3 1 0
github.com/keshablive/quester/internal/services/kms_service.go:391.2,400.16 2 0
github.com/keshablive/quester/internal/services/kms_service.go:403.70,404.16 1 0
github.com/keshablive/quester/internal/services/kms_service.go:404.16,406.3 1 0
github.com/keshablive/quester/internal/services/kms_service.go:408.2,416.16 2 0
github.com/keshablive/quester/internal/services/kms_service.go:419.68,420.16 1 0
github.com/keshablive/quester/internal/services/kms_service.go:420.16,422.3 1 0
github.com/keshablive/quester/internal/services/kms_service.go:424.2,431.16 2 0
github.com/keshablive/quester/internal/services/kms_service.go:434.84,435.16 1 0
github.com/keshablive/quester/internal/services/kms_service.go:435.16,437.3 1 0
github.com/keshablive/quester/internal/services/kms_service.go:439.2,447.16 2 0
github.com/keshablive/quester/internal/services/kms_service.go:450.53,454.46 2 0
github.com/keshablive/quester/internal/services/kms_service.go:454.46,456.3 1 0
github.com/keshablive/quester/internal/services/kms_service.go:456.8,460.3 1 0
github.com/keshablive/quester/internal/services/leaderboard_service.go:33.23,40.2 1 0
github.com/keshablive/quester/internal/services/leaderboard_service.go:51.9,56.27 2 0
github.com/keshablive/quester/internal/services/leaderboard_service.go:56.27,64.17 3 0
github.com/keshablive/quester/internal/services/leaderboard_service.go:64.17,66.4 1 0
github.com/keshablive/quester/internal/services/leaderboard_service.go:69.3,69.24 1 0
github.com/keshablive/quester/internal/services/leaderboard_service.go:69.24,71.4 1 0
github.com/keshablive/quester/internal/services/leaderboard_service.go:74.2,74.12 1 0
github.com/keshablive/quester/internal/services/leaderboard_service.go:86.38,88.16 1 0
github.com/keshablive/quester/internal/services/leaderboard_service.go:88.16,90.3 1 0
github.com/keshablive/quester/internal/services/leaderboard_service.go:91.2,91.17 1 0
github.com/keshablive/quester/internal/services/leaderboard_service.go:91.17,93.3 1 0
github.com/keshablive/quester/internal/services/leaderboard_service.go:96.2,101.16 3 0
github.com/keshablive/quester/internal/services/leaderboard_service.go:101.16,103.3 1 0
github.com/keshablive/quester/internal/services/leaderboard_service.go:106.2,107.33 2 0
github.com/keshablive/quester/internal/services/leaderboard_service.go:107.33,115.17 5 0
github.com/keshablive/quester/internal/services/leaderboard_service.go:115.17,117.12 1 0
github.com/keshablive/quester/internal/services/leaderboard_service.go:121.3,122.17 2 0
github.com/keshablive/quester/internal/services/leaderboard_service.go:122.17,124.12 1 0
github.com/keshablive/quester/internal/services/leaderboard_service.go:128.3,129.25 2 0
github.com/keshablive/quester/internal/services/leaderboard_service.go:129.25,131.4 1 0
github.com/keshablive/quester/internal/services/leaderboard_service.go:133.3,141.35 2 0
github.com/keshablive/quester/internal/services/leaderboard_service.go:144.2,144.21 1 0
github.com/keshablive/quester/internal/services/leaderboard_service.go:155.44,162.22 4 0
github.com/keshablive/quester/internal/services/leaderboard_service.go:162.22,175.3 1 0
github.com/keshablive/quester/internal/services/leaderboard_service.go:175.8,175.23 1 0
github.com/keshablive/quester/internal/services/leaderboard_service.go:175.23,177.3 1 0
github.com/keshablive/quester/internal/services/leaderboard_service.go:180.2,181.16 2 0
github.com/keshablive/quester/internal/services/leaderboard_service.go:181.16,183.3 1 0
github.com/keshablive/quester/internal/services/leaderboard_service.go:186.2,187.16 2 0
github.com/keshablive/quester/internal/services/leaderboard_service.go:187.16,189.3 1 0
github.com/keshablive/quester/internal/services/leaderboard_service.go:192.2,193.20 2 0
github.com/keshablive/quester/internal/services/leaderboard_service.go:193.20,195.3 1 0
github.com/keshablive/quester/internal/services/leaderboard_service.go:197.2,209.22 2 0
github.com/keshablive/quester/internal/services/leaderboard_service.go:214.82,226.2 2 0
github.com/keshablive/quester/internal/services/leaderboard_service.go:236.9,239.16 2 0
github.com/keshablive/quester/internal/services/leaderboard_service.go:239.16,241.3 1 0
github.com/keshablive/quester/internal/services/leaderboard_service.go:244.2,245.32 2 0
github.com/keshablive/quester/internal/services/leaderboard_service.go:245.32,258.3 2 0
github.com/keshablive/quester/internal/services/leaderboard_service.go:261.2,261.76 1 0
github.com/keshablive/quester/internal/services/leaderboard_service.go:261.76,263.3 1 0
github.com/keshablive/quester/internal/services/leaderboard_service.go:265.2,265.12 1 0
github.com/keshablive/quester/internal/services/leaderboard_service.go:274.12,286.2 6 0
github.com/keshablive/quester/internal/services/leaderboard_service.go:300.10,303.47 2 0
github.com/keshablive/quester/internal/services/leaderboard_service.go:303.47,305.56 1 0
github.com/keshablive/quester/internal/services/leaderboard_service.go:305.56,307.4 1 0
github.com/keshablive/quester/internal/services/leaderboard_service.go:308.3,308.41 1 0
github.com/keshablive/quester/internal/services/leaderboard_service.go:309.8,312.56 2 0
github.com/keshablive/quester/internal/services/leaderboard_service.go:312.56,314.4 1 0
github.com/keshablive/quester/internal/services/leaderboard_service.go:315.3,315.51 1 0
github.com/keshablive/quester/internal/services/leaderboard_service.go:320.83,321.47 1 0
github.com/keshablive/quester/internal/services/leaderboard_service.go:321.47,323.3 1 0
github.com/keshablive/quester/internal/services/leaderboard_service.go:324.2,324.37 1 0
github.com/keshablive/quester/internal/services/leaderboard_service.go:328.36,330.2 1 0
github.com/keshablive/quester/internal/services/leaderboard_service.go:333.27,335.2 1 0
github.com/keshablive/quester/internal/services/leaderboard_service.go:343.9,345.27 2 0
github.com/keshablive/quester/internal/services/leaderboard_service.go:345.27,346.68 1 0
github.com/keshablive/quester/internal/services/leaderboard_service.go:346.68,348.4 1 0
github.com/keshablive/quester/internal/services/leaderboard_service.go:350.2,350.12 1 0
github.com/keshablive/quester/internal/services/lesson_service.go:20.51,25.2 1 0
github.com/keshablive/quester/internal/services/lesson_service.go:39.82,42.64 2 0
github.com/keshablive/quester/internal/services/lesson_service.go:42.64,43.45 1 0
github.com/keshablive/quester/internal/services/lesson_service.go:43.45,45.4 1 0
github.com/keshablive/quester/internal/services/lesson_service.go:46.3,46.18 1 0
github.com/keshablive/quester/internal/services/lesson_service.go:50.2,50.37 1 0
github.com/keshablive/quester/internal/services/lesson_service.go:50.37,53.43 2 0
github.com/keshablive/quester/internal/services/lesson_service.go:53.43,55.4 1 0
github.com/keshablive/quester/internal/services/lesson_service.go:59.2,69.50 2 0
github.com/keshablive/quester/internal/services/lesson_service.go:69.50,71.3 1 0
github.com/keshablive/quester/internal/services/lesson_service.go:73.2,73.20 1 0
github.com/keshablive/quester/internal/services/lesson_service.go:77.77,83.16 3 0
github.com/keshablive/quester/internal/services/lesson_service.go:83.16,84.45 1 0
github.com/keshablive/quester/internal/services/lesson_service.go:84.45,86.4 1 0
github.com/keshablive/quester/internal/services/lesson_service.go:87.3,87.18 1 0
github.com/keshablive/quester/internal/services/lesson_service.go:90.2,90.21 1 0
github.com/keshablive/quester/internal/services/lesson_service.go:94.111,96.2 1 0
github.com/keshablive/quester/internal/services/lesson_service.go:99.87,105.16 3 0
github.com/keshablive/quester/internal/services/lesson_service.go:105.16,107.3 1 0
github.com/keshablive/quester/internal/services/lesson_service.go:109.2,109.21 1 0
github.com/keshablive/quester/internal/services/lesson_service.go:113.125,115.2 1 0
github.com/keshablive/quester/internal/services/lesson_service.go:128.102,130.16 2 0
github.com/keshablive/quester/internal/services/lesson_service.go:130.16,132.3 1 0
github.com/keshablive/quester/internal/services/lesson_service.go:135.2,135.37 1 0
github.com/keshablive/quester/internal/services/lesson_service.go:135.37,138.43 2 0
github.com/keshablive/quester/internal/services/lesson_service.go:138.43,140.4 1 0
github.com/keshablive/quester/internal/services/lesson_service.go:144.2,144.22 1 0
github.com/keshablive/quester/internal/services/lesson_service.go:144.22,146.3 1 0
github.com/keshablive/quester/internal/services/lesson_service.go:147.2,147.28 1 0
github.com/keshablive/quester/internal/services/lesson_service.go:147.28,149.3 1 0
github.com/keshablive/quester/internal/services/lesson_service.go:150.2,150.24 1 0
github.com/keshablive/quester/internal/services/lesson_service.go:150.24,152.3 1 0
github.com/keshablive/quester/internal/services/lesson_service.go:153.2,153.27 1 0
github.com/keshablive/quester/internal/services/lesson_service.go:153.27,155.3 1 0
github.com/keshablive/quester/internal/services/lesson_service.go:156.2,156.37 1 0
github.com/keshablive/quester/internal/services/lesson_service.go:156.37,158.3 1 0
github.com/keshablive/quester/internal/services/lesson_service.go:159.2,159.25 1 0
github.com/keshablive/quester/internal/services/lesson_service.go:159.25,161.3 1 0
github.com/keshablive/quester/internal/services/lesson_service.go:163.2,163.48 1 0
github.com/keshablive/quester/internal/services/lesson_service.go:163.48,165.3 1 0
github.com/keshablive/quester/internal/services/lesson_service.go:167.2,167.20 1 0
github.com/keshablive/quester/internal/services/lesson_service.go:171.58,176.35 2 0
github.com/keshablive/quester/internal/services/lesson_service.go:176.35,178.3 1 0
github.com/keshablive/quester/internal/services/lesson_service.go:180.2,180.15 1 0
github.com/keshablive/quester/internal/services/lesson_service.go:180.15,182.3 1 0
github.com/keshablive/quester/internal/services/lesson_service.go:184.2,184.54 1 0
github.com/keshablive/quester/internal/services/lesson_service.go:188.90,190.16 2 0
github.com/keshablive/quester/internal/services/lesson_service.go:190.16,192.3 1 0
github.com/keshablive/quester/internal/services/lesson_service.go:195.2,195.40 1 0
github.com/keshablive/quester/internal/services/lesson_service.go:195.40,197.3 1 0
github.com/keshablive/quester/internal/services/lesson_service.go:200.2,205.16 3 0
github.com/keshablive/quester/internal/services/lesson_service.go:205.16,207.3 1 0
github.com/keshablive/quester/internal/services/lesson_service.go:209.2,209.16 1 0
github.com/keshablive/quester/internal/services/lesson_service.go:209.16,211.3 1 0
github.com/keshablive/quester/internal/services/lesson_service.go:213.2,213.12 1 0
github.com/keshablive/quester/internal/services/lesson_service.go:224.96,229.16 3 0
github.com/keshablive/quester/internal/services/lesson_service.go:229.16,231.3 1 0
github.com/keshablive/quester/internal/services/lesson_service.go:234.2,234.73 1 0
github.com/keshablive/quester/internal/services/lesson_service.go:234.73,236.3 1 0
github.com/keshablive/quester/internal/services/lesson_service.go:239.2,243.16 3 0
github.com/keshablive/quester/internal/services/lesson_service.go:243.16,245.23 1 0
github.com/keshablive/quester/internal/services/lesson_service.go:245.23,247.53 2 0
github.com/keshablive/quester/internal/services/lesson_service.go:247.53,249.5 1 0
github.com/keshablive/quester/internal/services/lesson_service.go:251.3,251.24 1 0
github.com/keshablive/quester/internal/services/lesson_service.go:254.2,254.45 1 0
github.com/keshablive/quester/internal/services/lesson_service.go:254.45,256.3 1 0
github.com/keshablive/quester/internal/services/lesson_service.go:259.2,265.54 2 0
github.com/keshablive/quester/internal/services/lesson_service.go:265.54,267.3 1 0
github.com/keshablive/quester/internal/services/lesson_service.go:270.2,270.25 1 0
github.com/keshablive/quester/internal/services/lesson_service.go:270.25,271.64 1 0
github.com/keshablive/quester/internal/services/lesson_service.go:271.64,275.4 1 0
github.com/keshablive/quester/internal/services/lesson_service.go:275.9,281.86 2 0
github.com/keshablive/quester/internal/services/lesson_service.go:281.86,283.5 1 0
github.com/keshablive/quester/internal/services/lesson_service.go:286.4,287.72 2 0
github.com/keshablive/quester/internal/services/lesson_service.go:287.72,288.91 1 0
github.com/keshablive/quester/internal/services/lesson_service.go:288.91,290.6 1 0
github.com/keshablive/quester/internal/services/lesson_service.go:296.2,300.16 3 0
github.com/keshablive/quester/internal/services/lesson_service.go:300.16,301.57 1 0
github.com/keshablive/quester/internal/services/lesson_service.go:301.57,305.4 1 0
github.com/keshablive/quester/internal/services/lesson_service.go:305.9,308.4 1 0
github.com/keshablive/quester/internal/services/lesson_service.go:311.3,311.67 1 0
github.com/keshablive/quester/internal/services/lesson_service.go:311.67,314.4 1 0
github.com/keshablive/quester/internal/services/lesson_service.go:317.2,317.24 1 0
github.com/keshablive/quester/internal/services/lesson_service.go:322.65,326.2 1 0
github.com/keshablive/quester/internal/services/lesson_service.go:329.89,336.34 3 0
github.com/keshablive/quester/internal/services/lesson_service.go:336.34,338.3 1 0
github.com/keshablive/quester/internal/services/lesson_service.go:341.2,341.37 1 0
github.com/keshablive/quester/internal/services/lesson_service.go:341.37,344.47 1 0
github.com/keshablive/quester/internal/services/lesson_service.go:344.47,346.4 1 0
github.com/keshablive/quester/internal/services/lesson_service.go:349.2,349.12 1 0
github.com/keshablive/quester/internal/services/lesson_service.go:353.95,374.2 4 0
github.com/keshablive/quester/internal/services/marketplace_service.go:35.23,44.2 1 0
github.com/keshablive/quester/internal/services/marketplace_service.go:48.177,51.16 2 0
github.com/keshablive/quester/internal/services/marketplace_service.go:51.16,53.3 1 0
github.com/keshablive/quester/internal/services/marketplace_service.go:54.2,54.19 1 0
github.com/keshablive/quester/internal/services/marketplace_service.go:54.19,56.3 1 0
github.com/keshablive/quester/internal/services/marketplace_service.go:58.2,62.76 3 0
github.com/keshablive/quester/internal/services/marketplace_service.go:62.76,64.3 1 0
github.com/keshablive/quester/internal/services/marketplace_service.go:67.2,67.63 1 0
github.com/keshablive/quester/internal/services/marketplace_service.go:67.63,69.3 1 0
github.com/keshablive/quester/internal/services/marketplace_service.go:71.2,71.21 1 0
github.com/keshablive/quester/internal/services/marketplace_service.go:75.139,77.16 2 0
github.com/keshablive/quester/internal/services/marketplace_service.go:77.16,78.45 1 0
github.com/keshablive/quester/internal/services/marketplace_service.go:78.45,80.4 1 0
github.com/keshablive/quester/internal/services/marketplace_service.go:81.3,81.56 1 0
github.com/keshablive/quester/internal/services/marketplace_service.go:84.2,84.21 1 0
github.com/keshablive/quester/internal/services/marketplace_service.go:88.187,90.14 1 0
github.com/keshablive/quester/internal/services/marketplace_service.go:90.14,92.3 1 0
github.com/keshablive/quester/internal/services/marketplace_service.go:93.2,93.36 1 0
github.com/keshablive/quester/internal/services/marketplace_service.go:93.36,95.3 1 0
github.com/keshablive/quester/internal/services/marketplace_service.go:97.2,98.16 2 0
github.com/keshablive/quester/internal/services/marketplace_service.go:98.16,100.3 1 0
github.com/keshablive/quester/internal/services/marketplace_service.go:102.2,102.29 1 0
github.com/keshablive/quester/internal/services/marketplace_service.go:106.194,109.16 2 0
github.com/keshablive/quester/internal/services/marketplace_service.go:109.16,110.45 1 0
github.com/keshablive/quester/internal/services/marketplace_service.go:110.45,112.4 1 0
github.com/keshablive/quester/internal/services/marketplace_service.go:113.3,113.61 1 0
github.com/keshablive/quester/internal/services/marketplace_service.go:117.2,117.34 1 0
github.com/keshablive/quester/internal/services/marketplace_service.go:117.34,119.3 1 0
github.com/keshablive/quester/internal/services/marketplace_service.go:122.2,122.72 1 0
github.com/keshablive/quester/internal/services/marketplace_service.go:122.72,124.3 1 0
github.com/keshablive/quester/internal/services/marketplace_service.go:126.2,126.21 1 0
github.com/keshablive/quester/internal/services/marketplace_service.go:130.132,133.16 2 0
github.com/keshablive/quester/internal/services/marketplace_service.go:133.16,134.45 1 0
github.com/keshablive/quester/internal/services/marketplace_service.go:134.45,136.4 1 0
github.com/keshablive/quester/internal/services/marketplace_service.go:137.3,137.56 1 0
github.com/keshablive/quester/internal/services/marketplace_service.go:141.2,141.34 1 0
github.com/keshablive/quester/internal/services/marketplace_service.go:141.34,143.3 1 0
github.com/keshablive/quester/internal/services/marketplace_service.go:146.2,146.63 1 0
github.com/keshablive/quester/internal/services/marketplace_service.go:146.63,148.3 1 0
github.com/keshablive/quester/internal/services/marketplace_service.go:150.2,150.12 1 0
github.com/keshablive/quester/internal/services/marketplace_service.go:154.163,157.16 2 0
github.com/keshablive/quester/internal/services/marketplace_service.go:157.16,158.45 1 0
github.com/keshablive/quester/internal/services/marketplace_service.go:158.45,160.4 1 0
github.com/keshablive/quester/internal/services/marketplace_service.go:161.3,161.61 1 0
github.com/keshablive/quester/internal/services/marketplace_service.go:165.2,165.34 1 0
github.com/keshablive/quester/internal/services/marketplace_service.go:165.34,167.3 1 0
github.com/keshablive/quester/internal/services/marketplace_service.go:170.2,170.47 1 0
github.com/keshablive/quester/internal/services/marketplace_service.go:170.47,172.3 1 0
github.com/keshablive/quester/internal/services/marketplace_service.go:175.2,182.17 4 0
github.com/keshablive/quester/internal/services/marketplace_service.go:182.17,184.3 1 0
github.com/keshablive/quester/internal/services/marketplace_service.go:186.2,186.21 1 0
github.com/keshablive/quester/internal/services/marketplace_service.go:190.178,195.2 2 0
github.com/keshablive/quester/internal/services/marketplace_service.go:198.139,200.29 1 0
github.com/keshablive/quester/internal/services/marketplace_service.go:200.29,202.17 2 0
github.com/keshablive/quester/internal/services/marketplace_service.go:202.17,203.46 1 0
github.com/keshablive/quester/internal/services/marketplace_service.go:203.46,205.5 1 0
github.com/keshablive/quester/internal/services/marketplace_service.go:206.4,206.69 1 0
github.com/keshablive/quester/internal/services/marketplace_service.go:235.2,235.12 1 0
github.com/keshablive/quester/internal/services/marketplace_service.go:239.229,242.16 2 0
github.com/keshablive/quester/internal/services/marketplace_service.go:242.16,243.45 1 0
github.com/keshablive/quester/internal/services/marketplace_service.go:243.45,245.4 1 0
github.com/keshablive/quester/internal/services/marketplace_service.go:246.3,246.52 1 0
github.com/keshablive/quester/internal/services/marketplace_service.go:250.2,250.30 1 0
github.com/keshablive/quester/internal/services/marketplace_service.go:250.30,252.3 1 0
github.com/keshablive/quester/internal/services/marketplace_service.go:255.2,265.67 2 0
github.com/keshablive/quester/internal/services/marketplace_service.go:265.67,267.44 1 0
github.com/keshablive/quester/internal/services/marketplace_service.go:267.44,269.4 1 0
github.com/keshablive/quester/internal/services/marketplace_service.go:270.3,270.52 1 0
github.com/keshablive/quester/internal/services/marketplace_service.go:273.2,273.20 1 0
github.com/keshablive/quester/internal/services/marketplace_service.go:277.178,279.14 1 0
github.com/keshablive/quester/internal/services/marketplace_service.go:279.14,281.3 1 0
github.com/keshablive/quester/internal/services/marketplace_service.go:282.2,282.36 1 0
github.com/keshablive/quester/internal/services/marketplace_service.go:282.36,284.3 1 0
github.com/keshablive/quester/internal/services/marketplace_service.go:286.2,296.85 5 0
github.com/keshablive/quester/internal/services/marketplace_service.go:296.85,298.3 1 0
github.com/keshablive/quester/internal/services/marketplace_service.go:301.2,305.36 1 0
github.com/keshablive/quester/internal/services/marketplace_service.go:305.36,307.3 1 0
github.com/keshablive/quester/internal/services/marketplace_service.go:309.2,309.28 1 0
github.com/keshablive/quester/internal/services/marketplace_service.go:313.181,320.36 2 0
github.com/keshablive/quester/internal/services/marketplace_service.go:320.36,321.45 1 0
github.com/keshablive/quester/internal/services/marketplace_service.go:321.45,323.4 1 0
github.com/keshablive/quester/internal/services/marketplace_service.go:324.3,324.51 1 0
github.com/keshablive/quester/internal/services/marketplace_service.go:328.2,328.41 1 0
github.com/keshablive/quester/internal/services/marketplace_service.go:328.41,330.3 1 0
github.com/keshablive/quester/internal/services/marketplace_service.go:333.2,333.82 1 0
github.com/keshablive/quester/internal/services/marketplace_service.go:333.82,335.3 1 0
github.com/keshablive/quester/internal/services/marketplace_service.go:337.2,337.21 1 0
github.com/keshablive/quester/internal/services/marketplace_service.go:341.140,343.16 2 0
github.com/keshablive/quester/internal/services/marketplace_service.go:343.16,344.45 1 0
github.com/keshablive/quester/internal/services/marketplace_service.go:344.45,346.4 1 0
github.com/keshablive/quester/internal/services/marketplace_service.go:347.3,347.52 1 0
github.com/keshablive/quester/internal/services/marketplace_service.go:351.2,355.46 2 0
github.com/keshablive/quester/internal/services/marketplace_service.go:355.46,357.3 1 0
github.com/keshablive/quester/internal/services/marketplace_service.go:360.2,365.41 2 0
github.com/keshablive/quester/internal/services/marketplace_service.go:365.41,367.3 1 0
github.com/keshablive/quester/internal/services/marketplace_service.go:369.2,378.19 2 0
github.com/keshablive/quester/internal/services/messaging_service.go:26.57,34.2 1 0
github.com/keshablive/quester/internal/services/messaging_service.go:37.196,40.16 2 0
github.com/keshablive/quester/internal/services/messaging_service.go:40.16,42.3 1 0
github.com/keshablive/quester/internal/services/messaging_service.go:43.2,44.16 2 0
github.com/keshablive/quester/internal/services/messaging_service.go:44.16,46.3 1 0
github.com/keshablive/quester/internal/services/messaging_service.go:49.2,49.64 1 0
github.com/keshablive/quester/internal/services/messaging_service.go:49.64,51.3 1 0
github.com/keshablive/quester/internal/services/messaging_service.go:53.2,53.67 1 0
github.com/keshablive/quester/internal/services/messaging_service.go:53.67,55.3 1 0
github.com/keshablive/quester/internal/services/messaging_service.go:58.2,68.59 2 0
github.com/keshablive/quester/internal/services/messaging_service.go:68.59,70.3 1 0
github.com/keshablive/quester/internal/services/messaging_service.go:72.2,72.21 1 0
github.com/keshablive/quester/internal/services/messaging_service.go:76.191,79.16 2 0
github.com/keshablive/quester/internal/services/messaging_service.go:79.16,81.3 1 0
github.com/keshablive/quester/internal/services/messaging_service.go:84.2,84.64 1 0
github.com/keshablive/quester/internal/services/messaging_service.go:84.64,86.3 1 0
github.com/keshablive/quester/internal/services/messaging_service.go:89.2,90.16 2 0
github.com/keshablive/quester/internal/services/messaging_service.go:90.16,92.3 1 0
github.com/keshablive/quester/internal/services/messaging_service.go:95.2,96.16 2 0
github.com/keshablive/quester/internal/services/messaging_service.go:96.16,98.3 1 0
github.com/keshablive/quester/internal/services/messaging_service.go:100.2,100.15 1 0
github.com/keshablive/quester/internal/services/messaging_service.go:100.15,102.3 1 0
github.com/keshablive/quester/internal/services/messaging_service.go:105.2,106.16 2 0
github.com/keshablive/quester/internal/services/messaging_service.go:106.16,108.3 1 0
github.com/keshablive/quester/internal/services/messaging_service.go:110.2,110.37 1 0
github.com/keshablive/quester/internal/services/messaging_service.go:110.37,112.3 1 0
github.com/keshablive/quester/internal/services/messaging_service.go:115.2,125.59 2 0
github.com/keshablive/quester/internal/services/messaging_service.go:125.59,127.3 1 0
github.com/keshablive/quester/internal/services/messaging_service.go:129.2,129.21 1 0
github.com/keshablive/quester/internal/services/messaging_service.go:133.156,135.2 1 0
github.com/keshablive/quester/internal/services/messaging_service.go:138.143,140.2 1 0
github.com/keshablive/quester/internal/services/messaging_service.go:143.117,145.16 2 0
github.com/keshablive/quester/internal/services/messaging_service.go:145.16,147.3 1 0
github.com/keshablive/quester/internal/services/messaging_service.go:148.2,148.21 1 0
github.com/keshablive/quester/internal/services/messaging_service.go:152.114,154.16 2 0
github.com/keshablive/quester/internal/services/messaging_service.go:154.16,156.3 1 0
github.com/keshablive/quester/internal/services/messaging_service.go:159.2,159.35 1 0
github.com/keshablive/quester/internal/services/messaging_service.go:159.35,161.3 1 0
github.com/keshablive/quester/internal/services/messaging_service.go:163.2,163.27 1 0
github.com/keshablive/quester/internal/services/messaging_service.go:163.27,165.3 1 0
github.com/keshablive/quester/internal/services/messaging_service.go:167.2,168.53 2 0
github.com/keshablive/quester/internal/services/messaging_service.go:172.109,174.16 2 0
github.com/keshablive/quester/internal/services/messaging_service.go:174.16,176.3 1 0
github.com/keshablive/quester/internal/services/messaging_service.go:179.2,179.35 1 0
github.com/keshablive/quester/internal/services/messaging_service.go:179.35,181.3 1 0
github.com/keshablive/quester/internal/services/messaging_service.go:183.2,183.22 1 0
github.com/keshablive/quester/internal/services/messaging_service.go:183.22,185.3 1 0
github.com/keshablive/quester/internal/services/messaging_service.go:187.2,188.53 2 0
github.com/keshablive/quester/internal/services/messaging_service.go:192.120,194.2 1 0
github.com/keshablive/quester/internal/services/messaging_service.go:197.105,199.16 2 0
github.com/keshablive/quester/internal/services/messaging_service.go:199.16,201.3 1 0
github.com/keshablive/quester/internal/services/messaging_service.go:204.2,204.32 1 0
github.com/keshablive/quester/internal/services/messaging_service.go:204.32,206.3 1 0
github.com/keshablive/quester/internal/services/messaging_service.go:208.2,208.55 1 0
github.com/keshablive/quester/internal/services/messaging_service.go:212.104,214.2 1 0
github.com/keshablive/quester/internal/services/messaging_service.go:217.143,219.2 1 0
github.com/keshablive/quester/internal/services/messaging_service.go:222.169,225.16 2 0
github.com/keshablive/quester/internal/services/messaging_service.go:225.16,227.3 1 0
github.com/keshablive/quester/internal/services/messaging_service.go:230.2,230.65 1 0
github.com/keshablive/quester/internal/services/messaging_service.go:230.65,232.3 1 0
github.com/keshablive/quester/internal/services/messaging_service.go:235.2,245.55 2 0
github.com/keshablive/quester/internal/services/messaging_service.go:245.55,247.3 1 0
github.com/keshablive/quester/internal/services/messaging_service.go:250.2,258.62 2 0
github.com/keshablive/quester/internal/services/messaging_service.go:258.62,260.3 1 0
github.com/keshablive/quester/internal/services/messaging_service.go:262.2,262.19 1 0
github.com/keshablive/quester/internal/services/messaging_service.go:266.142,269.16 2 0
github.com/keshablive/quester/internal/services/messaging_service.go:269.16,271.3 1 0
github.com/keshablive/quester/internal/services/messaging_service.go:274.2,275.16 2 0
github.com/keshablive/quester/internal/services/messaging_service.go:275.16,277.3 1 0
github.com/keshablive/quester/internal/services/messaging_service.go:279.2,279.32 1 0
github.com/keshablive/quester/internal/services/messaging_service.go:279.32,281.3 1 0
github.com/keshablive/quester/internal/services/messaging_service.go:284.2,285.16 2 0
github.com/keshablive/quester/internal/services/messaging_service.go:285.16,287.3 1 0
github.com/keshablive/quester/internal/services/messaging_service.go:289.2,289.14 1 0
github.com/keshablive/quester/internal/services/messaging_service.go:289.14,291.3 1 0
github.com/keshablive/quester/internal/services/messaging_service.go:294.2,295.16 2 0
github.com/keshablive/quester/internal/services/messaging_service.go:295.16,297.3 1 0
github.com/keshablive/quester/internal/services/messaging_service.go:299.2,299.37 1 0
github.com/keshablive/quester/internal/services/messaging_service.go:299.37,301.3 1 0
github.com/keshablive/quester/internal/services/messaging_service.go:304.2,305.16 2 0
github.com/keshablive/quester/internal/services/messaging_service.go:305.16,307.3 1 0
github.com/keshablive/quester/internal/services/messaging_service.go:310.2,310.62 1 0
github.com/keshablive/quester/internal/services/messaging_service.go:310.62,312.3 1 0
github.com/keshablive/quester/internal/services/messaging_service.go:315.2,323.62 2 0
github.com/keshablive/quester/internal/services/messaging_service.go:323.62,325.3 1 0
github.com/keshablive/quester/internal/services/messaging_service.go:327.2,327.20 1 0
github.com/keshablive/quester/internal/services/messaging_service.go:331.118,334.16 2 0
github.com/keshablive/quester/internal/services/messaging_service.go:334.16,336.3 1 0
github.com/keshablive/quester/internal/services/messaging_service.go:338.2,338.57 1 0
github.com/keshablive/quester/internal/services/messaging_service.go:338.57,340.3 1 0
github.com/keshablive/quester/internal/services/messaging_service.go:343.2,344.16 2 0
github.com/keshablive/quester/internal/services/messaging_service.go:344.16,346.3 1 0
github.com/keshablive/quester/internal/services/messaging_service.go:349.2,351.46 3 0
github.com/keshablive/quester/internal/services/messaging_service.go:355.131,358.16 2 0
github.com/keshablive/quester/internal/services/messaging_service.go:358.16,360.3 1 0
github.com/keshablive/quester/internal/services/messaging_service.go:362.2,362.30 1 0
github.com/keshablive/quester/internal/services/messaging_service.go:362.30,364.3 1 0
github.com/keshablive/quester/internal/services/messaging_service.go:367.2,368.16 2 0
github.com/keshablive/quester/internal/services/messaging_service.go:368.16,370.3 1 0
github.com/keshablive/quester/internal/services/messaging_service.go:373.2,374.46 2 0
github.com/keshablive/quester/internal/services/messaging_service.go:378.146,380.2 1 0
github.com/keshablive/quester/internal/services/messaging_service.go:383.111,385.16 2 0
github.com/keshablive/quester/internal/services/messaging_service.go:385.16,387.3 1 0
github.com/keshablive/quester/internal/services/messaging_service.go:389.2,389.32 1 0
github.com/keshablive/quester/internal/services/messaging_service.go:389.32,391.3 1 0
github.com/keshablive/quester/internal/services/messaging_service.go:393.2,393.19 1 0
github.com/keshablive/quester/internal/services/messaging_service.go:397.137,399.2 1 0
github.com/keshablive/quester/internal/services/messaging_service.go:402.149,404.2 1 0
github.com/keshablive/quester/internal/services/messaging_service.go:407.122,409.16 2 0
github.com/keshablive/quester/internal/services/messaging_service.go:409.16,411.3 1 0
github.com/keshablive/quester/internal/services/messaging_service.go:413.2,414.16 2 0
github.com/keshablive/quester/internal/services/messaging_service.go:414.16,416.3 1 0
github.com/keshablive/quester/internal/services/messaging_service.go:418.2,419.16 2 0
github.com/keshablive/quester/internal/services/messaging_service.go:419.16,421.3 1 0
github.com/keshablive/quester/internal/services/messaging_service.go:423.2,427.8 1 0
github.com/keshablive/quester/internal/services/moderation_client.go:71.46,73.18 2 0
github.com/keshablive/quester/internal/services/moderation_client.go:73.18,76.3 1 0
github.com/keshablive/quester/internal/services/moderation_client.go:78.2,84.3 1 0
github.com/keshablive/quester/internal/services/moderation_client.go:88.102,90.21 1 0
github.com/keshablive/quester/internal/services/moderation_client.go:90.21,107.3 1 0
github.com/keshablive/quester/internal/services/moderation_client.go:110.2,115.16 3 0
github.com/keshablive/quester/internal/services/moderation_client.go:115.16,117.3 1 0
github.com/keshablive/quester/internal/services/moderation_client.go:119.2,120.16 2 0
github.com/keshablive/quester/internal/services/moderation_client.go:120.16,122.3 1 0
github.com/keshablive/quester/internal/services/moderation_client.go:124.2,129.16 4 0
github.com/keshablive/quester/internal/services/moderation_client.go:129.16,131.3 1 0
github.com/keshablive/quester/internal/services/moderation_client.go:132.2,136.16 3 0
github.com/keshablive/quester/internal/services/moderation_client.go:136.16,138.3 1 0
github.com/keshablive/quester/internal/services/moderation_client.go:141.2,141.38 1 0
github.com/keshablive/quester/internal/services/moderation_client.go:141.38,143.3 1 0
github.com/keshablive/quester/internal/services/moderation_client.go:146.2,147.62 2 0
github.com/keshablive/quester/internal/services/moderation_client.go:147.62,149.3 1 0
github.com/keshablive/quester/internal/services/moderation_client.go:151.2,151.38 1 0
github.com/keshablive/quester/internal/services/moderation_client.go:151.38,153.3 1 0
github.com/keshablive/quester/internal/services/moderation_client.go:155.2,155.40 1 0
github.com/keshablive/quester/internal/services/moderation_client.go:159.73,177.38 4 0
github.com/keshablive/quester/internal/services/moderation_client.go:177.38,178.27 1 0
github.com/keshablive/quester/internal/services/moderation_client.go:178.27,181.4 2 0
github.com/keshablive/quester/internal/services/moderation_client.go:184.2,184.38 1 0
github.com/keshablive/quester/internal/services/moderation_client.go:188.63,191.2 2 0
github.com/keshablive/quester/internal/services/moderation_client.go:194.66,208.2 1 0
github.com/keshablive/quester/internal/services/moderation_client.go:211.61,214.26 2 0
github.com/keshablive/quester/internal/services/moderation_client.go:214.26,216.3 1 0
github.com/keshablive/quester/internal/services/moderation_client.go:217.2,217.24 1 0
github.com/keshablive/quester/internal/services/moderation_client.go:217.24,219.3 1 0
github.com/keshablive/quester/internal/services/moderation_client.go:220.2,220.30 1 0
github.com/keshablive/quester/internal/services/moderation_client.go:220.30,222.3 1 0
github.com/keshablive/quester/internal/services/moderation_client.go:223.2,223.28 1 0
github.com/keshablive/quester/internal/services/moderation_client.go:223.28,225.3 1 0
github.com/keshablive/quester/internal/services/moderation_client.go:226.2,226.32 1 0
github.com/keshablive/quester/internal/services/moderation_client.go:226.32,228.3 1 0
github.com/keshablive/quester/internal/services/moderation_client.go:229.2,229.35 1 0
github.com/keshablive/quester/internal/services/moderation_client.go:229.35,231.3 1 0
github.com/keshablive/quester/internal/services/moderation_client.go:232.2,232.35 1 0
github.com/keshablive/quester/internal/services/moderation_client.go:232.35,234.3 1 0
github.com/keshablive/quester/internal/services/moderation_client.go:235.2,235.34 1 0
github.com/keshablive/quester/internal/services/moderation_client.go:235.34,237.3 1 0
github.com/keshablive/quester/internal/services/moderation_client.go:238.2,238.40 1 0
github.com/keshablive/quester/internal/services/moderation_client.go:238.40,240.3 1 0
github.com/keshablive/quester/internal/services/moderation_client.go:241.2,241.41 1 0
github.com/keshablive/quester/internal/services/moderation_client.go:241.41,243.3 1 0
github.com/keshablive/quester/internal/services/moderation_client.go:244.2,244.28 1 0
github.com/keshablive/quester/internal/services/moderation_client.go:244.28,246.3 1 0
github.com/keshablive/quester/internal/services/moderation_client.go:248.2,248.19 1 0
github.com/keshablive/quester/internal/services/moderation_service.go:53.59,58.2 1 0
github.com/keshablive/quester/internal/services/moderation_service.go:61.91,67.16 4 0
github.com/keshablive/quester/internal/services/moderation_service.go:67.16,69.3 1 0
github.com/keshablive/quester/internal/services/moderation_service.go:72.2,82.24 4 0
github.com/keshablive/quester/internal/services/moderation_service.go:82.24,85.3 2 0
github.com/keshablive/quester/internal/services/moderation_service.go:85.8,85.31 1 0
github.com/keshablive/quester/internal/services/moderation_service.go:85.31,88.3 2 0
github.com/keshablive/quester/internal/services/moderation_service.go:88.8,91.3 2 0
github.com/keshablive/quester/internal/services/moderation_service.go:93.2,93.22 1 0
github.com/keshablive/quester/internal/services/moderation_service.go:97.134,103.16 4 0
github.com/keshablive/quester/internal/services/moderation_service.go:103.16,105.3 1 0
github.com/keshablive/quester/internal/services/moderation_service.go:107.2,120.16 8 0
github.com/keshablive/quester/internal/services/moderation_service.go:120.16,122.3 1 0
github.com/keshablive/quester/internal/services/moderation_service.go:125.2,130.30 2 0
github.com/keshablive/quester/internal/services/moderation_service.go:130.30,133.3 2 0
github.com/keshablive/quester/internal/services/moderation_service.go:133.8,133.33 1 0
github.com/keshablive/quester/internal/services/moderation_service.go:133.33,136.3 2 0
github.com/keshablive/quester/internal/services/moderation_service.go:136.8,139.3 2 0
github.com/keshablive/quester/internal/services/moderation_service.go:141.2,141.22 1 0
github.com/keshablive/quester/internal/services/moderation_service.go:145.102,147.39 1 0
github.com/keshablive/quester/internal/services/moderation_service.go:147.39,154.3 1 0
github.com/keshablive/quester/internal/services/moderation_service.go:157.2,158.16 2 0
github.com/keshablive/quester/internal/services/moderation_service.go:158.16,166.3 1 0
github.com/keshablive/quester/internal/services/moderation_service.go:168.2,168.22 1 0
github.com/keshablive/quester/internal/services/moderation_service.go:172.128,173.51 1 0
github.com/keshablive/quester/internal/services/moderation_service.go:173.51,176.84 2 0
github.com/keshablive/quester/internal/services/moderation_service.go:176.84,178.4 1 0
github.com/keshablive/quester/internal/services/moderation_service.go:181.3,187.51 6 0
github.com/keshablive/quester/internal/services/moderation_service.go:187.51,189.4 1 0
github.com/keshablive/quester/internal/services/moderation_service.go:192.3,193.17 2 0
github.com/keshablive/quester/internal/services/moderation_service.go:194.40,195.47 1 0
github.com/keshablive/quester/internal/services/moderation_service.go:196.39,197.47 1 0
github.com/keshablive/quester/internal/services/moderation_service.go:198.38,199.47 1 0
github.com/keshablive/quester/internal/services/moderation_service.go:200.38,201.47 1 0
github.com/keshablive/quester/internal/services/moderation_service.go:204.3,206.61 1 0
github.com/keshablive/quester/internal/services/moderation_service.go:206.61,208.4 1 0
github.com/keshablive/quester/internal/services/moderation_service.go:211.3,211.46 1 0
github.com/keshablive/quester/internal/services/moderation_service.go:211.46,214.49 1 0
github.com/keshablive/quester/internal/services/moderation_service.go:214.49,216.5 1 0
github.com/keshablive/quester/internal/services/moderation_service.go:219.3,219.13 1 0
github.com/keshablive/quester/internal/services/moderation_service.go:224.112,226.13 2 0
github.com/keshablive/quester/internal/services/moderation_service.go:226.13,228.3 1 0
github.com/keshablive/quester/internal/services/moderation_service.go:229.2,229.62 1 0
github.com/keshablive/quester/internal/services/moderation_service.go:233.90,265.15 9 0
github.com/keshablive/quester/internal/services/moderation_service.go:265.15,269.3 3 0
github.com/keshablive/quester/internal/services/moderation_service.go:272.2,279.19 4 0
github.com/keshablive/quester/internal/services/moderation_service.go:283.97,301.23 7 0
github.com/keshablive/quester/internal/services/moderation_service.go:301.23,303.3 1 0
github.com/keshablive/quester/internal/services/moderation_service.go:306.2,316.22 4 0
github.com/keshablive/quester/internal/services/moderation_service.go:316.22,318.3 1 0
github.com/keshablive/quester/internal/services/moderation_service.go:321.2,321.43 1 0
github.com/keshablive/quester/internal/services/moderation_service.go:321.43,325.72 2 0
github.com/keshablive/quester/internal/services/moderation_service.go:325.72,327.36 2 0
github.com/keshablive/quester/internal/services/moderation_service.go:327.36,329.5 1 0
github.com/keshablive/quester/internal/services/moderation_service.go:329.10,331.5 1 0
github.com/keshablive/quester/internal/services/moderation_service.go:332.9,334.4 1 0
github.com/keshablive/quester/internal/services/moderation_service.go:337.2,337.22 1 0
github.com/keshablive/quester/internal/services/moderation_service.go:342.133,345.16 2 0
github.com/keshablive/quester/internal/services/moderation_service.go:345.16,347.3 1 0
github.com/keshablive/quester/internal/services/moderation_service.go:350.2,354.83 4 0
github.com/keshablive/quester/internal/services/notification_batcher.go:51.77,56.2 1 0
github.com/keshablive/quester/internal/services/notification_batcher.go:60.84,67.36 4 0
github.com/keshablive/quester/internal/services/notification_batcher.go:67.36,69.3 1 0
github.com/keshablive/quester/internal/services/notification_batcher.go:71.2,75.60 3 0
github.com/keshablive/quester/internal/services/notification_batcher.go:75.60,77.3 1 0
github.com/keshablive/quester/internal/services/notification_batcher.go:80.2,80.54 1 0
github.com/keshablive/quester/internal/services/notification_batcher.go:80.54,82.116 1 0
github.com/keshablive/quester/internal/services/notification_batcher.go:82.116,84.4 1 0
github.com/keshablive/quester/internal/services/notification_batcher.go:85.3,85.20 1 0
github.com/keshablive/quester/internal/services/notification_batcher.go:89.2,90.16 2 0
github.com/keshablive/quester/internal/services/notification_batcher.go:90.16,92.3 1 0
github.com/keshablive/quester/internal/services/notification_batcher.go:94.2,99.76 2 0
github.com/keshablive/quester/internal/services/notification_batcher.go:99.76,101.3 1 0
github.com/keshablive/quester/internal/services/notification_batcher.go:104.2,104.86 1 0
github.com/keshablive/quester/internal/services/notification_batcher.go:104.86,106.3 1 0
github.com/keshablive/quester/internal/services/notification_batcher.go:108.2,108.18 1 0
github.com/keshablive/quester/internal/services/notification_batcher.go:112.97,117.16 3 0
github.com/keshablive/quester/internal/services/notification_batcher.go:117.16,119.3 1 0
github.com/keshablive/quester/internal/services/notification_batcher.go:121.2,122.33 2 0
github.com/keshablive/quester/internal/services/notification_batcher.go:122.33,124.64 2 0
github.com/keshablive/quester/internal/services/notification_batcher.go:124.64,125.12 1 0
github.com/keshablive/quester/internal/services/notification_batcher.go:127.3,127.47 1 0
github.com/keshablive/quester/internal/services/notification_batcher.go:130.2,130.27 1 0
github.com/keshablive/quester/internal/services/notification_batcher.go:134.74,137.2 2 0
github.com/keshablive/quester/internal/services/notification_batcher.go:141.95,142.29 1 0
github.com/keshablive/quester/internal/services/notification_batcher.go:142.29,144.3 1 0
github.com/keshablive/quester/internal/services/notification_batcher.go:147.2,150.38 3 0
github.com/keshablive/quester/internal/services/notification_batcher.go:150.38,152.25 2 0
github.com/keshablive/quester/internal/services/notification_batcher.go:152.25,154.4 1 0
github.com/keshablive/quester/internal/services/notification_batcher.go:158.2,160.43 3 0
github.com/keshablive/quester/internal/services/notification_batcher.go:160.43,161.28 1 0
github.com/keshablive/quester/internal/services/notification_batcher.go:161.28,164.4 2 0
github.com/keshablive/quester/internal/services/notification_batcher.go:168.2,169.30 2 0
github.com/keshablive/quester/internal/services/notification_batcher.go:169.30,171.3 1 0
github.com/keshablive/quester/internal/services/notification_batcher.go:174.2,174.25 1 0
github.com/keshablive/quester/internal/services/notification_batcher.go:174.25,176.3 1 0
github.com/keshablive/quester/internal/services/notification_batcher.go:178.2,185.3 1 0
github.com/keshablive/quester/internal/services/notification_batcher.go:190.80,191.40 1 0
github.com/keshablive/quester/internal/services/notification_batcher.go:191.40,193.3 1 0
github.com/keshablive/quester/internal/services/notification_batcher.go:196.2,197.33 2 0
github.com/keshablive/quester/internal/services/notification_batcher.go:198.17,199.27 1 0
github.com/keshablive/quester/internal/services/notification_batcher.go:200.22,201.25 1 0
github.com/keshablive/quester/internal/services/notification_batcher.go:202.22,203.32 1 0
github.com/keshablive/quester/internal/services/notification_batcher.go:204.28,205.38 1 0
github.com/keshablive/quester/internal/services/notification_batcher.go:206.27,207.37 1 0
github.com/keshablive/quester/internal/services/notification_batcher.go:211.2,212.30 2 0
github.com/keshablive/quester/internal/services/notification_batcher.go:212.30,214.3 1 0
github.com/keshablive/quester/internal/services/notification_batcher.go:214.8,214.37 1 0
github.com/keshablive/quester/internal/services/notification_batcher.go:214.37,216.3 1 0
github.com/keshablive/quester/internal/services/notification_batcher.go:216.8,216.37 1 0
github.com/keshablive/quester/internal/services/notification_batcher.go:216.37,218.3 1 0
github.com/keshablive/quester/internal/services/notification_batcher.go:218.8,220.3 1 0
github.com/keshablive/quester/internal/services/notification_batcher.go:222.2,222.84 1 0
github.com/keshablive/quester/internal/services/notification_batcher.go:226.101,231.16 3 0
github.com/keshablive/quester/internal/services/notification_batcher.go:231.16,233.3 1 0
github.com/keshablive/quester/internal/services/notification_batcher.go:236.2,236.37 1 0
github.com/keshablive/quester/internal/services/notification_batcher.go:240.86,243.2 2 0
github.com/keshablive/quester/internal/services/notification_service.go:27.63,35.2 1 0
github.com/keshablive/quester/internal/services/notification_service.go:38.234,41.16 2 0
github.com/keshablive/quester/internal/services/notification_service.go:41.16,43.3 1 0
github.com/keshablive/quester/internal/services/notification_service.go:46.2,46.62 1 0
github.com/keshablive/quester/internal/services/notification_service.go:46.62,48.3 1 0
github.com/keshablive/quester/internal/services/notification_service.go:51.2,52.16 2 0
github.com/keshablive/quester/internal/services/notification_service.go:52.16,54.45 1 0
github.com/keshablive/quester/internal/services/notification_service.go:54.45,56.18 2 0
github.com/keshablive/quester/internal/services/notification_service.go:56.18,58.5 1 0
github.com/keshablive/quester/internal/services/notification_service.go:59.9,61.4 1 0
github.com/keshablive/quester/internal/services/notification_service.go:65.2,65.52 1 0
github.com/keshablive/quester/internal/services/notification_service.go:65.52,67.3 1 0
github.com/keshablive/quester/internal/services/notification_service.go:70.2,70.45 1 0
github.com/keshablive/quester/internal/services/notification_service.go:70.45,73.3 1 0
github.com/keshablive/quester/internal/services/notification_service.go:76.2,77.35 2 0
github.com/keshablive/quester/internal/services/notification_service.go:77.35,78.41 1 0
github.com/keshablive/quester/internal/services/notification_service.go:78.41,80.4 1 0
github.com/keshablive/quester/internal/services/notification_service.go:83.2,83.31 1 0
github.com/keshablive/quester/internal/services/notification_service.go:83.31,85.3 1 0
github.com/keshablive/quester/internal/services/notification_service.go:88.2,101.69 2 0
github.com/keshablive/quester/internal/services/notification_service.go:101.69,103.3 1 0
github.com/keshablive/quester/internal/services/notification_service.go:105.2,105.26 1 0
github.com/keshablive/quester/internal/services/notification_service.go:109.167,111.2 1 0
github.com/keshablive/quester/internal/services/notification_service.go:114.143,116.16 2 0
github.com/keshablive/quester/internal/services/notification_service.go:116.16,118.3 1 0
github.com/keshablive/quester/internal/services/notification_service.go:120.2,120.35 1 0
github.com/keshablive/quester/internal/services/notification_service.go:120.35,122.3 1 0
github.com/keshablive/quester/internal/services/notification_service.go:124.2,124.26 1 0
github.com/keshablive/quester/internal/services/notification_service.go:128.122,130.16 2 0
github.com/keshablive/quester/internal/services/notification_service.go:130.16,132.3 1 0
github.com/keshablive/quester/internal/services/notification_service.go:134.2,134.27 1 0
github.com/keshablive/quester/internal/services/notification_service.go:134.27,136.3 1 0
github.com/keshablive/quester/internal/services/notification_service.go:138.2,139.53 2 0
github.com/keshablive/quester/internal/services/notification_service.go:143.106,145.2 1 0
github.com/keshablive/quester/internal/services/notification_service.go:148.118,150.16 2 0
github.com/keshablive/quester/internal/services/notification_service.go:150.16,152.3 1 0
github.com/keshablive/quester/internal/services/notification_service.go:154.2,154.66 1 0
github.com/keshablive/quester/internal/services/notification_service.go:158.107,160.2 1 0
github.com/keshablive/quester/internal/services/notification_service.go:163.139,165.2 1 0
github.com/keshablive/quester/internal/services/notification_service.go:168.228,170.16 2 0
github.com/keshablive/quester/internal/services/notification_service.go:170.16,171.45 1 0
github.com/keshablive/quester/internal/services/notification_service.go:171.45,174.4 1 0
github.com/keshablive/quester/internal/services/notification_service.go:175.3,175.18 1 0
github.com/keshablive/quester/internal/services/notification_service.go:179.2,179.21 1 0
github.com/keshablive/quester/internal/services/notification_service.go:179.21,181.3 1 0
github.com/keshablive/quester/internal/services/notification_service.go:182.2,182.24 1 0
github.com/keshablive/quester/internal/services/notification_service.go:182.24,184.3 1 0
github.com/keshablive/quester/internal/services/notification_service.go:185.2,185.23 1 0
github.com/keshablive/quester/internal/services/notification_service.go:185.23,187.3 1 0
github.com/keshablive/quester/internal/services/notification_service.go:189.2,189.73 1 0
github.com/keshablive/quester/internal/services/notification_service.go:189.73,191.3 1 0
github.com/keshablive/quester/internal/services/notification_service.go:193.2,193.22 1 0
github.com/keshablive/quester/internal/services/notification_service.go:197.216,206.73 2 0
github.com/keshablive/quester/internal/services/notification_service.go:206.73,208.3 1 0
github.com/keshablive/quester/internal/services/notification_service.go:210.2,210.22 1 0
github.com/keshablive/quester/internal/services/notification_service.go:214.137,232.2 3 0
github.com/keshablive/quester/internal/services/notification_service.go:235.149,238.16 2 0
github.com/keshablive/quester/internal/services/notification_service.go:238.16,247.67 7 0
github.com/keshablive/quester/internal/services/notification_service.go:247.67,249.4 1 0
github.com/keshablive/quester/internal/services/notification_service.go:250.3,250.28 1 0
github.com/keshablive/quester/internal/services/notification_service.go:254.2,264.61 2 0
github.com/keshablive/quester/internal/services/notification_service.go:264.61,266.3 1 0
github.com/keshablive/quester/internal/services/notification_service.go:268.2,268.22 1 0
github.com/keshablive/quester/internal/services/notification_service.go:272.91,274.16 2 0
github.com/keshablive/quester/internal/services/notification_service.go:274.16,276.3 1 0
github.com/keshablive/quester/internal/services/notification_service.go:278.2,279.45 2 0
github.com/keshablive/quester/internal/services/notification_service.go:283.122,285.2 1 0
github.com/keshablive/quester/internal/services/notification_service.go:288.110,291.2 2 0
github.com/keshablive/quester/internal/services/notification_service.go:294.130,296.16 2 0
github.com/keshablive/quester/internal/services/notification_service.go:296.16,298.3 1 0
github.com/keshablive/quester/internal/services/notification_service.go:300.2,301.16 2 0
github.com/keshablive/quester/internal/services/notification_service.go:301.16,303.3 1 0
github.com/keshablive/quester/internal/services/notification_service.go:305.2,308.8 1 0
github.com/keshablive/quester/internal/services/notification_service.go:312.223,313.33 1 0
github.com/keshablive/quester/internal/services/notification_service.go:313.33,314.149 1 0
github.com/keshablive/quester/internal/services/notification_service.go:314.149,317.4 1 0
github.com/keshablive/quester/internal/services/notification_service.go:319.2,319.12 1 0
github.com/keshablive/quester/internal/services/notification_service.go:324.145,340.16 9 0
github.com/keshablive/quester/internal/services/notification_service.go:340.16,342.3 1 0
github.com/keshablive/quester/internal/services/notification_service.go:344.2,344.12 1 0
github.com/keshablive/quester/internal/services/notification_service.go:349.169,366.16 9 0
github.com/keshablive/quester/internal/services/notification_service.go:366.16,368.3 1 0
github.com/keshablive/quester/internal/services/notification_service.go:370.2,370.12 1 0
github.com/keshablive/quester/internal/services/notification_service.go:375.195,378.16 2 0
github.com/keshablive/quester/internal/services/notification_service.go:378.16,380.3 1 0
github.com/keshablive/quester/internal/services/notification_service.go:383.2,388.24 2 0
github.com/keshablive/quester/internal/services/notification_service.go:388.24,390.3 1 0
github.com/keshablive/quester/internal/services/notification_service.go:390.8,390.34 1 0
github.com/keshablive/quester/internal/services/notification_service.go:390.34,393.3 2 0
github.com/keshablive/quester/internal/services/notification_service.go:395.2,395.20 1 0
github.com/keshablive/quester/internal/services/notification_service.go:395.20,397.3 1 0
github.com/keshablive/quester/internal/services/notification_service.go:400.2,400.24 1 0
github.com/keshablive/quester/internal/services/notification_service.go:400.24,404.3 3 0
github.com/keshablive/quester/internal/services/notification_service.go:407.2,407.24 1 0
github.com/keshablive/quester/internal/services/notification_service.go:407.24,409.3 1 0
github.com/keshablive/quester/internal/services/notification_service.go:409.8,409.34 1 0
github.com/keshablive/quester/internal/services/notification_service.go:409.34,412.3 2 0
github.com/keshablive/quester/internal/services/notification_service.go:414.2,417.20 3 0
github.com/keshablive/quester/internal/services/notification_service.go:417.20,419.3 1 0
github.com/keshablive/quester/internal/services/notification_service.go:421.2,421.24 1 0
github.com/keshablive/quester/internal/services/notification_service.go:421.24,425.3 3 0
github.com/keshablive/quester/internal/services/notification_service.go:428.2,428.69 1 0
github.com/keshablive/quester/internal/services/notification_service.go:428.69,430.3 1 0
github.com/keshablive/quester/internal/services/notification_service.go:432.2,432.12 1 0
github.com/keshablive/quester/internal/services/notification_service.go:436.128,459.16 6 0
github.com/keshablive/quester/internal/services/notification_service.go:459.16,461.3 1 0
github.com/keshablive/quester/internal/services/notification_service.go:463.2,463.12 1 0
github.com/keshablive/quester/internal/services/notification_service.go:467.154,491.16 6 0
github.com/keshablive/quester/internal/services/notification_service.go:491.16,493.3 1 0
github.com/keshablive/quester/internal/services/notification_service.go:495.2,495.12 1 0
github.com/keshablive/quester/internal/services/notification_service.go:499.166,502.20 2 0
github.com/keshablive/quester/internal/services/notification_service.go:503.14,507.42 4 0
github.com/keshablive/quester/internal/services/notification_service.go:508.17,512.45 4 0
github.com/keshablive/quester/internal/services/notification_service.go:513.16,517.44 4 0
github.com/keshablive/quester/internal/services/notification_service.go:518.15,522.44 4 0
github.com/keshablive/quester/internal/services/notification_service.go:523.10,527.44 4 0
github.com/keshablive/quester/internal/services/notification_service.go:530.2,551.16 3 0
github.com/keshablive/quester/internal/services/notification_service.go:551.16,553.3 1 0
github.com/keshablive/quester/internal/services/notification_service.go:555.2,555.12 1 0
github.com/keshablive/quester/internal/services/notification_service.go:559.129,562.16 2 0
github.com/keshablive/quester/internal/services/notification_service.go:562.16,564.3 1 0
github.com/keshablive/quester/internal/services/notification_service.go:567.2,584.16 2 0
github.com/keshablive/quester/internal/services/notification_service.go:584.16,586.3 1 0
github.com/keshablive/quester/internal/services/notification_service.go:588.2,588.12 1 0
github.com/keshablive/quester/internal/services/ocr_service.go:47.34,49.25 2 0
github.com/keshablive/quester/internal/services/ocr_service.go:49.25,51.3 1 0
github.com/keshablive/quester/internal/services/ocr_service.go:53.2,54.19 2 0
github.com/keshablive/quester/internal/services/ocr_service.go:54.19,56.3 1 0
github.com/keshablive/quester/internal/services/ocr_service.go:59.2,59.51 1 0
github.com/keshablive/quester/internal/services/ocr_service.go:59.51,61.3 1 0
github.com/keshablive/quester/internal/services/ocr_service.go:63.2,67.3 1 0
github.com/keshablive/quester/internal/services/ocr_service.go:71.108,72.20 1 0
github.com/keshablive/quester/internal/services/ocr_service.go:72.20,74.3 1 0
github.com/keshablive/quester/internal/services/ocr_service.go:77.2,78.16 2 0
github.com/keshablive/quester/internal/services/ocr_service.go:78.16,80.3 1 0
github.com/keshablive/quester/internal/services/ocr_service.go:81.2,98.34 10 0
github.com/keshablive/quester/internal/services/ocr_service.go:98.34,102.3 1 0
github.com/keshablive/quester/internal/services/ocr_service.go:105.2,106.16 2 0
github.com/keshablive/quester/internal/services/ocr_service.go:106.16,108.3 1 0
github.com/keshablive/quester/internal/services/ocr_service.go:110.2,120.8 3 0
github.com/keshablive/quester/internal/services/ocr_service.go:124.125,127.2 1 0
github.com/keshablive/quester/internal/services/ocr_service.go:130.118,133.16 2 0
github.com/keshablive/quester/internal/services/ocr_service.go:133.16,135.3 1 0
github.com/keshablive/quester/internal/services/ocr_service.go:138.2,138.54 1 0
github.com/keshablive/quester/internal/services/ocr_service.go:138.54,141.3 2 0
github.com/keshablive/quester/internal/services/ocr_service.go:143.2,143.20 1 0
github.com/keshablive/quester/internal/services/ocr_service.go:147.86,150.17 2 0
github.com/keshablive/quester/internal/services/ocr_service.go:151.34,153.46 2 0
github.com/keshablive/quester/internal/services/ocr_service.go:155.27,157.46 2 0
github.com/keshablive/quester/internal/services/ocr_service.go:159.30,161.46 2 0
github.com/keshablive/quester/internal/services/ocr_service.go:163.31,165.46 2 0
github.com/keshablive/quester/internal/services/ocr_service.go:167.10,168.14 1 0
github.com/keshablive/quester/internal/services/ocr_service.go:173.78,174.35 1 0
github.com/keshablive/quester/internal/services/ocr_service.go:174.35,175.38 1 0
github.com/keshablive/quester/internal/services/ocr_service.go:175.38,177.4 1 0
github.com/keshablive/quester/internal/services/ocr_service.go:179.2,179.14 1 0
github.com/keshablive/quester/internal/services/ocr_service.go:183.63,184.16 1 0
github.com/keshablive/quester/internal/services/ocr_service.go:184.16,186.3 1 0
github.com/keshablive/quester/internal/services/ocr_service.go:188.2,191.20 2 0
github.com/keshablive/quester/internal/services/ocr_service.go:191.20,193.3 1 0
github.com/keshablive/quester/internal/services/ocr_service.go:193.8,193.27 1 0
github.com/keshablive/quester/internal/services/ocr_service.go:193.27,195.3 1 0
github.com/keshablive/quester/internal/services/ocr_service.go:198.2,199.25 2 0
github.com/keshablive/quester/internal/services/ocr_service.go:199.25,200.109 1 0
github.com/keshablive/quester/internal/services/ocr_service.go:200.109,202.4 1 0
github.com/keshablive/quester/internal/services/ocr_service.go:204.2,205.28 2 0
github.com/keshablive/quester/internal/services/ocr_service.go:205.28,207.3 1 0
github.com/keshablive/quester/internal/services/ocr_service.go:207.8,207.35 1 0
github.com/keshablive/quester/internal/services/ocr_service.go:207.35,209.3 1 0
github.com/keshablive/quester/internal/services/ocr_service.go:212.2,215.24 4 0
github.com/keshablive/quester/internal/services/ocr_service.go:215.24,217.3 1 0
github.com/keshablive/quester/internal/services/ocr_service.go:219.2,219.15 1 0
github.com/keshablive/quester/internal/services/ocr_service.go:219.15,221.3 1 0
github.com/keshablive/quester/internal/services/ocr_service.go:222.2,222.17 1 0
github.com/keshablive/quester/internal/services/ocr_service.go:222.17,224.3 1 0
github.com/keshablive/quester/internal/services/ocr_service.go:226.2,226.14 1 0
github.com/keshablive/quester/internal/services/ocr_service.go:230.88,232.16 2 0
github.com/keshablive/quester/internal/services/ocr_service.go:232.16,234.3 1 0
github.com/keshablive/quester/internal/services/ocr_service.go:236.2,238.16 3 0
github.com/keshablive/quester/internal/services/ocr_service.go:238.16,240.3 1 0
github.com/keshablive/quester/internal/services/ocr_service.go:241.2,243.38 2 0
github.com/keshablive/quester/internal/services/ocr_service.go:243.38,245.3 1 0
github.com/keshablive/quester/internal/services/ocr_service.go:248.2,249.15 2 0
github.com/keshablive/quester/internal/services/ocr_service.go:249.15,251.3 1 0
github.com/keshablive/quester/internal/services/ocr_service.go:252.2,255.16 3 0
github.com/keshablive/quester/internal/services/ocr_service.go:255.16,257.3 1 0
github.com/keshablive/quester/internal/services/ocr_service.go:258.2,261.16 3 0
github.com/keshablive/quester/internal/services/ocr_service.go:261.16,264.3 2 0
github.com/keshablive/quester/internal/services/ocr_service.go:266.2,266.22 1 0
github.com/keshablive/quester/internal/services/ocr_service.go:270.67,272.16 2 0
github.com/keshablive/quester/internal/services/ocr_service.go:272.16,274.3 1 0
github.com/keshablive/quester/internal/services/ocr_service.go:276.2,278.32 2 0
github.com/keshablive/quester/internal/services/ocr_service.go:278.32,279.20 1 0
github.com/keshablive/quester/internal/services/ocr_service.go:279.20,280.12 1 0
github.com/keshablive/quester/internal/services/ocr_service.go:283.3,284.17 2 0
github.com/keshablive/quester/internal/services/ocr_service.go:284.17,285.12 1 0
github.com/keshablive/quester/internal/services/ocr_service.go:288.3,288.36 1 0
github.com/keshablive/quester/internal/services/ocr_service.go:288.36,290.42 2 0
github.com/keshablive/quester/internal/services/ocr_service.go:290.42,292.5 1 0
github.com/keshablive/quester/internal/services/ocr_service.go:296.2,296.12 1 0
github.com/keshablive/quester/internal/services/ocr_service.go:300.118,307.35 4 0
github.com/keshablive/quester/internal/services/ocr_service.go:307.35,309.34 2 0
github.com/keshablive/quester/internal/services/ocr_service.go:309.34,310.17 1 0
github.com/keshablive/quester/internal/services/ocr_service.go:310.17,310.32 1 0
github.com/keshablive/quester/internal/services/ocr_service.go:312.4,314.23 3 0
github.com/keshablive/quester/internal/services/ocr_service.go:319.2,319.38 1 0
github.com/keshablive/quester/internal/services/ocr_service.go:319.38,321.3 1 0
github.com/keshablive/quester/internal/services/ocr_service.go:324.2,324.29 1 0
github.com/keshablive/quester/internal/services/ocr_service.go:324.29,325.17 1 0
github.com/keshablive/quester/internal/services/ocr_service.go:325.17,327.4 1 0
github.com/keshablive/quester/internal/services/ocr_service.go:330.2,330.21 1 0
github.com/keshablive/quester/internal/services/ocr_service.go:341.42,347.16 5 0
github.com/keshablive/quester/internal/services/ocr_service.go:347.16,349.3 1 0
github.com/keshablive/quester/internal/services/ocr_service.go:351.2,352.12 2 0
github.com/keshablive/quester/internal/services/ocr_service.go:356.52,369.2 1 0
github.com/keshablive/quester/internal/services/ocr_service.go:372.73,374.16 2 0
github.com/keshablive/quester/internal/services/ocr_service.go:374.16,376.3 1 0
github.com/keshablive/quester/internal/services/ocr_service.go:377.2,377.26 1 0
github.com/keshablive/quester/internal/services/openai_service.go:100.40,102.18 2 0
github.com/keshablive/quester/internal/services/openai_service.go:102.18,104.3 1 0
github.com/keshablive/quester/internal/services/openai_service.go:106.2,107.18 2 0
github.com/keshablive/quester/internal/services/openai_service.go:107.18,109.3 1 0
github.com/keshablive/quester/internal/services/openai_service.go:111.2,112.17 2 0
github.com/keshablive/quester/internal/services/openai_service.go:112.17,114.3 1 0
github.com/keshablive/quester/internal/services/openai_service.go:116.2,124.3 1 0
github.com/keshablive/quester/internal/services/openai_service.go:128.131,131.20 2 0
github.com/keshablive/quester/internal/services/openai_service.go:131.20,137.3 1 0
github.com/keshablive/quester/internal/services/openai_service.go:140.2,144.16 3 0
github.com/keshablive/quester/internal/services/openai_service.go:144.16,150.3 1 0
github.com/keshablive/quester/internal/services/openai_service.go:153.2,154.16 2 0
github.com/keshablive/quester/internal/services/openai_service.go:154.16,160.3 1 0
github.com/keshablive/quester/internal/services/openai_service.go:162.2,165.20 3 0
github.com/keshablive/quester/internal/services/openai_service.go:169.89,180.72 8 0
github.com/keshablive/quester/internal/services/openai_service.go:180.72,182.37 2 0
github.com/keshablive/quester/internal/services/openai_service.go:182.37,184.4 1 0
github.com/keshablive/quester/internal/services/openai_service.go:185.3,185.39 1 0
github.com/keshablive/quester/internal/services/openai_service.go:185.39,187.4 1 0
github.com/keshablive/quester/internal/services/openai_service.go:188.3,188.23 1 0
github.com/keshablive/quester/internal/services/openai_service.go:191.2,202.26 11 0
github.com/keshablive/quester/internal/services/openai_service.go:203.34,207.65 4 0
github.com/keshablive/quester/internal/services/openai_service.go:208.27,211.72 3 0
github.com/keshablive/quester/internal/services/openai_service.go:212.30,215.62 3 0
github.com/keshablive/quester/internal/services/openai_service.go:216.31,219.67 3 0
github.com/keshablive/quester/internal/services/openai_service.go:222.2,222.20 1 0
github.com/keshablive/quester/internal/services/openai_service.go:226.88,244.16 3 0
github.com/keshablive/quester/internal/services/openai_service.go:244.16,246.3 1 0
github.com/keshablive/quester/internal/services/openai_service.go:248.2,249.16 2 0
github.com/keshablive/quester/internal/services/openai_service.go:249.16,251.3 1 0
github.com/keshablive/quester/internal/services/openai_service.go:253.2,257.16 4 0
github.com/keshablive/quester/internal/services/openai_service.go:257.16,259.3 1 0
github.com/keshablive/quester/internal/services/openai_service.go:260.2,263.16 3 0
github.com/keshablive/quester/internal/services/openai_service.go:263.16,265.3 1 0
github.com/keshablive/quester/internal/services/openai_service.go:267.2,267.38 1 0
github.com/keshablive/quester/internal/services/openai_service.go:267.38,269.3 1 0
github.com/keshablive/quester/internal/services/openai_service.go:271.2,272.58 2 0
github.com/keshablive/quester/internal/services/openai_service.go:272.58,274.3 1 0
github.com/keshablive/quester/internal/services/openai_service.go:276.2,276.29 1 0
github.com/keshablive/quester/internal/services/openai_service.go:276.29,279.3 1 0
github.com/keshablive/quester/internal/services/openai_service.go:281.2,281.34 1 0
github.com/keshablive/quester/internal/services/openai_service.go:281.34,283.3 1 0
github.com/keshablive/quester/internal/services/openai_service.go:285.2,285.51 1 0
github.com/keshablive/quester/internal/services/openai_service.go:289.105,294.65 3 0
github.com/keshablive/quester/internal/services/openai_service.go:294.65,296.3 1 0
github.com/keshablive/quester/internal/services/openai_service.go:299.2,299.32 1 0
github.com/keshablive/quester/internal/services/openai_service.go:299.32,301.3 1 0
github.com/keshablive/quester/internal/services/openai_service.go:302.2,302.34 1 0
github.com/keshablive/quester/internal/services/openai_service.go:302.34,304.3 1 0
github.com/keshablive/quester/internal/services/openai_service.go:306.2,306.21 1 0
github.com/keshablive/quester/internal/services/openai_service.go:310.61,317.2 5 0
github.com/keshablive/quester/internal/services/openai_service.go:320.149,327.31 4 0
github.com/keshablive/quester/internal/services/openai_service.go:327.31,329.59 2 0
github.com/keshablive/quester/internal/services/openai_service.go:329.59,330.17 1 0
github.com/keshablive/quester/internal/services/openai_service.go:330.17,330.32 1 0
github.com/keshablive/quester/internal/services/openai_service.go:332.4,334.23 3 0
github.com/keshablive/quester/internal/services/openai_service.go:339.2,339.38 1 0
github.com/keshablive/quester/internal/services/openai_service.go:339.38,341.3 1 0
github.com/keshablive/quester/internal/services/openai_service.go:344.2,344.29 1 0
github.com/keshablive/quester/internal/services/openai_service.go:344.29,345.17 1 0
github.com/keshablive/quester/internal/services/openai_service.go:345.17,347.4 1 0
github.com/keshablive/quester/internal/services/openai_service.go:350.2,350.21 1 0
github.com/keshablive/quester/internal/services/openai_service.go:354.96,355.23 1 0
github.com/keshablive/quester/internal/services/openai_service.go:355.23,357.3 1 0
github.com/keshablive/quester/internal/services/openai_service.go:359.2,362.33 3 0
github.com/keshablive/quester/internal/services/openai_service.go:362.33,363.21 1 0
github.com/keshablive/quester/internal/services/openai_service.go:363.21,366.4 2 0
github.com/keshablive/quester/internal/services/openai_service.go:369.2,369.21 1 0
github.com/keshablive/quester/internal/services/openai_service.go:369.21,371.3 1 0
github.com/keshablive/quester/internal/services/openai_service.go:374.2,378.16 3 0
github.com/keshablive/quester/internal/services/openai_service.go:378.16,380.3 1 0
github.com/keshablive/quester/internal/services/openai_service.go:382.2,383.22 2 0
github.com/keshablive/quester/internal/services/openai_service.go:383.22,385.3 1 0
github.com/keshablive/quester/internal/services/openai_service.go:387.2,387.19 1 0
github.com/keshablive/quester/internal/services/openai_service.go:391.45,392.20 1 0
github.com/keshablive/quester/internal/services/openai_service.go:392.20,394.3 1 0
github.com/keshablive/quester/internal/services/openai_service.go:396.2,401.16 4 0
github.com/keshablive/quester/internal/services/openai_service.go:401.16,403.3 1 0
github.com/keshablive/quester/internal/services/openai_service.go:405.2,406.12 2 0
github.com/keshablive/quester/internal/services/openai_service.go:410.63,416.2 1 0
github.com/keshablive/quester/internal/services/openai_service.go:419.121,427.16 3 0
github.com/keshablive/quester/internal/services/openai_service.go:427.16,429.3 1 0
github.com/keshablive/quester/internal/services/openai_service.go:431.2,434.63 3 0
github.com/keshablive/quester/internal/services/openai_service.go:434.63,436.3 1 0
github.com/keshablive/quester/internal/services/openai_service.go:438.2,438.18 1 0
github.com/keshablive/quester/internal/services/property_service.go:52.149,59.2 1 0
github.com/keshablive/quester/internal/services/property_service.go:62.96,67.17 1 0
github.com/keshablive/quester/internal/services/property_service.go:67.17,69.3 1 0
github.com/keshablive/quester/internal/services/property_service.go:71.2,71.78 1 0
github.com/keshablive/quester/internal/services/property_service.go:71.78,73.3 1 0
github.com/keshablive/quester/internal/services/property_service.go:75.2,75.78 1 0
github.com/keshablive/quester/internal/services/property_service.go:75.78,77.3 1 0
github.com/keshablive/quester/internal/services/property_service.go:80.2,80.128 1 0
github.com/keshablive/quester/internal/services/property_service.go:80.128,82.3 1 0
github.com/keshablive/quester/internal/services/property_service.go:85.2,85.27 1 0
github.com/keshablive/quester/internal/services/property_service.go:85.27,87.3 1 0
github.com/keshablive/quester/internal/services/property_service.go:89.2,89.29 1 0
github.com/keshablive/quester/internal/services/property_service.go:89.29,91.3 1 0
github.com/keshablive/quester/internal/services/property_service.go:94.2,94.61 1 0
github.com/keshablive/quester/internal/services/property_service.go:94.61,96.3 1 0
github.com/keshablive/quester/internal/services/property_service.go:98.2,99.12 2 0
github.com/keshablive/quester/internal/services/property_service.go:103.118,105.16 2 0
github.com/keshablive/quester/internal/services/property_service.go:105.16,106.36 1 0
github.com/keshablive/quester/internal/services/property_service.go:106.36,108.4 1 0
github.com/keshablive/quester/internal/services/property_service.go:109.3,109.57 1 0
github.com/keshablive/quester/internal/services/property_service.go:113.2,113.17 1 0
github.com/keshablive/quester/internal/services/property_service.go:113.17,114.13 1 0
github.com/keshablive/quester/internal/services/property_service.go:114.13,116.4 1 0
github.com/keshablive/quester/internal/services/property_service.go:119.2,119.22 1 0
github.com/keshablive/quester/internal/services/property_service.go:123.133,126.16 2 0
github.com/keshablive/quester/internal/services/property_service.go:126.16,127.36 1 0
github.com/keshablive/quester/internal/services/property_service.go:127.36,129.4 1 0
github.com/keshablive/quester/internal/services/property_service.go:130.3,130.55 1 0
github.com/keshablive/quester/internal/services/property_service.go:137.2,137.61 1 0
github.com/keshablive/quester/internal/services/property_service.go:137.61,139.3 1 0
github.com/keshablive/quester/internal/services/property_service.go:141.2,141.12 1 0
github.com/keshablive/quester/internal/services/property_service.go:145.101,146.73 1 0
github.com/keshablive/quester/internal/services/property_service.go:146.73,147.36 1 0
github.com/keshablive/quester/internal/services/property_service.go:147.36,149.4 1 0
github.com/keshablive/quester/internal/services/property_service.go:150.3,150.55 1 0
github.com/keshablive/quester/internal/services/property_service.go:153.2,153.12 1 0
github.com/keshablive/quester/internal/services/property_service.go:157.133,165.51 2 0
github.com/keshablive/quester/internal/services/property_service.go:165.51,172.3 2 0
github.com/keshablive/quester/internal/services/property_service.go:175.2,175.31 1 0
github.com/keshablive/quester/internal/services/property_service.go:175.31,177.3 1 0
github.com/keshablive/quester/internal/services/property_service.go:179.2,179.30 1 0
github.com/keshablive/quester/internal/services/property_service.go:179.30,181.3 1 0
github.com/keshablive/quester/internal/services/property_service.go:183.2,183.28 1 0
github.com/keshablive/quester/internal/services/property_service.go:183.28,185.3 1 0
github.com/keshablive/quester/internal/services/property_service.go:187.2,187.28 1 0
github.com/keshablive/quester/internal/services/property_service.go:187.28,189.3 1 0
github.com/keshablive/quester/internal/services/property_service.go:191.2,191.28 1 0
github.com/keshablive/quester/internal/services/property_service.go:191.28,193.3 1 0
github.com/keshablive/quester/internal/services/property_service.go:195.2,195.29 1 0
github.com/keshablive/quester/internal/services/property_service.go:195.29,197.3 1 0
github.com/keshablive/quester/internal/services/property_service.go:199.2,199.26 1 0
github.com/keshablive/quester/internal/services/property_service.go:199.26,201.3 1 0
github.com/keshablive/quester/internal/services/property_service.go:204.2,205.50 2 0
github.com/keshablive/quester/internal/services/property_service.go:205.50,207.3 1 0
github.com/keshablive/quester/internal/services/property_service.go:210.2,220.16 4 0
github.com/keshablive/quester/internal/services/property_service.go:220.16,222.3 1 0
github.com/keshablive/quester/internal/services/property_service.go:225.2,226.34 2 0
github.com/keshablive/quester/internal/services/property_service.go:226.34,237.3 2 0
github.com/keshablive/quester/internal/services/property_service.go:239.2,239.28 1 0
github.com/keshablive/quester/internal/services/property_service.go:243.100,246.81 2 0
github.com/keshablive/quester/internal/services/property_service.go:246.81,248.3 1 0
github.com/keshablive/quester/internal/services/property_service.go:250.2,251.16 2 0
github.com/keshablive/quester/internal/services/property_service.go:251.16,253.3 1 0
github.com/keshablive/quester/internal/services/property_service.go:254.2,254.25 1 0
github.com/keshablive/quester/internal/services/property_service.go:254.25,256.3 1 0
github.com/keshablive/quester/internal/services/property_service.go:258.2,261.32 3 0
github.com/keshablive/quester/internal/services/property_service.go:261.32,264.17 2 0
github.com/keshablive/quester/internal/services/property_service.go:264.17,269.12 5 0
github.com/keshablive/quester/internal/services/property_service.go:272.3,286.17 5 0
github.com/keshablive/quester/internal/services/property_service.go:286.17,291.12 5 0
github.com/keshablive/quester/internal/services/property_service.go:295.3,295.57 1 0
github.com/keshablive/quester/internal/services/property_service.go:295.57,300.4 4 0
github.com/keshablive/quester/internal/services/property_service.go:300.9,303.4 2 0
github.com/keshablive/quester/internal/services/property_service.go:305.3,305.21 1 0
github.com/keshablive/quester/internal/services/property_service.go:309.2,310.23 2 0
github.com/keshablive/quester/internal/services/property_service.go:310.23,312.3 1 0
github.com/keshablive/quester/internal/services/property_service.go:315.2,318.68 3 0
github.com/keshablive/quester/internal/services/property_service.go:318.68,320.3 1 0
github.com/keshablive/quester/internal/services/property_service.go:322.2,325.12 2 0
github.com/keshablive/quester/internal/services/property_service.go:329.92,331.81 2 0
github.com/keshablive/quester/internal/services/property_service.go:331.81,333.3 1 0
github.com/keshablive/quester/internal/services/property_service.go:336.2,336.28 1 0
github.com/keshablive/quester/internal/services/property_service.go:336.28,338.3 1 0
github.com/keshablive/quester/internal/services/property_service.go:341.2,345.68 4 0
github.com/keshablive/quester/internal/services/property_service.go:345.68,347.3 1 0
github.com/keshablive/quester/internal/services/property_service.go:349.2,350.12 2 0
github.com/keshablive/quester/internal/services/property_service.go:354.91,358.2 1 0
github.com/keshablive/quester/internal/services/property_service.go:361.95,367.2 1 0
github.com/keshablive/quester/internal/services/property_service.go:370.98,376.2 1 0
github.com/keshablive/quester/internal/services/property_service.go:379.117,387.16 3 0
github.com/keshablive/quester/internal/services/property_service.go:387.16,389.3 1 0
github.com/keshablive/quester/internal/services/property_service.go:391.2,391.24 1 0
github.com/keshablive/quester/internal/services/property_service.go:397.64,406.2 5 0
github.com/keshablive/quester/internal/services/property_service.go:408.32,411.2 1 0
github.com/keshablive/quester/internal/services/property_service.go:413.30,416.2 1 0
github.com/keshablive/quester/internal/services/property_service.go:418.30,420.12 1 0
github.com/keshablive/quester/internal/services/property_service.go:420.12,422.3 1 0
github.com/keshablive/quester/internal/services/property_service.go:423.2,424.26 2 0
github.com/keshablive/quester/internal/services/property_service.go:424.26,426.3 1 0
github.com/keshablive/quester/internal/services/property_service.go:427.2,427.10 1 0
github.com/keshablive/quester/internal/services/property_service.go:431.44,432.19 1 0
github.com/keshablive/quester/internal/services/property_service.go:432.19,434.3 1 0
github.com/keshablive/quester/internal/services/property_service.go:435.2,435.44 1 0
github.com/keshablive/quester/internal/services/property_service.go:439.38,441.2 1 0
github.com/keshablive/quester/internal/services/property_service.go:444.117,503.2 10 0
github.com/keshablive/quester/internal/services/quest_service.go:25.183,32.2 1 0
github.com/keshablive/quester/internal/services/quest_service.go:35.121,38.55 2 0
github.com/keshablive/quester/internal/services/quest_service.go:38.55,40.3 1 0
github.com/keshablive/quester/internal/services/quest_service.go:41.2,41.19 1 0
github.com/keshablive/quester/internal/services/quest_service.go:45.116,47.16 2 0
github.com/keshablive/quester/internal/services/quest_service.go:47.16,48.45 1 0
github.com/keshablive/quester/internal/services/quest_service.go:48.45,50.4 1 0
github.com/keshablive/quester/internal/services/quest_service.go:51.3,51.57 1 0
github.com/keshablive/quester/internal/services/quest_service.go:53.2,53.19 1 0
github.com/keshablive/quester/internal/services/quest_service.go:57.132,59.16 2 0
github.com/keshablive/quester/internal/services/quest_service.go:59.16,61.3 1 0
github.com/keshablive/quester/internal/services/quest_service.go:62.2,62.20 1 0
github.com/keshablive/quester/internal/services/quest_service.go:66.142,69.16 2 0
github.com/keshablive/quester/internal/services/quest_service.go:69.16,70.45 1 0
github.com/keshablive/quester/internal/services/quest_service.go:70.45,72.4 1 0
github.com/keshablive/quester/internal/services/quest_service.go:73.3,73.58 1 0
github.com/keshablive/quester/internal/services/quest_service.go:77.2,77.25 1 0
github.com/keshablive/quester/internal/services/quest_service.go:77.25,79.3 1 0
github.com/keshablive/quester/internal/services/quest_service.go:80.2,80.31 1 0
github.com/keshablive/quester/internal/services/quest_service.go:80.31,82.3 1 0
github.com/keshablive/quester/internal/services/quest_service.go:83.2,83.24 1 0
github.com/keshablive/quester/internal/services/quest_service.go:83.24,85.3 1 0
github.com/keshablive/quester/internal/services/quest_service.go:86.2,86.26 1 0
github.com/keshablive/quester/internal/services/quest_service.go:86.26,88.3 1 0
github.com/keshablive/quester/internal/services/quest_service.go:89.2,89.24 1 0
github.com/keshablive/quester/internal/services/quest_service.go:89.24,91.3 1 0
github.com/keshablive/quester/internal/services/quest_service.go:92.2,92.28 1 0
github.com/keshablive/quester/internal/services/quest_service.go:92.28,94.3 1 0
github.com/keshablive/quester/internal/services/quest_service.go:95.2,95.33 1 0
github.com/keshablive/quester/internal/services/quest_service.go:95.33,97.3 1 0
github.com/keshablive/quester/internal/services/quest_service.go:98.2,98.28 1 0
github.com/keshablive/quester/internal/services/quest_service.go:98.28,100.3 1 0
github.com/keshablive/quester/internal/services/quest_service.go:102.2,102.55 1 0
github.com/keshablive/quester/internal/services/quest_service.go:102.55,104.3 1 0
github.com/keshablive/quester/internal/services/quest_service.go:105.2,105.19 1 0
github.com/keshablive/quester/internal/services/quest_service.go:109.102,110.67 1 0
github.com/keshablive/quester/internal/services/quest_service.go:110.67,111.45 1 0
github.com/keshablive/quester/internal/services/quest_service.go:111.45,113.4 1 0
github.com/keshablive/quester/internal/services/quest_service.go:114.3,114.55 1 0
github.com/keshablive/quester/internal/services/quest_service.go:116.2,116.12 1 0
github.com/keshablive/quester/internal/services/quest_service.go:120.105,122.16 2 0
github.com/keshablive/quester/internal/services/quest_service.go:122.16,124.3 1 0
github.com/keshablive/quester/internal/services/quest_service.go:125.2,125.20 1 0
github.com/keshablive/quester/internal/services/quest_service.go:131.109,137.16 3 0
github.com/keshablive/quester/internal/services/quest_service.go:137.16,139.3 1 0
github.com/keshablive/quester/internal/services/quest_service.go:142.2,143.16 2 0
github.com/keshablive/quester/internal/services/quest_service.go:143.16,145.3 1 0
github.com/keshablive/quester/internal/services/quest_service.go:149.2,150.16 2 0
github.com/keshablive/quester/internal/services/quest_service.go:150.16,157.93 2 0
github.com/keshablive/quester/internal/services/quest_service.go:157.93,160.4 1 0
github.com/keshablive/quester/internal/services/quest_service.go:161.3,161.13 1 0
github.com/keshablive/quester/internal/services/quest_service.go:165.2,174.92 3 0
github.com/keshablive/quester/internal/services/quest_service.go:174.92,177.3 1 0
github.com/keshablive/quester/internal/services/quest_service.go:180.2,180.34 1 0
github.com/keshablive/quester/internal/services/quest_service.go:180.34,181.134 1 0
github.com/keshablive/quester/internal/services/quest_service.go:181.134,184.4 1 0
github.com/keshablive/quester/internal/services/quest_service.go:187.2,187.12 1 0
github.com/keshablive/quester/internal/services/quest_service.go:192.45,197.43 3 0
github.com/keshablive/quester/internal/services/quest_service.go:197.43,199.3 1 0
github.com/keshablive/quester/internal/services/quest_service.go:200.2,200.16 1 0
github.com/keshablive/quester/internal/services/quest_service.go:200.16,202.3 1 0
github.com/keshablive/quester/internal/services/quest_service.go:203.2,203.15 1 0
github.com/keshablive/quester/internal/services/queue_service.go:20.63,22.2 1 0
github.com/keshablive/quester/internal/services/queue_service.go:62.72,63.18 1 0
github.com/keshablive/quester/internal/services/queue_service.go:63.18,65.3 1 0
github.com/keshablive/quester/internal/services/queue_service.go:67.2,67.28 1 0
github.com/keshablive/quester/internal/services/queue_service.go:67.28,69.3 1 0
github.com/keshablive/quester/internal/services/queue_service.go:71.2,71.22 1 0
github.com/keshablive/quester/internal/services/queue_service.go:71.22,73.3 1 0
github.com/keshablive/quester/internal/services/queue_service.go:75.2,75.25 1 0
github.com/keshablive/quester/internal/services/queue_service.go:75.25,77.3 1 0
github.com/keshablive/quester/internal/services/queue_service.go:80.2,81.16 2 0
github.com/keshablive/quester/internal/services/queue_service.go:81.16,83.3 1 0
github.com/keshablive/quester/internal/services/queue_service.go:86.2,90.31 3 0
github.com/keshablive/quester/internal/services/queue_service.go:90.31,93.3 1 0
github.com/keshablive/quester/internal/services/queue_service.go:95.2,100.16 2 0
github.com/keshablive/quester/internal/services/queue_service.go:100.16,102.3 1 0
github.com/keshablive/quester/internal/services/queue_service.go:105.2,107.12 2 0
github.com/keshablive/quester/internal/services/queue_service.go:111.88,121.25 3 0
github.com/keshablive/quester/internal/services/queue_service.go:121.25,123.3 1 0
github.com/keshablive/quester/internal/services/queue_service.go:125.2,126.20 2 0
github.com/keshablive/quester/internal/services/queue_service.go:126.20,128.3 1 0
github.com/keshablive/quester/internal/services/queue_service.go:131.2,135.62 3 0
github.com/keshablive/quester/internal/services/queue_service.go:135.62,137.3 1 0
github.com/keshablive/quester/internal/services/queue_service.go:140.2,144.18 4 0
github.com/keshablive/quester/internal/services/queue_service.go:148.77,158.2 3 0
github.com/keshablive/quester/internal/services/queue_service.go:161.84,166.37 3 0
github.com/keshablive/quester/internal/services/queue_service.go:166.37,174.3 4 0
github.com/keshablive/quester/internal/services/queue_service.go:177.2,178.37 2 0
github.com/keshablive/quester/internal/services/queue_service.go:182.88,185.2 2 0
github.com/keshablive/quester/internal/services/queue_service.go:188.93,190.2 1 0
github.com/keshablive/quester/internal/services/queue_service.go:193.80,195.2 1 0
github.com/keshablive/quester/internal/services/queue_service.go:198.94,201.2 2 0
github.com/keshablive/quester/internal/services/queue_service.go:204.133,214.2 2 0
github.com/keshablive/quester/internal/services/queue_service.go:217.131,227.2 2 0
github.com/keshablive/quester/internal/services/queue_service.go:230.141,240.2 2 0
github.com/keshablive/quester/internal/services/queue_service.go:243.137,254.2 2 0
github.com/keshablive/quester/internal/services/queue_service.go:258.60,259.17 1 0
github.com/keshablive/quester/internal/services/queue_service.go:260.20,261.20 1 0
github.com/keshablive/quester/internal/services/queue_service.go:262.27,263.27 1 0
github.com/keshablive/quester/internal/services/queue_service.go:264.25,265.29 1 0
github.com/keshablive/quester/internal/services/queue_service.go:266.22,267.26 1 0
github.com/keshablive/quester/internal/services/queue_service.go:268.19,269.24 1 0
github.com/keshablive/quester/internal/services/queue_service.go:270.10,271.22 1 0
github.com/keshablive/quester/internal/services/queue_service.go:275.78,279.16 3 0
github.com/keshablive/quester/internal/services/queue_service.go:279.16,281.3 1 0
github.com/keshablive/quester/internal/services/queue_service.go:284.2,284.61 1 0
github.com/keshablive/quester/internal/services/queue_service.go:287.29,289.2 1 0
github.com/keshablive/quester/internal/services/queue_service.go:297.96,301.6 3 0
github.com/keshablive/quester/internal/services/queue_service.go:301.6,302.10 1 0
github.com/keshablive/quester/internal/services/queue_service.go:303.21,304.20 1 0
github.com/keshablive/quester/internal/services/queue_service.go:305.19,307.18 2 0
github.com/keshablive/quester/internal/services/queue_service.go:307.18,309.13 1 0
github.com/keshablive/quester/internal/services/queue_service.go:313.4,313.54 1 0
github.com/keshablive/quester/internal/services/queue_service.go:313.54,315.5 1 0
github.com/keshablive/quester/internal/services/queue_service.go:315.10,317.5 1 0
github.com/keshablive/quester/internal/services/report_service.go:22.124,27.2 1 0
github.com/keshablive/quester/internal/services/report_service.go:30.174,39.29 2 0
github.com/keshablive/quester/internal/services/report_service.go:39.29,41.3 1 0
github.com/keshablive/quester/internal/services/report_service.go:44.2,48.27 2 0
github.com/keshablive/quester/internal/services/report_service.go:48.27,50.3 1 0
github.com/keshablive/quester/internal/services/report_service.go:53.2,56.43 2 0
github.com/keshablive/quester/internal/services/report_service.go:56.43,58.3 1 0
github.com/keshablive/quester/internal/services/report_service.go:61.2,61.31 1 0
github.com/keshablive/quester/internal/services/report_service.go:61.31,63.3 1 0
github.com/keshablive/quester/internal/services/report_service.go:65.2,78.52 2 0
github.com/keshablive/quester/internal/services/report_service.go:78.52,80.3 1 0
github.com/keshablive/quester/internal/services/report_service.go:82.2,82.20 1 0
github.com/keshablive/quester/internal/services/report_service.go:86.73,88.2 1 0
github.com/keshablive/quester/internal/services/report_service.go:91.112,93.2 1 0
github.com/keshablive/quester/internal/services/report_service.go:96.106,98.2 1 0
github.com/keshablive/quester/internal/services/report_service.go:101.66,103.16 2 0
github.com/keshablive/quester/internal/services/report_service.go:103.16,105.3 1 0
github.com/keshablive/quester/internal/services/report_service.go:108.2,108.78 1 0
github.com/keshablive/quester/internal/services/report_service.go:108.78,110.3 1 0
github.com/keshablive/quester/internal/services/report_service.go:113.2,116.21 3 0
github.com/keshablive/quester/internal/services/report_service.go:117.23,118.64 1 0
github.com/keshablive/quester/internal/services/report_service.go:119.28,120.69 1 0
github.com/keshablive/quester/internal/services/report_service.go:121.20,122.62 1 0
github.com/keshablive/quester/internal/services/report_service.go:123.10,124.46 1 0
github.com/keshablive/quester/internal/services/report_service.go:127.2,127.16 1 0
github.com/keshablive/quester/internal/services/report_service.go:127.16,130.3 2 0
github.com/keshablive/quester/internal/services/report_service.go:137.2,151.16 8 0
github.com/keshablive/quester/internal/services/report_service.go:151.16,153.3 1 0
github.com/keshablive/quester/internal/services/report_service.go:154.2,156.36 2 0
github.com/keshablive/quester/internal/services/report_service.go:160.58,162.2 1 0
github.com/keshablive/quester/internal/services/report_service.go:165.117,167.2 1 0
github.com/keshablive/quester/internal/services/report_service.go:172.85,177.43 2 0
github.com/keshablive/quester/internal/services/report_service.go:177.43,179.3 1 0
github.com/keshablive/quester/internal/services/report_service.go:182.2,185.46 3 0
github.com/keshablive/quester/internal/services/report_service.go:189.89,191.2 1 0
github.com/keshablive/quester/internal/services/report_service.go:194.109,196.2 1 0
github.com/keshablive/quester/internal/services/report_service.go:199.85,205.2 3 0
github.com/keshablive/quester/internal/services/report_service.go:208.81,210.2 1 0
github.com/keshablive/quester/internal/services/report_service.go:213.66,215.2 1 0
github.com/keshablive/quester/internal/services/report_service.go:218.53,220.16 2 0
github.com/keshablive/quester/internal/services/report_service.go:220.16,222.3 1 0
github.com/keshablive/quester/internal/services/report_service.go:224.2,224.37 1 0
github.com/keshablive/quester/internal/services/report_service.go:224.37,225.61 1 0
github.com/keshablive/quester/internal/services/report_service.go:225.61,227.12 1 0
github.com/keshablive/quester/internal/services/report_service.go:231.2,231.12 1 0
github.com/keshablive/quester/internal/services/report_service.go:237.120,239.2 1 0
github.com/keshablive/quester/internal/services/report_service.go:242.133,244.2 1 0
github.com/keshablive/quester/internal/services/report_service.go:248.101,256.16 2 0
github.com/keshablive/quester/internal/services/report_service.go:256.16,258.3 1 0
github.com/keshablive/quester/internal/services/report_service.go:261.2,263.30 3 0
github.com/keshablive/quester/internal/services/report_service.go:263.30,267.3 3 0
github.com/keshablive/quester/internal/services/report_service.go:269.2,275.37 6 0
github.com/keshablive/quester/internal/services/report_service.go:278.106,285.16 2 0
github.com/keshablive/quester/internal/services/report_service.go:285.16,287.3 1 0
github.com/keshablive/quester/internal/services/report_service.go:289.2,293.30 4 0
github.com/keshablive/quester/internal/services/report_service.go:293.30,299.3 5 0
github.com/keshablive/quester/internal/services/report_service.go:301.2,309.37 8 0
github.com/keshablive/quester/internal/services/report_service.go:312.99,318.16 2 0
github.com/keshablive/quester/internal/services/report_service.go:318.16,320.3 1 0
github.com/keshablive/quester/internal/services/report_service.go:322.2,326.30 4 0
github.com/keshablive/quester/internal/services/report_service.go:326.30,333.3 6 0
github.com/keshablive/quester/internal/services/report_service.go:335.2,344.37 9 0
github.com/keshablive/quester/internal/services/report_service.go:347.87,358.64 3 0
github.com/keshablive/quester/internal/services/report_service.go:358.64,360.3 1 0
github.com/keshablive/quester/internal/services/report_service.go:363.2,364.28 2 0
github.com/keshablive/quester/internal/services/report_service.go:365.15,368.101 3 0
github.com/keshablive/quester/internal/services/report_service.go:369.16,371.16 2 0
github.com/keshablive/quester/internal/services/report_service.go:372.17,374.16 2 0
github.com/keshablive/quester/internal/services/report_service.go:378.2,390.16 2 0
github.com/keshablive/quester/internal/services/report_service.go:390.16,393.3 2 0
github.com/keshablive/quester/internal/services/report_service.go:396.2,396.52 1 0
github.com/keshablive/quester/internal/services/report_service.go:396.52,399.3 2 0
github.com/keshablive/quester/internal/services/report_service.go:402.2,410.16 1 0
github.com/keshablive/quester/internal/services/report_service.go:410.16,412.3 1 0
github.com/keshablive/quester/internal/services/report_service.go:415.2,417.74 3 0
github.com/keshablive/quester/internal/services/report_service.go:420.89,423.28 2 0
github.com/keshablive/quester/internal/services/report_service.go:424.15,426.56 1 0
github.com/keshablive/quester/internal/services/report_service.go:427.16,429.73 1 0
github.com/keshablive/quester/internal/services/report_service.go:430.17,432.75 1 0
github.com/keshablive/quester/internal/services/report_service.go:433.10,434.30 1 0
github.com/keshablive/quester/internal/services/report_service.go:438.101,445.2 4 0
github.com/keshablive/quester/internal/services/report_service.go:447.101,449.20 2 0
github.com/keshablive/quester/internal/services/report_service.go:449.20,451.3 1 0
github.com/keshablive/quester/internal/services/report_service.go:452.2,452.55 1 0
github.com/keshablive/quester/internal/services/report_service.go:455.103,457.30 2 0
github.com/keshablive/quester/internal/services/report_service.go:457.30,460.17 2 0
github.com/keshablive/quester/internal/services/report_service.go:460.17,463.4 2 0
github.com/keshablive/quester/internal/services/report_service.go:467.2,468.26 2 0
github.com/keshablive/quester/internal/services/report_service.go:468.26,470.3 1 0
github.com/keshablive/quester/internal/services/report_service.go:472.2,475.80 3 0
github.com/keshablive/quester/internal/services/retry_service.go:39.39,48.2 1 0
github.com/keshablive/quester/internal/services/retry_service.go:57.56,58.29 1 0
github.com/keshablive/quester/internal/services/retry_service.go:58.29,60.3 1 0
github.com/keshablive/quester/internal/services/retry_service.go:61.2,61.32 1 0
github.com/keshablive/quester/internal/services/retry_service.go:61.32,63.3 1 0
github.com/keshablive/quester/internal/services/retry_service.go:64.2,64.28 1 0
github.com/keshablive/quester/internal/services/retry_service.go:64.28,66.3 1 0
github.com/keshablive/quester/internal/services/retry_service.go:67.2,67.35 1 0
github.com/keshablive/quester/internal/services/retry_service.go:67.35,69.3 1 0
github.com/keshablive/quester/internal/services/retry_service.go:70.2,70.58 1 0
github.com/keshablive/quester/internal/services/retry_service.go:70.58,72.3 1 0
github.com/keshablive/quester/internal/services/retry_service.go:73.2,73.34 1 0
github.com/keshablive/quester/internal/services/retry_service.go:73.34,75.3 1 0
github.com/keshablive/quester/internal/services/retry_service.go:77.2,80.3 1 0
github.com/keshablive/quester/internal/services/retry_service.go:84.79,87.63 2 0
github.com/keshablive/quester/internal/services/retry_service.go:87.63,89.10 1 0
github.com/keshablive/quester/internal/services/retry_service.go:90.21,91.63 1 0
github.com/keshablive/quester/internal/services/retry_service.go:92.11,92.11 0 0
github.com/keshablive/quester/internal/services/retry_service.go:96.3,96.31 1 0
github.com/keshablive/quester/internal/services/retry_service.go:96.31,98.4 1 0
github.com/keshablive/quester/internal/services/retry_service.go:101.3,103.21 2 0
github.com/keshablive/quester/internal/services/retry_service.go:103.21,106.4 1 0
github.com/keshablive/quester/internal/services/retry_service.go:109.3,109.41 1 0
github.com/keshablive/quester/internal/services/retry_service.go:109.41,111.4 1 0
github.com/keshablive/quester/internal/services/retry_service.go:114.3,114.41 1 0
github.com/keshablive/quester/internal/services/retry_service.go:114.41,115.9 1 0
github.com/keshablive/quester/internal/services/retry_service.go:119.3,125.10 3 0
github.com/keshablive/quester/internal/services/retry_service.go:126.30,126.30 0 0
github.com/keshablive/quester/internal/services/retry_service.go:128.21,129.63 1 0
github.com/keshablive/quester/internal/services/retry_service.go:133.2,133.102 1 0
github.com/keshablive/quester/internal/services/retry_service.go:141.9,144.63 2 0
github.com/keshablive/quester/internal/services/retry_service.go:144.63,145.10 1 0
github.com/keshablive/quester/internal/services/retry_service.go:146.21,147.63 1 0
github.com/keshablive/quester/internal/services/retry_service.go:148.11,148.11 0 0
github.com/keshablive/quester/internal/services/retry_service.go:151.3,151.31 1 0
github.com/keshablive/quester/internal/services/retry_service.go:151.31,153.4 1 0
github.com/keshablive/quester/internal/services/retry_service.go:155.3,157.21 2 0
github.com/keshablive/quester/internal/services/retry_service.go:157.21,159.4 1 0
github.com/keshablive/quester/internal/services/retry_service.go:161.3,161.41 1 0
github.com/keshablive/quester/internal/services/retry_service.go:161.41,163.4 1 0
github.com/keshablive/quester/internal/services/retry_service.go:165.3,165.41 1 0
github.com/keshablive/quester/internal/services/retry_service.go:165.41,166.9 1 0
github.com/keshablive/quester/internal/services/retry_service.go:169.3,171.21 2 0
github.com/keshablive/quester/internal/services/retry_service.go:171.21,173.4 1 0
github.com/keshablive/quester/internal/services/retry_service.go:175.3,175.10 1 0
github.com/keshablive/quester/internal/services/retry_service.go:176.30,176.30 0 0
github.com/keshablive/quester/internal/services/retry_service.go:177.21,178.63 1 0
github.com/keshablive/quester/internal/services/retry_service.go:182.2,182.102 1 0
github.com/keshablive/quester/internal/services/retry_service.go:186.69,191.45 2 0
github.com/keshablive/quester/internal/services/retry_service.go:191.45,193.3 1 0
github.com/keshablive/quester/internal/services/retry_service.go:196.2,200.17 3 0
github.com/keshablive/quester/internal/services/retry_service.go:200.17,202.3 1 0
github.com/keshablive/quester/internal/services/retry_service.go:204.2,204.31 1 0
github.com/keshablive/quester/internal/services/retry_service.go:208.74,210.32 2 0
github.com/keshablive/quester/internal/services/retry_service.go:210.32,213.46 2 0
github.com/keshablive/quester/internal/services/retry_service.go:213.46,215.4 1 0
github.com/keshablive/quester/internal/services/retry_service.go:216.3,216.39 1 0
github.com/keshablive/quester/internal/services/retry_service.go:218.2,218.17 1 0
github.com/keshablive/quester/internal/services/retry_service.go:231.60,239.2 1 0
github.com/keshablive/quester/internal/services/retry_service.go:242.52,249.25 4 0
github.com/keshablive/quester/internal/services/retry_service.go:249.25,252.3 2 0
github.com/keshablive/quester/internal/services/retry_service.go:254.2,254.14 1 0
github.com/keshablive/quester/internal/services/retry_service.go:258.33,263.21 4 0
github.com/keshablive/quester/internal/services/retry_service.go:263.21,265.30 2 0
github.com/keshablive/quester/internal/services/retry_service.go:265.30,267.4 1 0
github.com/keshablive/quester/internal/services/retry_service.go:268.3,268.22 1 0
github.com/keshablive/quester/internal/services/retry_service.go:273.40,277.2 3 0
github.com/keshablive/quester/internal/services/retry_service.go:280.32,285.2 4 0
github.com/keshablive/quester/internal/services/retry_service.go:288.39,289.16 1 0
github.com/keshablive/quester/internal/services/retry_service.go:289.16,291.3 1 0
github.com/keshablive/quester/internal/services/retry_service.go:293.2,311.44 3 0
github.com/keshablive/quester/internal/services/retry_service.go:311.44,312.39 1 0
github.com/keshablive/quester/internal/services/retry_service.go:312.39,314.4 1 0
github.com/keshablive/quester/internal/services/retry_service.go:317.2,317.14 1 0
github.com/keshablive/quester/internal/services/retry_service.go:321.39,322.16 1 0
github.com/keshablive/quester/internal/services/retry_service.go:322.16,324.3 1 0
github.com/keshablive/quester/internal/services/retry_service.go:326.2,344.44 3 0
github.com/keshablive/quester/internal/services/retry_service.go:344.44,345.39 1 0
github.com/keshablive/quester/internal/services/retry_service.go:345.39,347.4 1 0
github.com/keshablive/quester/internal/services/retry_service.go:350.2,350.14 1 0
github.com/keshablive/quester/internal/services/retry_service.go:354.48,358.2 3 0
github.com/keshablive/quester/internal/services/retry_service.go:360.38,362.2 1 0
github.com/keshablive/quester/internal/services/retry_service.go:364.36,365.43 1 0
github.com/keshablive/quester/internal/services/retry_service.go:365.43,366.35 1 0
github.com/keshablive/quester/internal/services/retry_service.go:366.35,368.4 1 0
github.com/keshablive/quester/internal/services/retry_service.go:370.2,370.11 1 0
github.com/keshablive/quester/internal/services/retry_service.go:373.31,375.30 2 0
github.com/keshablive/quester/internal/services/retry_service.go:375.30,377.27 2 0
github.com/keshablive/quester/internal/services/retry_service.go:377.27,379.4 1 0
github.com/keshablive/quester/internal/services/retry_service.go:379.9,381.4 1 0
github.com/keshablive/quester/internal/services/retry_service.go:383.2,383.23 1 0
github.com/keshablive/quester/internal/services/rtmp_service.go:31.39,32.35 1 0
github.com/keshablive/quester/internal/services/rtmp_service.go:32.35,34.3 1 0
github.com/keshablive/quester/internal/services/rtmp_service.go:35.2,35.21 1 0
github.com/keshablive/quester/internal/services/rtmp_service.go:35.21,37.3 1 0
github.com/keshablive/quester/internal/services/rtmp_service.go:38.2,38.23 1 0
github.com/keshablive/quester/internal/services/rtmp_service.go:38.23,40.3 1 0
github.com/keshablive/quester/internal/services/rtmp_service.go:41.2,41.12 1 0
github.com/keshablive/quester/internal/services/rtmp_service.go:55.94,62.2 1 0
github.com/keshablive/quester/internal/services/rtmp_service.go:65.64,67.42 1 0
github.com/keshablive/quester/internal/services/rtmp_service.go:67.42,69.3 1 0
github.com/keshablive/quester/internal/services/rtmp_service.go:71.2,75.3 1 0
github.com/keshablive/quester/internal/services/rtmp_service.go:79.58,81.2 1 0
github.com/keshablive/quester/internal/services/rtmp_service.go:84.64,86.2 1 0
github.com/keshablive/quester/internal/services/rtmp_service.go:89.53,90.21 1 0
github.com/keshablive/quester/internal/services/rtmp_service.go:90.21,92.3 1 0
github.com/keshablive/quester/internal/services/rtmp_service.go:93.2,93.25 1 0
github.com/keshablive/quester/internal/services/rtmp_service.go:97.66,101.2 3 0
github.com/keshablive/quester/internal/services/rtmp_service.go:104.56,108.2 3 0
github.com/keshablive/quester/internal/services/rtmp_service.go:111.56,115.2 3 0
github.com/keshablive/quester/internal/services/rtmp_service.go:118.56,121.23 3 0
github.com/keshablive/quester/internal/services/rtmp_service.go:121.23,123.3 1 0
github.com/keshablive/quester/internal/services/rtmp_service.go:131.42,140.16 4 0
github.com/keshablive/quester/internal/services/rtmp_service.go:140.16,142.3 1 0
github.com/keshablive/quester/internal/services/rtmp_service.go:145.2,146.33 2 0
github.com/keshablive/quester/internal/services/rtmp_service.go:146.33,148.3 1 0
github.com/keshablive/quester/internal/services/rtmp_service.go:150.2,150.25 1 0
github.com/keshablive/quester/internal/services/rtmp_service.go:154.48,155.38 1 0
github.com/keshablive/quester/internal/services/rtmp_service.go:155.38,157.3 1 0
github.com/keshablive/quester/internal/services/rtmp_service.go:160.2,160.35 1 0
github.com/keshablive/quester/internal/services/rtmp_service.go:160.35,162.3 1 0
github.com/keshablive/quester/internal/services/rtmp_service.go:164.2,164.12 1 0
github.com/keshablive/quester/internal/services/rtmp_service.go:168.119,170.38 1 0
github.com/keshablive/quester/internal/services/rtmp_service.go:170.38,172.3 1 0
github.com/keshablive/quester/internal/services/rtmp_service.go:175.2,175.35 1 0
github.com/keshablive/quester/internal/services/rtmp_service.go:175.35,177.3 1 0
github.com/keshablive/quester/internal/services/rtmp_service.go:180.2,180.17 1 0
github.com/keshablive/quester/internal/services/rtmp_service.go:180.17,182.3 1 0
github.com/keshablive/quester/internal/services/rtmp_service.go:184.2,186.16 3 0
github.com/keshablive/quester/internal/services/rtmp_service.go:186.16,187.45 1 0
github.com/keshablive/quester/internal/services/rtmp_service.go:187.45,189.4 1 0
github.com/keshablive/quester/internal/services/rtmp_service.go:190.3,190.59 1 0
github.com/keshablive/quester/internal/services/rtmp_service.go:194.2,194.47 1 0
github.com/keshablive/quester/internal/services/rtmp_service.go:194.47,196.3 1 0
github.com/keshablive/quester/internal/services/rtmp_service.go:197.2,197.47 1 0
github.com/keshablive/quester/internal/services/rtmp_service.go:197.47,199.3 1 0
github.com/keshablive/quester/internal/services/rtmp_service.go:202.2,202.93 1 0
github.com/keshablive/quester/internal/services/rtmp_service.go:202.93,204.3 1 0
github.com/keshablive/quester/internal/services/rtmp_service.go:206.2,206.27 1 0
github.com/keshablive/quester/internal/services/rtmp_service.go:210.148,213.28 2 0
github.com/keshablive/quester/internal/services/rtmp_service.go:213.28,215.3 1 0
github.com/keshablive/quester/internal/services/rtmp_service.go:218.2,218.42 1 0
github.com/keshablive/quester/internal/services/rtmp_service.go:218.42,220.3 1 0
github.com/keshablive/quester/internal/services/rtmp_service.go:222.2,222.26 1 0
github.com/keshablive/quester/internal/services/rtmp_service.go:226.121,228.28 2 0
github.com/keshablive/quester/internal/services/rtmp_service.go:228.28,230.3 1 0
github.com/keshablive/quester/internal/services/rtmp_service.go:232.2,232.41 1 0
github.com/keshablive/quester/internal/services/rtmp_service.go:232.41,234.3 1 0
github.com/keshablive/quester/internal/services/rtmp_service.go:236.2,236.18 1 0
github.com/keshablive/quester/internal/services/rtmp_service.go:240.140,242.28 2 0
github.com/keshablive/quester/internal/services/rtmp_service.go:242.28,244.3 1 0
github.com/keshablive/quester/internal/services/rtmp_service.go:247.2,247.31 1 0
github.com/keshablive/quester/internal/services/rtmp_service.go:247.31,249.3 1 0
github.com/keshablive/quester/internal/services/rtmp_service.go:252.2,253.52 2 0
github.com/keshablive/quester/internal/services/rtmp_service.go:253.52,255.3 1 0
github.com/keshablive/quester/internal/services/rtmp_service.go:257.2,257.26 1 0
github.com/keshablive/quester/internal/services/rtmp_service.go:261.98,262.17 1 0
github.com/keshablive/quester/internal/services/rtmp_service.go:262.17,264.3 1 0
github.com/keshablive/quester/internal/services/rtmp_service.go:266.2,277.25 3 0
github.com/keshablive/quester/internal/services/rtmp_service.go:277.25,279.3 1 0
github.com/keshablive/quester/internal/services/rtmp_service.go:281.2,281.30 1 0
github.com/keshablive/quester/internal/services/rtmp_service.go:281.30,283.3 1 0
github.com/keshablive/quester/internal/services/rtmp_service.go:285.2,285.12 1 0
github.com/keshablive/quester/internal/services/rtmp_service.go:289.99,290.17 1 0
github.com/keshablive/quester/internal/services/rtmp_service.go:290.17,292.3 1 0
github.com/keshablive/quester/internal/services/rtmp_service.go:294.2,296.16 3 0
github.com/keshablive/quester/internal/services/rtmp_service.go:296.16,298.3 1 0
github.com/keshablive/quester/internal/services/rtmp_service.go:301.2,301.46 1 0
github.com/keshablive/quester/internal/services/rtmp_service.go:301.46,303.3 1 0
github.com/keshablive/quester/internal/services/rtmp_service.go:305.2,307.29 3 0
github.com/keshablive/quester/internal/services/rtmp_service.go:307.29,309.3 1 0
github.com/keshablive/quester/internal/services/rtmp_service.go:312.2,319.16 2 0
github.com/keshablive/quester/internal/services/rtmp_service.go:319.16,321.3 1 0
github.com/keshablive/quester/internal/services/rtmp_service.go:323.2,323.12 1 0
github.com/keshablive/quester/internal/services/rtmp_service.go:327.96,328.17 1 0
github.com/keshablive/quester/internal/services/rtmp_service.go:328.17,330.3 1 0
github.com/keshablive/quester/internal/services/rtmp_service.go:333.2,336.20 2 0
github.com/keshablive/quester/internal/services/rtmp_service.go:336.20,338.17 2 0
github.com/keshablive/quester/internal/services/rtmp_service.go:338.17,341.4 1 0
github.com/keshablive/quester/internal/services/rtmp_service.go:341.9,348.23 4 0
github.com/keshablive/quester/internal/services/rtmp_service.go:348.23,350.5 1 0
github.com/keshablive/quester/internal/services/rtmp_service.go:355.2,355.67 1 0
github.com/keshablive/quester/internal/services/rtmp_service.go:355.67,357.69 2 0
github.com/keshablive/quester/internal/services/rtmp_service.go:357.69,359.4 1 0
github.com/keshablive/quester/internal/services/rtmp_service.go:361.3,368.36 3 0
github.com/keshablive/quester/internal/services/rtmp_service.go:368.36,370.4 1 0
github.com/keshablive/quester/internal/services/rtmp_service.go:372.3,372.50 1 0
github.com/keshablive/quester/internal/services/rtmp_service.go:375.2,375.12 1 0
github.com/keshablive/quester/internal/services/rtmp_service.go:379.96,380.17 1 0
github.com/keshablive/quester/internal/services/rtmp_service.go:380.17,382.3 1 0
github.com/keshablive/quester/internal/services/rtmp_service.go:385.2,387.20 2 0
github.com/keshablive/quester/internal/services/rtmp_service.go:387.20,389.17 2 0
github.com/keshablive/quester/internal/services/rtmp_service.go:389.17,391.4 1 0
github.com/keshablive/quester/internal/services/rtmp_service.go:391.9,393.20 1 0
github.com/keshablive/quester/internal/services/rtmp_service.go:393.20,395.5 1 0
github.com/keshablive/quester/internal/services/rtmp_service.go:400.2,407.12 2 0
github.com/keshablive/quester/internal/services/rtmp_service.go:411.99,413.20 1 0
github.com/keshablive/quester/internal/services/rtmp_service.go:413.20,416.17 3 0
github.com/keshablive/quester/internal/services/rtmp_service.go:416.17,418.4 1 0
github.com/keshablive/quester/internal/services/rtmp_service.go:423.2,423.17 1 0
github.com/keshablive/quester/internal/services/rtmp_service.go:423.17,425.3 1 0
github.com/keshablive/quester/internal/services/rtmp_service.go:427.2,429.16 3 0
github.com/keshablive/quester/internal/services/rtmp_service.go:429.16,431.3 1 0
github.com/keshablive/quester/internal/services/rtmp_service.go:433.2,433.39 1 0
github.com/keshablive/quester/internal/services/rtmp_service.go:437.107,438.17 1 0
github.com/keshablive/quester/internal/services/rtmp_service.go:438.17,440.3 1 0
github.com/keshablive/quester/internal/services/rtmp_service.go:443.2,448.16 3 0
github.com/keshablive/quester/internal/services/rtmp_service.go:448.16,450.3 1 0
github.com/keshablive/quester/internal/services/rtmp_service.go:452.2,456.36 4 0
github.com/keshablive/quester/internal/services/rtmp_service.go:456.36,458.3 1 0
github.com/keshablive/quester/internal/services/rtmp_service.go:460.2,460.18 1 0
github.com/keshablive/quester/internal/services/rtmp_service.go:475.107,476.17 1 0
github.com/keshablive/quester/internal/services/rtmp_service.go:476.17,478.3 1 0
github.com/keshablive/quester/internal/services/rtmp_service.go:480.2,492.16 3 0
github.com/keshablive/quester/internal/services/rtmp_service.go:492.16,494.3 1 0
github.com/keshablive/quester/internal/services/rtmp_service.go:498.2,501.16 3 0
github.com/keshablive/quester/internal/services/rtmp_service.go:505.93,510.21 3 0
github.com/keshablive/quester/internal/services/rtmp_service.go:510.21,514.3 3 0
github.com/keshablive/quester/internal/services/rtmp_service.go:517.2,518.28 2 0
github.com/keshablive/quester/internal/services/rtmp_service.go:518.28,522.3 3 0
github.com/keshablive/quester/internal/services/rtmp_service.go:525.2,525.49 1 0
github.com/keshablive/quester/internal/services/rtmp_service.go:525.49,529.65 3 0
github.com/keshablive/quester/internal/services/rtmp_service.go:529.65,533.4 3 0
github.com/keshablive/quester/internal/services/rtmp_service.go:536.2,538.22 3 0
github.com/keshablive/quester/internal/services/rtmp_service.go:542.97,547.21 3 0
github.com/keshablive/quester/internal/services/rtmp_service.go:547.21,551.3 3 0
github.com/keshablive/quester/internal/services/rtmp_service.go:554.2,556.16 3 0
github.com/keshablive/quester/internal/services/rtmp_service.go:556.16,560.3 3 0
github.com/keshablive/quester/internal/services/rtmp_service.go:563.2,563.46 1 0
github.com/keshablive/quester/internal/services/rtmp_service.go:563.46,566.66 3 0
github.com/keshablive/quester/internal/services/rtmp_service.go:566.66,570.4 3 0
github.com/keshablive/quester/internal/services/rtmp_service.go:573.2,575.22 3 0
github.com/keshablive/quester/internal/services/rtmp_service.go:579.93,583.2 3 0
github.com/keshablive/quester/internal/services/rtmp_service.go:586.96,590.2 3 0
github.com/keshablive/quester/internal/services/rtmp_service.go:593.48,603.44 2 0
github.com/keshablive/quester/internal/services/rtmp_service.go:603.44,604.51 1 0
github.com/keshablive/quester/internal/services/rtmp_service.go:604.51,606.4 1 0
github.com/keshablive/quester/internal/services/rtmp_service.go:609.2,609.14 1 0
github.com/keshablive/quester/internal/services/search_service.go:40.72,45.2 1 0
github.com/keshablive/quester/internal/services/search_service.go:48.116,61.16 4 0
github.com/keshablive/quester/internal/services/search_service.go:61.16,63.3 1 0
github.com/keshablive/quester/internal/services/search_service.go:65.2,66.28 2 0
github.com/keshablive/quester/internal/services/search_service.go:66.28,74.3 1 0
github.com/keshablive/quester/internal/services/search_service.go:76.2,76.27 1 0
github.com/keshablive/quester/internal/services/search_service.go:80.119,93.16 4 0
github.com/keshablive/quester/internal/services/search_service.go:93.16,95.3 1 0
github.com/keshablive/quester/internal/services/search_service.go:97.2,98.28 2 0
github.com/keshablive/quester/internal/services/search_service.go:98.28,106.3 1 0
github.com/keshablive/quester/internal/services/search_service.go:108.2,108.27 1 0
github.com/keshablive/quester/internal/services/search_service.go:112.122,125.16 4 0
github.com/keshablive/quester/internal/services/search_service.go:125.16,127.3 1 0
github.com/keshablive/quester/internal/services/search_service.go:129.2,130.28 2 0
github.com/keshablive/quester/internal/services/search_service.go:130.28,138.3 1 0
github.com/keshablive/quester/internal/services/search_service.go:140.2,140.27 1 0
github.com/keshablive/quester/internal/services/search_service.go:144.112,152.12 5 0
github.com/keshablive/quester/internal/services/search_service.go:152.12,155.3 2 0
github.com/keshablive/quester/internal/services/search_service.go:157.2,157.12 1 0
github.com/keshablive/quester/internal/services/search_service.go:157.12,160.3 2 0
github.com/keshablive/quester/internal/services/search_service.go:162.2,162.12 1 0
github.com/keshablive/quester/internal/services/search_service.go:162.12,165.3 2 0
github.com/keshablive/quester/internal/services/search_service.go:168.2,182.30 9 0
github.com/keshablive/quester/internal/services/search_service.go:182.30,184.3 1 0
github.com/keshablive/quester/internal/services/search_service.go:185.2,185.27 1 0
github.com/keshablive/quester/internal/services/search_service.go:185.27,187.3 1 0
github.com/keshablive/quester/internal/services/search_service.go:189.2,189.35 1 0
github.com/keshablive/quester/internal/services/search_service.go:193.138,195.21 2 0
github.com/keshablive/quester/internal/services/search_service.go:195.21,197.3 1 0
github.com/keshablive/quester/internal/services/search_service.go:200.2,204.16 3 0
github.com/keshablive/quester/internal/services/search_service.go:204.16,206.3 1 0
github.com/keshablive/quester/internal/services/search_service.go:208.2,209.33 2 0
github.com/keshablive/quester/internal/services/search_service.go:209.33,211.55 2 0
github.com/keshablive/quester/internal/services/search_service.go:211.55,217.4 1 0
github.com/keshablive/quester/internal/services/search_service.go:220.2,220.25 1 0
github.com/keshablive/quester/internal/services/search_service.go:224.103,226.20 2 0
github.com/keshablive/quester/internal/services/search_service.go:226.20,228.3 1 0
github.com/keshablive/quester/internal/services/search_service.go:231.2,235.16 3 0
github.com/keshablive/quester/internal/services/search_service.go:235.16,237.3 1 0
github.com/keshablive/quester/internal/services/search_service.go:240.2,245.12 3 0
github.com/keshablive/quester/internal/services/search_service.go:249.118,251.2 1 0
github.com/keshablive/quester/internal/services/search_service.go:254.123,256.2 1 0
github.com/keshablive/quester/internal/services/search_service.go:259.121,261.2 1 0
github.com/keshablive/quester/internal/services/search_service.go:264.110,266.19 2 0
github.com/keshablive/quester/internal/services/search_service.go:266.19,268.3 1 0
github.com/keshablive/quester/internal/services/search_service.go:271.2,272.29 2 0
github.com/keshablive/quester/internal/services/search_service.go:272.29,273.20 1 0
github.com/keshablive/quester/internal/services/search_service.go:273.20,274.12 1 0
github.com/keshablive/quester/internal/services/search_service.go:277.3,285.17 3 0
github.com/keshablive/quester/internal/services/search_service.go:285.17,287.4 1 0
github.com/keshablive/quester/internal/services/search_service.go:290.3,290.44 1 0
github.com/keshablive/quester/internal/services/search_service.go:293.2,293.12 1 0
github.com/keshablive/quester/internal/services/search_service.go:297.97,302.21 3 0
github.com/keshablive/quester/internal/services/search_service.go:302.21,304.3 1 0
github.com/keshablive/quester/internal/services/search_service.go:306.2,306.35 1 0
github.com/keshablive/quester/internal/services/search_service.go:306.35,308.3 1 0
github.com/keshablive/quester/internal/services/search_service.go:311.2,312.106 2 0
github.com/keshablive/quester/internal/services/search_service.go:312.106,314.3 1 0
github.com/keshablive/quester/internal/services/search_service.go:316.2,316.33 1 0
github.com/keshablive/quester/internal/services/search_service.go:316.33,318.3 1 0
github.com/keshablive/quester/internal/services/search_service.go:321.2,322.109 2 0
github.com/keshablive/quester/internal/services/search_service.go:322.109,324.3 1 0
github.com/keshablive/quester/internal/services/search_service.go:326.2,326.38 1 0
github.com/keshablive/quester/internal/services/search_service.go:326.38,328.3 1 0
github.com/keshablive/quester/internal/services/search_service.go:331.2,332.137 2 0
github.com/keshablive/quester/internal/services/search_service.go:332.137,334.3 1 0
github.com/keshablive/quester/internal/services/search_service.go:336.2,336.35 1 0
github.com/keshablive/quester/internal/services/search_service.go:336.35,338.3 1 0
github.com/keshablive/quester/internal/services/search_service.go:340.2,340.12 1 0
github.com/keshablive/quester/internal/services/search_service.go:345.41,348.27 2 0
github.com/keshablive/quester/internal/services/search_service.go:348.27,349.30 1 0
github.com/keshablive/quester/internal/services/search_service.go:349.30,350.43 1 0
github.com/keshablive/quester/internal/services/search_service.go:350.43,352.5 1 0
github.com/keshablive/quester/internal/services/social_service.go:35.18,45.2 1 0
github.com/keshablive/quester/internal/services/social_service.go:48.97,51.16 2 0
github.com/keshablive/quester/internal/services/social_service.go:51.16,53.3 1 0
github.com/keshablive/quester/internal/services/social_service.go:54.2,54.13 1 0
github.com/keshablive/quester/internal/services/social_service.go:54.13,56.3 1 0
github.com/keshablive/quester/internal/services/social_service.go:59.2,60.16 2 0
github.com/keshablive/quester/internal/services/social_service.go:60.16,62.3 1 0
github.com/keshablive/quester/internal/services/social_service.go:64.2,72.53 2 0
github.com/keshablive/quester/internal/services/social_service.go:72.53,74.3 1 0
github.com/keshablive/quester/internal/services/social_service.go:77.2,92.52 4 0
github.com/keshablive/quester/internal/services/social_service.go:92.52,95.79 2 0
github.com/keshablive/quester/internal/services/social_service.go:95.79,97.4 1 0
github.com/keshablive/quester/internal/services/social_service.go:99.3,99.13 1 0
github.com/keshablive/quester/internal/services/social_service.go:99.13,102.140 2 0
github.com/keshablive/quester/internal/services/social_service.go:102.141,104.5 0 0
github.com/keshablive/quester/internal/services/social_service.go:108.2,108.12 1 0
github.com/keshablive/quester/internal/services/social_service.go:112.99,115.16 2 0
github.com/keshablive/quester/internal/services/social_service.go:115.16,117.3 1 0
github.com/keshablive/quester/internal/services/social_service.go:118.2,118.14 1 0
github.com/keshablive/quester/internal/services/social_service.go:118.14,120.3 1 0
github.com/keshablive/quester/internal/services/social_service.go:123.2,123.73 1 0
github.com/keshablive/quester/internal/services/social_service.go:123.73,125.3 1 0
github.com/keshablive/quester/internal/services/social_service.go:128.2,130.12 2 0
github.com/keshablive/quester/internal/services/social_service.go:134.108,136.2 1 0
github.com/keshablive/quester/internal/services/social_service.go:139.134,141.2 1 0
github.com/keshablive/quester/internal/services/social_service.go:144.155,145.73 1 0
github.com/keshablive/quester/internal/services/social_service.go:145.73,147.3 1 0
github.com/keshablive/quester/internal/services/social_service.go:150.2,151.16 2 0
github.com/keshablive/quester/internal/services/social_service.go:151.16,153.3 1 0
github.com/keshablive/quester/internal/services/social_service.go:155.2,155.21 1 0
github.com/keshablive/quester/internal/services/social_service.go:155.21,157.17 2 0
github.com/keshablive/quester/internal/services/social_service.go:157.17,159.4 1 0
github.com/keshablive/quester/internal/services/social_service.go:163.2,174.59 2 0
github.com/keshablive/quester/internal/services/social_service.go:174.59,176.3 1 0
github.com/keshablive/quester/internal/services/social_service.go:179.2,179.21 1 0
github.com/keshablive/quester/internal/services/social_service.go:179.21,181.3 1 0
github.com/keshablive/quester/internal/services/social_service.go:184.2,199.52 3 0
github.com/keshablive/quester/internal/services/social_service.go:199.52,201.79 2 0
github.com/keshablive/quester/internal/services/social_service.go:201.79,203.4 1 0
github.com/keshablive/quester/internal/services/social_service.go:205.3,205.13 1 0
github.com/keshablive/quester/internal/services/social_service.go:205.13,207.143 2 0
github.com/keshablive/quester/internal/services/social_service.go:207.144,209.5 0 0
github.com/keshablive/quester/internal/services/social_service.go:213.2,213.21 1 0
github.com/keshablive/quester/internal/services/social_service.go:217.140,218.19 1 0
github.com/keshablive/quester/internal/services/social_service.go:218.19,220.3 1 0
github.com/keshablive/quester/internal/services/social_service.go:223.2,224.16 2 0
github.com/keshablive/quester/internal/services/social_service.go:224.16,226.3 1 0
github.com/keshablive/quester/internal/services/social_service.go:229.2,229.30 1 0
github.com/keshablive/quester/internal/services/social_service.go:229.30,231.3 1 0
github.com/keshablive/quester/internal/services/social_service.go:234.2,237.59 3 0
github.com/keshablive/quester/internal/services/social_service.go:237.59,239.3 1 0
github.com/keshablive/quester/internal/services/social_service.go:241.2,241.21 1 0
github.com/keshablive/quester/internal/services/social_service.go:245.105,248.16 2 0
github.com/keshablive/quester/internal/services/social_service.go:248.16,250.3 1 0
github.com/keshablive/quester/internal/services/social_service.go:253.2,253.30 1 0
github.com/keshablive/quester/internal/services/social_service.go:253.30,255.3 1 0
github.com/keshablive/quester/internal/services/social_service.go:258.2,258.71 1 0
github.com/keshablive/quester/internal/services/social_service.go:258.71,260.3 1 0
github.com/keshablive/quester/internal/services/social_service.go:263.2,263.29 1 0
github.com/keshablive/quester/internal/services/social_service.go:263.29,265.3 1 0
github.com/keshablive/quester/internal/services/social_service.go:267.2,267.12 1 0
github.com/keshablive/quester/internal/services/social_service.go:271.140,273.2 1 0
github.com/keshablive/quester/internal/services/social_service.go:276.145,278.2 1 0
github.com/keshablive/quester/internal/services/social_service.go:281.98,284.16 2 0
github.com/keshablive/quester/internal/services/social_service.go:284.16,286.3 1 0
github.com/keshablive/quester/internal/services/social_service.go:288.2,288.78 1 0
github.com/keshablive/quester/internal/services/social_service.go:288.78,290.3 1 0
github.com/keshablive/quester/internal/services/social_service.go:293.2,305.52 3 0
github.com/keshablive/quester/internal/services/social_service.go:305.52,307.79 2 0
github.com/keshablive/quester/internal/services/social_service.go:307.79,309.4 1 0
github.com/keshablive/quester/internal/services/social_service.go:311.3,311.13 1 0
github.com/keshablive/quester/internal/services/social_service.go:311.13,313.141 2 0
github.com/keshablive/quester/internal/services/social_service.go:313.142,315.5 0 0
github.com/keshablive/quester/internal/services/social_service.go:319.2,319.12 1 0
github.com/keshablive/quester/internal/services/social_service.go:323.108,325.31 1 0
github.com/keshablive/quester/internal/services/social_service.go:325.31,327.3 1 0
github.com/keshablive/quester/internal/services/social_service.go:330.2,331.16 2 0
github.com/keshablive/quester/internal/services/social_service.go:331.16,333.3 1 0
github.com/keshablive/quester/internal/services/social_service.go:334.2,334.17 1 0
github.com/keshablive/quester/internal/services/social_service.go:334.17,336.3 1 0
github.com/keshablive/quester/internal/services/social_service.go:339.2,347.57 2 0
github.com/keshablive/quester/internal/services/social_service.go:347.57,349.3 1 0
github.com/keshablive/quester/internal/services/social_service.go:352.2,364.27 3 0
github.com/keshablive/quester/internal/services/social_service.go:364.27,366.3 1 0
github.com/keshablive/quester/internal/services/social_service.go:368.2,368.12 1 0
github.com/keshablive/quester/internal/services/social_service.go:372.110,375.16 2 0
github.com/keshablive/quester/internal/services/social_service.go:375.16,377.3 1 0
github.com/keshablive/quester/internal/services/social_service.go:378.2,378.18 1 0
github.com/keshablive/quester/internal/services/social_service.go:378.18,380.3 1 0
github.com/keshablive/quester/internal/services/social_service.go:383.2,383.84 1 0
github.com/keshablive/quester/internal/services/social_service.go:383.84,385.3 1 0
github.com/keshablive/quester/internal/services/social_service.go:388.2,390.12 2 0
github.com/keshablive/quester/internal/services/social_service.go:394.117,396.2 1 0
github.com/keshablive/quester/internal/services/social_service.go:399.134,401.2 1 0
github.com/keshablive/quester/internal/services/social_service.go:404.134,406.2 1 0
github.com/keshablive/quester/internal/services/social_service.go:409.106,411.2 1 0
github.com/keshablive/quester/internal/services/social_service.go:414.107,416.2 1 0
github.com/keshablive/quester/internal/services/social_service.go:419.140,421.2 1 0
github.com/keshablive/quester/internal/services/social_service.go:424.115,426.16 2 0
github.com/keshablive/quester/internal/services/social_service.go:426.16,428.3 1 0
github.com/keshablive/quester/internal/services/social_service.go:430.2,431.16 2 0
github.com/keshablive/quester/internal/services/social_service.go:431.16,433.3 1 0
github.com/keshablive/quester/internal/services/social_service.go:435.2,438.8 1 0
github.com/keshablive/quester/internal/services/social_service.go:442.156,444.139 1 0
github.com/keshablive/quester/internal/services/social_service.go:444.139,446.3 1 0
github.com/keshablive/quester/internal/services/social_service.go:449.2,449.153 1 0
github.com/keshablive/quester/internal/services/social_service.go:449.153,451.3 1 0
github.com/keshablive/quester/internal/services/social_service.go:454.2,454.114 1 0
github.com/keshablive/quester/internal/services/social_service.go:454.114,456.3 1 0
github.com/keshablive/quester/internal/services/social_service.go:459.2,474.53 2 0
github.com/keshablive/quester/internal/services/social_service.go:474.53,476.3 1 0
github.com/keshablive/quester/internal/services/social_service.go:479.2,495.18 3 0
github.com/keshablive/quester/internal/services/social_service.go:499.125,501.16 2 0
github.com/keshablive/quester/internal/services/social_service.go:501.16,503.3 1 0
github.com/keshablive/quester/internal/services/social_service.go:506.2,506.98 1 0
github.com/keshablive/quester/internal/services/social_service.go:506.98,508.3 1 0
github.com/keshablive/quester/internal/services/social_service.go:510.2,510.70 1 0
github.com/keshablive/quester/internal/services/social_service.go:510.70,511.31 1 0
github.com/keshablive/quester/internal/services/social_service.go:511.31,513.34 2 0
github.com/keshablive/quester/internal/services/social_service.go:513.34,515.5 1 0
github.com/keshablive/quester/internal/services/social_service.go:519.2,519.18 1 0
github.com/keshablive/quester/internal/services/social_service.go:523.143,526.16 2 0
github.com/keshablive/quester/internal/services/social_service.go:526.16,528.3 1 0
github.com/keshablive/quester/internal/services/social_service.go:531.2,531.27 1 0
github.com/keshablive/quester/internal/services/social_service.go:531.27,533.3 1 0
github.com/keshablive/quester/internal/services/social_service.go:536.2,536.19 1 0
github.com/keshablive/quester/internal/services/social_service.go:536.19,538.3 1 0
github.com/keshablive/quester/internal/services/social_service.go:539.2,539.22 1 0
github.com/keshablive/quester/internal/services/social_service.go:539.22,540.154 1 0
github.com/keshablive/quester/internal/services/social_service.go:540.154,542.4 1 0
github.com/keshablive/quester/internal/services/social_service.go:543.3,543.50 1 0
github.com/keshablive/quester/internal/services/social_service.go:545.2,547.53 2 0
github.com/keshablive/quester/internal/services/social_service.go:547.53,549.3 1 0
github.com/keshablive/quester/internal/services/social_service.go:551.2,551.18 1 0
github.com/keshablive/quester/internal/services/social_service.go:555.99,558.16 2 0
github.com/keshablive/quester/internal/services/social_service.go:558.16,560.3 1 0
github.com/keshablive/quester/internal/services/social_service.go:563.2,563.27 1 0
github.com/keshablive/quester/internal/services/social_service.go:563.27,565.3 1 0
github.com/keshablive/quester/internal/services/social_service.go:568.2,568.65 1 0
github.com/keshablive/quester/internal/services/social_service.go:568.65,570.3 1 0
github.com/keshablive/quester/internal/services/social_service.go:573.2,575.12 2 0
github.com/keshablive/quester/internal/services/social_service.go:579.134,581.2 1 0
github.com/keshablive/quester/internal/services/social_service.go:584.127,586.2 1 0
github.com/keshablive/quester/internal/services/social_service.go:589.138,591.2 1 0
github.com/keshablive/quester/internal/services/social_service.go:594.139,595.17 1 0
github.com/keshablive/quester/internal/services/social_service.go:595.17,597.3 1 0
github.com/keshablive/quester/internal/services/social_service.go:598.2,598.66 1 0
github.com/keshablive/quester/internal/services/token_cleanup_service.go:20.105,24.2 1 0
github.com/keshablive/quester/internal/services/token_cleanup_service.go:27.88,29.16 2 0
github.com/keshablive/quester/internal/services/token_cleanup_service.go:29.16,31.3 1 0
github.com/keshablive/quester/internal/services/token_cleanup_service.go:32.2,32.19 1 0
github.com/keshablive/quester/internal/services/token_cleanup_service.go:37.98,39.12 2 0
github.com/keshablive/quester/internal/services/token_cleanup_service.go:39.12,44.7 2 0
github.com/keshablive/quester/internal/services/token_cleanup_service.go:44.7,45.11 1 0
github.com/keshablive/quester/internal/services/token_cleanup_service.go:46.20,47.22 1 0
github.com/keshablive/quester/internal/services/token_cleanup_service.go:48.22,51.11 3 0
github.com/keshablive/quester/internal/services/token_cleanup_service.go:55.2,55.72 1 0
github.com/keshablive/quester/internal/services/token_cleanup_service.go:59.63,64.16 4 0
github.com/keshablive/quester/internal/services/token_cleanup_service.go:64.16,68.3 3 0
github.com/keshablive/quester/internal/services/token_cleanup_service.go:70.2,75.48 4 0
github.com/keshablive/quester/internal/services/token_cleanup_service.go:79.82,83.2 3 0
github.com/keshablive/quester/internal/services/transaction_service.go:37.23,46.2 1 0
github.com/keshablive/quester/internal/services/transaction_service.go:49.211,52.16 2 0
github.com/keshablive/quester/internal/services/transaction_service.go:52.16,53.45 1 0
github.com/keshablive/quester/internal/services/transaction_service.go:53.45,55.4 1 0
github.com/keshablive/quester/internal/services/transaction_service.go:56.3,56.57 1 0
github.com/keshablive/quester/internal/services/transaction_service.go:60.2,60.28 1 0
github.com/keshablive/quester/internal/services/transaction_service.go:60.28,62.3 1 0
github.com/keshablive/quester/internal/services/transaction_service.go:65.2,65.33 1 0
github.com/keshablive/quester/internal/services/transaction_service.go:65.33,67.3 1 0
github.com/keshablive/quester/internal/services/transaction_service.go:70.2,88.67 4 0
github.com/keshablive/quester/internal/services/transaction_service.go:88.67,90.3 1 0
github.com/keshablive/quester/internal/services/transaction_service.go:93.2,96.24 3 0
github.com/keshablive/quester/internal/services/transaction_service.go:97.37,98.38 1 0
github.com/keshablive/quester/internal/services/transaction_service.go:98.38,100.4 1 0
github.com/keshablive/quester/internal/services/transaction_service.go:102.3,116.4 3 0
github.com/keshablive/quester/internal/services/transaction_service.go:118.35,119.36 1 0
github.com/keshablive/quester/internal/services/transaction_service.go:119.36,121.4 1 0
github.com/keshablive/quester/internal/services/transaction_service.go:124.3,128.17 3 0
github.com/keshablive/quester/internal/services/transaction_service.go:128.17,130.4 1 0
github.com/keshablive/quester/internal/services/transaction_service.go:132.3,145.4 2 0
github.com/keshablive/quester/internal/services/transaction_service.go:147.10,148.81 1 0
github.com/keshablive/quester/internal/services/transaction_service.go:151.2,151.23 1 0
github.com/keshablive/quester/internal/services/transaction_service.go:151.23,157.3 3 0
github.com/keshablive/quester/internal/services/transaction_service.go:160.2,161.24 2 0
github.com/keshablive/quester/internal/services/transaction_service.go:162.37,164.31 2 0
github.com/keshablive/quester/internal/services/transaction_service.go:165.35,167.30 2 0
github.com/keshablive/quester/internal/services/transaction_service.go:170.2,173.67 3 0
github.com/keshablive/quester/internal/services/transaction_service.go:173.67,175.3 1 0
github.com/keshablive/quester/internal/services/transaction_service.go:177.2,177.39 1 0
github.com/keshablive/quester/internal/services/transaction_service.go:181.158,184.16 2 0
github.com/keshablive/quester/internal/services/transaction_service.go:184.16,185.45 1 0
github.com/keshablive/quester/internal/services/transaction_service.go:185.45,187.4 1 0
github.com/keshablive/quester/internal/services/transaction_service.go:188.3,188.56 1 0
github.com/keshablive/quester/internal/services/transaction_service.go:192.2,192.59 1 0
github.com/keshablive/quester/internal/services/transaction_service.go:192.59,194.3 1 0
github.com/keshablive/quester/internal/services/transaction_service.go:197.2,197.40 1 0
github.com/keshablive/quester/internal/services/transaction_service.go:197.40,199.3 1 0
github.com/keshablive/quester/internal/services/transaction_service.go:202.2,202.36 1 0
github.com/keshablive/quester/internal/services/transaction_service.go:203.37,204.38 1 0
github.com/keshablive/quester/internal/services/transaction_service.go:204.38,206.4 1 0
github.com/keshablive/quester/internal/services/transaction_service.go:208.3,213.4 1 0
github.com/keshablive/quester/internal/services/transaction_service.go:215.35,216.36 1 0
github.com/keshablive/quester/internal/services/transaction_service.go:216.36,218.4 1 0
github.com/keshablive/quester/internal/services/transaction_service.go:220.3,220.71 1 0
github.com/keshablive/quester/internal/services/transaction_service.go:223.2,223.16 1 0
github.com/keshablive/quester/internal/services/transaction_service.go:223.16,228.3 3 0
github.com/keshablive/quester/internal/services/transaction_service.go:231.2,231.78 1 0
github.com/keshablive/quester/internal/services/transaction_service.go:231.78,233.3 1 0
github.com/keshablive/quester/internal/services/transaction_service.go:236.2,237.43 2 0
github.com/keshablive/quester/internal/services/transaction_service.go:237.43,238.74 1 0
github.com/keshablive/quester/internal/services/transaction_service.go:238.74,241.4 1 0
github.com/keshablive/quester/internal/services/transaction_service.go:245.2,247.25 2 0
github.com/keshablive/quester/internal/services/transaction_service.go:251.161,254.16 2 0
github.com/keshablive/quester/internal/services/transaction_service.go:254.16,255.45 1 0
github.com/keshablive/quester/internal/services/transaction_service.go:255.45,257.4 1 0
github.com/keshablive/quester/internal/services/transaction_service.go:258.3,258.56 1 0
github.com/keshablive/quester/internal/services/transaction_service.go:262.2,262.38 1 0
github.com/keshablive/quester/internal/services/transaction_service.go:262.38,264.3 1 0
github.com/keshablive/quester/internal/services/transaction_service.go:267.2,267.75 1 0
github.com/keshablive/quester/internal/services/transaction_service.go:267.75,268.49 1 0
github.com/keshablive/quester/internal/services/transaction_service.go:268.49,270.4 1 0
github.com/keshablive/quester/internal/services/transaction_service.go:271.3,271.55 1 0
github.com/keshablive/quester/internal/services/transaction_service.go:275.2,277.25 2 0
github.com/keshablive/quester/internal/services/transaction_service.go:281.157,284.16 2 0
github.com/keshablive/quester/internal/services/transaction_service.go:284.16,285.45 1 0
github.com/keshablive/quester/internal/services/transaction_service.go:285.45,287.4 1 0
github.com/keshablive/quester/internal/services/transaction_service.go:288.3,288.56 1 0
github.com/keshablive/quester/internal/services/transaction_service.go:292.2,292.36 1 0
github.com/keshablive/quester/internal/services/transaction_service.go:292.36,294.3 1 0
github.com/keshablive/quester/internal/services/transaction_service.go:297.2,297.65 1 0
github.com/keshablive/quester/internal/services/transaction_service.go:297.65,299.3 1 0
github.com/keshablive/quester/internal/services/transaction_service.go:301.2,301.25 1 0
github.com/keshablive/quester/internal/services/transaction_service.go:305.171,308.16 2 0
github.com/keshablive/quester/internal/services/transaction_service.go:308.16,309.45 1 0
github.com/keshablive/quester/internal/services/transaction_service.go:309.45,311.4 1 0
github.com/keshablive/quester/internal/services/transaction_service.go:312.3,312.56 1 0
github.com/keshablive/quester/internal/services/transaction_service.go:316.2,316.36 1 0
github.com/keshablive/quester/internal/services/transaction_service.go:316.36,318.3 1 0
github.com/keshablive/quester/internal/services/transaction_service.go:321.2,321.35 1 0
github.com/keshablive/quester/internal/services/transaction_service.go:321.35,323.3 1 0
github.com/keshablive/quester/internal/services/transaction_service.go:326.2,326.79 1 0
github.com/keshablive/quester/internal/services/transaction_service.go:326.79,327.42 1 0
github.com/keshablive/quester/internal/services/transaction_service.go:327.42,329.4 1 0
github.com/keshablive/quester/internal/services/transaction_service.go:330.3,330.51 1 0
github.com/keshablive/quester/internal/services/transaction_service.go:334.2,336.25 2 0
github.com/keshablive/quester/internal/services/transaction_service.go:340.199,343.16 2 0
github.com/keshablive/quester/internal/services/transaction_service.go:343.16,344.45 1 0
github.com/keshablive/quester/internal/services/transaction_service.go:344.45,346.4 1 0
github.com/keshablive/quester/internal/services/transaction_service.go:347.3,347.56 1 0
github.com/keshablive/quester/internal/services/transaction_service.go:351.2,351.111 1 0
github.com/keshablive/quester/internal/services/transaction_service.go:351.111,352.49 1 0
github.com/keshablive/quester/internal/services/transaction_service.go:352.49,354.4 1 0
github.com/keshablive/quester/internal/services/transaction_service.go:355.3,355.54 1 0
github.com/keshablive/quester/internal/services/transaction_service.go:359.2,359.20 1 0
github.com/keshablive/quester/internal/services/transaction_service.go:359.20,361.59 1 0
github.com/keshablive/quester/internal/services/transaction_service.go:361.59,363.4 1 0
github.com/keshablive/quester/internal/services/transaction_service.go:364.8,366.66 1 0
github.com/keshablive/quester/internal/services/transaction_service.go:366.66,368.4 1 0
github.com/keshablive/quester/internal/services/transaction_service.go:372.2,374.25 2 0
github.com/keshablive/quester/internal/services/transaction_service.go:378.140,380.16 2 0
github.com/keshablive/quester/internal/services/transaction_service.go:380.16,381.45 1 0
github.com/keshablive/quester/internal/services/transaction_service.go:381.45,383.4 1 0
github.com/keshablive/quester/internal/services/transaction_service.go:384.3,384.56 1 0
github.com/keshablive/quester/internal/services/transaction_service.go:387.2,387.25 1 0
github.com/keshablive/quester/internal/services/transaction_service.go:391.184,393.14 1 0
github.com/keshablive/quester/internal/services/transaction_service.go:393.14,395.3 1 0
github.com/keshablive/quester/internal/services/transaction_service.go:396.2,396.36 1 0
github.com/keshablive/quester/internal/services/transaction_service.go:396.36,398.3 1 0
github.com/keshablive/quester/internal/services/transaction_service.go:400.2,409.21 3 0
github.com/keshablive/quester/internal/services/transaction_service.go:409.21,411.3 1 0
github.com/keshablive/quester/internal/services/transaction_service.go:411.8,411.29 1 0
github.com/keshablive/quester/internal/services/transaction_service.go:411.29,413.3 1 0
github.com/keshablive/quester/internal/services/transaction_service.go:413.8,415.3 1 0
github.com/keshablive/quester/internal/services/transaction_service.go:418.2,419.79 2 0
github.com/keshablive/quester/internal/services/transaction_service.go:419.79,421.3 1 0
github.com/keshablive/quester/internal/services/transaction_service.go:424.2,429.41 2 0
github.com/keshablive/quester/internal/services/transaction_service.go:429.41,431.3 1 0
github.com/keshablive/quester/internal/services/transaction_service.go:433.2,433.33 1 0
github.com/keshablive/quester/internal/services/transaction_service.go:437.83,443.41 2 0
github.com/keshablive/quester/internal/services/transaction_service.go:443.41,445.3 1 0
github.com/keshablive/quester/internal/services/transaction_service.go:447.2,448.43 2 0
github.com/keshablive/quester/internal/services/transaction_service.go:448.43,449.66 1 0
github.com/keshablive/quester/internal/services/transaction_service.go:449.66,452.12 2 0
github.com/keshablive/quester/internal/services/transaction_service.go:454.3,454.10 1 0
github.com/keshablive/quester/internal/services/transaction_service.go:457.2,457.19 1 0
github.com/keshablive/quester/internal/services/transaction_service.go:461.111,463.72 1 0
github.com/keshablive/quester/internal/services/transaction_service.go:463.72,464.49 1 0
github.com/keshablive/quester/internal/services/transaction_service.go:464.49,466.4 1 0
github.com/keshablive/quester/internal/services/transaction_service.go:467.3,467.47 1 0
github.com/keshablive/quester/internal/services/transaction_service.go:471.2,471.59 1 0
github.com/keshablive/quester/internal/services/transaction_service.go:471.59,476.3 1 0
github.com/keshablive/quester/internal/services/transaction_service.go:479.2,481.12 2 0
github.com/keshablive/quester/internal/services/transaction_service.go:485.105,486.24 1 0
github.com/keshablive/quester/internal/services/transaction_service.go:486.24,488.3 1 0
github.com/keshablive/quester/internal/services/transaction_service.go:490.2,490.60 1 0
github.com/keshablive/quester/internal/services/transaction_service.go:490.60,492.3 1 0
github.com/keshablive/quester/internal/services/transaction_service.go:495.2,496.16 2 0
github.com/keshablive/quester/internal/services/transaction_service.go:496.16,498.3 1 0
github.com/keshablive/quester/internal/services/transaction_service.go:501.2,501.35 1 0
github.com/keshablive/quester/internal/services/transaction_service.go:501.35,503.3 1 0
github.com/keshablive/quester/internal/services/transaction_service.go:506.2,507.16 2 0
github.com/keshablive/quester/internal/services/transaction_service.go:507.16,509.3 1 0
github.com/keshablive/quester/internal/services/transaction_service.go:511.2,514.36 2 0
github.com/keshablive/quester/internal/services/transaction_service.go:515.37,516.91 1 0
github.com/keshablive/quester/internal/services/transaction_service.go:517.35,518.89 1 0
github.com/keshablive/quester/internal/services/transaction_service.go:519.10,520.83 1 0
github.com/keshablive/quester/internal/services/transaction_service.go:525.147,526.37 1 0
github.com/keshablive/quester/internal/services/transaction_service.go:526.37,528.3 1 0
github.com/keshablive/quester/internal/services/transaction_service.go:530.2,544.16 3 0
github.com/keshablive/quester/internal/services/transaction_service.go:544.16,546.3 1 0
github.com/keshablive/quester/internal/services/transaction_service.go:549.2,556.67 6 0
github.com/keshablive/quester/internal/services/transaction_service.go:556.67,558.3 1 0
github.com/keshablive/quester/internal/services/transaction_service.go:560.2,560.12 1 0
github.com/keshablive/quester/internal/services/transaction_service.go:564.145,565.35 1 0
github.com/keshablive/quester/internal/services/transaction_service.go:565.35,567.3 1 0
github.com/keshablive/quester/internal/services/transaction_service.go:569.2,576.16 3 0
github.com/keshablive/quester/internal/services/transaction_service.go:576.16,578.3 1 0
github.com/keshablive/quester/internal/services/transaction_service.go:581.2,588.67 6 0
github.com/keshablive/quester/internal/services/transaction_service.go:588.67,590.3 1 0
github.com/keshablive/quester/internal/services/transaction_service.go:592.2,592.12 1 0
github.com/keshablive/quester/internal/services/transaction_service.go:596.104,598.36 1 0
github.com/keshablive/quester/internal/services/transaction_service.go:599.37,600.38 1 0
github.com/keshablive/quester/internal/services/transaction_service.go:600.38,602.4 1 0
github.com/keshablive/quester/internal/services/transaction_service.go:604.3,612.17 2 0
github.com/keshablive/quester/internal/services/transaction_service.go:612.17,614.4 1 0
github.com/keshablive/quester/internal/services/transaction_service.go:616.35,617.36 1 0
github.com/keshablive/quester/internal/services/transaction_service.go:617.36,619.4 1 0
github.com/keshablive/quester/internal/services/transaction_service.go:621.3,627.17 2 0
github.com/keshablive/quester/internal/services/transaction_service.go:627.17,629.4 1 0
github.com/keshablive/quester/internal/services/transaction_service.go:632.2,632.12 1 0
github.com/keshablive/quester/internal/services/transaction_service.go:636.108,679.2 6 0
github.com/keshablive/quester/internal/services/transaction_service.go:681.110,703.2 4 0
github.com/keshablive/quester/internal/services/transaction_service.go:705.109,747.2 6 0
github.com/keshablive/quester/internal/services/transaction_service.go:749.140,755.20 5 0
github.com/keshablive/quester/internal/services/transaction_service.go:755.20,792.3 2 0
github.com/keshablive/quester/internal/services/transaction_service.go:792.8,829.3 2 0
github.com/keshablive/quester/internal/services/transaction_service.go:832.109,855.2 4 0
github.com/keshablive/quester/internal/services/transcoding_service.go:36.46,37.24 1 0
github.com/keshablive/quester/internal/services/transcoding_service.go:37.24,39.3 1 0
github.com/keshablive/quester/internal/services/transcoding_service.go:40.2,40.23 1 0
github.com/keshablive/quester/internal/services/transcoding_service.go:40.23,42.3 1 0
github.com/keshablive/quester/internal/services/transcoding_service.go:43.2,43.24 1 0
github.com/keshablive/quester/internal/services/transcoding_service.go:43.24,45.3 1 0
github.com/keshablive/quester/internal/services/transcoding_service.go:46.2,46.12 1 0
github.com/keshablive/quester/internal/services/transcoding_service.go:50.43,51.24 1 0
github.com/keshablive/quester/internal/services/transcoding_service.go:51.24,53.3 1 0
github.com/keshablive/quester/internal/services/transcoding_service.go:54.2,54.24 1 0
github.com/keshablive/quester/internal/services/transcoding_service.go:54.24,56.3 1 0
github.com/keshablive/quester/internal/services/transcoding_service.go:57.2,57.29 1 0
github.com/keshablive/quester/internal/services/transcoding_service.go:57.29,59.3 1 0
github.com/keshablive/quester/internal/services/transcoding_service.go:60.2,60.23 1 0
github.com/keshablive/quester/internal/services/transcoding_service.go:60.23,62.3 1 0
github.com/keshablive/quester/internal/services/transcoding_service.go:63.2,63.26 1 0
github.com/keshablive/quester/internal/services/transcoding_service.go:63.26,65.3 1 0
github.com/keshablive/quester/internal/services/transcoding_service.go:78.46,79.18 1 0
github.com/keshablive/quester/internal/services/transcoding_service.go:79.18,81.3 1 0
github.com/keshablive/quester/internal/services/transcoding_service.go:82.2,82.19 1 0
github.com/keshablive/quester/internal/services/transcoding_service.go:82.19,84.3 1 0
github.com/keshablive/quester/internal/services/transcoding_service.go:85.2,85.12 1 0
github.com/keshablive/quester/internal/services/transcoding_service.go:89.51,120.2 1 0
github.com/keshablive/quester/internal/services/transcoding_service.go:123.78,127.38 3 0
github.com/keshablive/quester/internal/services/transcoding_service.go:127.38,129.67 1 0
github.com/keshablive/quester/internal/services/transcoding_service.go:129.67,131.4 1 0
github.com/keshablive/quester/internal/services/transcoding_service.go:134.2,134.17 1 0
github.com/keshablive/quester/internal/services/transcoding_service.go:183.75,197.2 4 0
github.com/keshablive/quester/internal/services/transcoding_service.go:202.84,207.2 1 0
github.com/keshablive/quester/internal/services/transcoding_service.go:210.61,212.2 1 0
github.com/keshablive/quester/internal/services/transcoding_service.go:215.68,217.2 1 0
github.com/keshablive/quester/internal/services/transcoding_service.go:233.42,234.15 1 0
github.com/keshablive/quester/internal/services/transcoding_service.go:234.15,236.3 1 0
github.com/keshablive/quester/internal/services/transcoding_service.go:239.2,239.79 1 0
github.com/keshablive/quester/internal/services/transcoding_service.go:239.79,241.3 1 0
github.com/keshablive/quester/internal/services/transcoding_service.go:244.2,244.33 1 0
github.com/keshablive/quester/internal/services/transcoding_service.go:244.33,246.3 1 0
github.com/keshablive/quester/internal/services/transcoding_service.go:249.2,250.33 2 0
github.com/keshablive/quester/internal/services/transcoding_service.go:250.33,252.3 1 0
github.com/keshablive/quester/internal/services/transcoding_service.go:254.2,254.12 1 0
github.com/keshablive/quester/internal/services/transcoding_service.go:258.119,264.65 2 0
github.com/keshablive/quester/internal/services/transcoding_service.go:264.65,266.3 1 0
github.com/keshablive/quester/internal/services/transcoding_service.go:269.2,269.45 1 0
github.com/keshablive/quester/internal/services/transcoding_service.go:269.45,278.3 1 0
github.com/keshablive/quester/internal/services/transcoding_service.go:278.8,281.3 1 0
github.com/keshablive/quester/internal/services/transcoding_service.go:284.2,284.32 1 0
github.com/keshablive/quester/internal/services/transcoding_service.go:284.32,289.3 1 0
github.com/keshablive/quester/internal/services/transcoding_service.go:292.2,301.49 2 0
github.com/keshablive/quester/internal/services/transcoding_service.go:305.122,307.52 1 0
github.com/keshablive/quester/internal/services/transcoding_service.go:307.52,309.3 1 0
github.com/keshablive/quester/internal/services/transcoding_service.go:315.2,315.50 1 0
github.com/keshablive/quester/internal/services/transcoding_service.go:315.50,317.3 1 0
github.com/keshablive/quester/internal/services/transcoding_service.go:319.2,329.47 6 0
github.com/keshablive/quester/internal/services/transcoding_service.go:329.47,333.54 2 0
github.com/keshablive/quester/internal/services/transcoding_service.go:333.54,335.4 1 0
github.com/keshablive/quester/internal/services/transcoding_service.go:338.3,356.33 4 0
github.com/keshablive/quester/internal/services/transcoding_service.go:356.33,359.18 2 0
github.com/keshablive/quester/internal/services/transcoding_service.go:359.18,362.5 2 0
github.com/keshablive/quester/internal/services/transcoding_service.go:363.4,364.18 2 0
github.com/keshablive/quester/internal/services/transcoding_service.go:364.18,367.5 2 0
github.com/keshablive/quester/internal/services/transcoding_service.go:370.4,370.38 1 0
github.com/keshablive/quester/internal/services/transcoding_service.go:370.38,373.5 2 0
github.com/keshablive/quester/internal/services/transcoding_service.go:376.4,380.43 3 0
github.com/keshablive/quester/internal/services/transcoding_service.go:381.9,383.51 1 0
github.com/keshablive/quester/internal/services/transcoding_service.go:383.51,387.5 3 0
github.com/keshablive/quester/internal/services/transcoding_service.go:390.3,391.41 2 0
github.com/keshablive/quester/internal/services/transcoding_service.go:395.2,405.27 3 0
github.com/keshablive/quester/internal/services/transcoding_service.go:405.27,410.3 1 0
github.com/keshablive/quester/internal/services/transcoding_service.go:412.2,412.18 1 0
github.com/keshablive/quester/internal/services/transcoding_service.go:418.94,419.6 1 0
github.com/keshablive/quester/internal/services/transcoding_service.go:419.6,423.13 2 0
github.com/keshablive/quester/internal/services/transcoding_service.go:423.13,424.30 1 0
github.com/keshablive/quester/internal/services/transcoding_service.go:424.30,427.5 2 0
github.com/keshablive/quester/internal/services/transcoding_service.go:428.4,428.26 1 0
github.com/keshablive/quester/internal/services/transcoding_service.go:431.3,431.10 1 0
github.com/keshablive/quester/internal/services/transcoding_service.go:432.21,436.10 3 0
github.com/keshablive/quester/internal/services/transcoding_service.go:438.22,440.18 1 0
github.com/keshablive/quester/internal/services/transcoding_service.go:440.18,444.5 2 0
github.com/keshablive/quester/internal/services/transcoding_service.go:447.4,455.29 5 0
github.com/keshablive/quester/internal/services/transcoding_service.go:455.29,457.5 1 0
github.com/keshablive/quester/internal/services/transcoding_service.go:460.4,460.45 1 0
github.com/keshablive/quester/internal/services/transcoding_service.go:460.45,466.5 3 0
github.com/keshablive/quester/internal/services/transcoding_service.go:469.4,474.11 4 0
github.com/keshablive/quester/internal/services/transcoding_service.go:475.22,478.11 2 0
github.com/keshablive/quester/internal/services/transcoding_service.go:479.39,479.39 0 0
github.com/keshablive/quester/internal/services/transcoding_service.go:484.4,485.18 2 0
github.com/keshablive/quester/internal/services/transcoding_service.go:485.18,489.5 3 0
github.com/keshablive/quester/internal/services/transcoding_service.go:492.4,493.18 2 0
github.com/keshablive/quester/internal/services/transcoding_service.go:493.18,495.5 1 0
github.com/keshablive/quester/internal/services/transcoding_service.go:496.4,497.18 2 0
github.com/keshablive/quester/internal/services/transcoding_service.go:497.18,499.5 1 0
github.com/keshablive/quester/internal/services/transcoding_service.go:501.4,501.38 1 0
github.com/keshablive/quester/internal/services/transcoding_service.go:501.38,505.30 4 0
github.com/keshablive/quester/internal/services/transcoding_service.go:505.30,507.6 1 0
github.com/keshablive/quester/internal/services/transcoding_service.go:508.5,508.11 1 0
github.com/keshablive/quester/internal/services/transcoding_service.go:512.4,512.25 1 0
github.com/keshablive/quester/internal/services/transcoding_service.go:512.25,514.5 1 0
github.com/keshablive/quester/internal/services/transcoding_service.go:515.4,515.25 1 0
github.com/keshablive/quester/internal/services/transcoding_service.go:515.25,517.5 1 0
github.com/keshablive/quester/internal/services/transcoding_service.go:519.4,524.67 4 0
github.com/keshablive/quester/internal/services/transcoding_service.go:533.68,534.46 1 0
github.com/keshablive/quester/internal/services/transcoding_service.go:534.46,536.3 1 0
github.com/keshablive/quester/internal/services/transcoding_service.go:540.2,540.61 1 0
github.com/keshablive/quester/internal/services/transcoding_service.go:540.61,544.3 2 0
github.com/keshablive/quester/internal/services/transcoding_service.go:547.2,548.12 2 0
github.com/keshablive/quester/internal/services/transcoding_service.go:548.12,551.3 2 0
github.com/keshablive/quester/internal/services/transcoding_service.go:553.2,553.9 1 0
github.com/keshablive/quester/internal/services/transcoding_service.go:554.14,556.9 1 0
github.com/keshablive/quester/internal/services/transcoding_service.go:557.38,561.20 2 0
github.com/keshablive/quester/internal/services/transcoding_service.go:566.81,569.38 2 0
github.com/keshablive/quester/internal/services/transcoding_service.go:569.38,570.53 1 0
github.com/keshablive/quester/internal/services/transcoding_service.go:570.53,572.9 2 0
github.com/keshablive/quester/internal/services/transcoding_service.go:576.2,576.20 1 0
github.com/keshablive/quester/internal/services/transcoding_service.go:576.20,578.3 1 0
github.com/keshablive/quester/internal/services/transcoding_service.go:582.2,588.68 3 0
github.com/keshablive/quester/internal/services/transcoding_service.go:592.83,596.12 2 0
github.com/keshablive/quester/internal/services/transcoding_service.go:596.12,598.3 1 0
github.com/keshablive/quester/internal/services/transcoding_service.go:600.2,600.9 1 0
github.com/keshablive/quester/internal/services/transcoding_service.go:601.20,603.29 1 0
github.com/keshablive/quester/internal/services/transcoding_service.go:603.29,605.4 1 0
github.com/keshablive/quester/internal/services/transcoding_service.go:606.3,606.66 1 0
github.com/keshablive/quester/internal/services/transcoding_service.go:607.21,609.17 1 0
github.com/keshablive/quester/internal/services/transcoding_service.go:609.17,611.29 2 0
github.com/keshablive/quester/internal/services/transcoding_service.go:611.29,613.5 1 0
github.com/keshablive/quester/internal/services/transcoding_service.go:614.9,616.4 1 0
github.com/keshablive/quester/internal/services/transcoding_service.go:621.94,625.57 3 0
github.com/keshablive/quester/internal/services/transcoding_service.go:625.57,626.65 1 0
github.com/keshablive/quester/internal/services/transcoding_service.go:626.65,629.4 2 0
github.com/keshablive/quester/internal/services/transcoding_service.go:634.91,639.13 4 0
github.com/keshablive/quester/internal/services/transcoding_service.go:639.13,641.3 1 0
github.com/keshablive/quester/internal/services/transcoding_service.go:644.2,644.27 1 0
github.com/keshablive/quester/internal/services/transcoding_service.go:644.27,645.24 1 0
github.com/keshablive/quester/internal/services/transcoding_service.go:645.24,647.4 1 0
github.com/keshablive/quester/internal/services/transcoding_service.go:648.3,648.25 1 0
github.com/keshablive/quester/internal/services/transcoding_service.go:652.2,652.51 1 0
github.com/keshablive/quester/internal/services/transcoding_service.go:652.51,654.3 1 0
github.com/keshablive/quester/internal/services/transcoding_service.go:657.2,659.12 2 0
github.com/keshablive/quester/internal/services/transcoding_service.go:663.88,668.13 4 0
github.com/keshablive/quester/internal/services/transcoding_service.go:668.13,670.3 1 0
github.com/keshablive/quester/internal/services/transcoding_service.go:673.2,680.32 2 0
github.com/keshablive/quester/internal/services/transcoding_service.go:680.32,687.3 1 0
github.com/keshablive/quester/internal/services/transcoding_service.go:689.2,689.19 1 0
github.com/keshablive/quester/internal/services/transcoding_service.go:700.72,710.51 3 0
github.com/keshablive/quester/internal/services/transcoding_service.go:710.51,712.3 1 0
github.com/keshablive/quester/internal/services/transcoding_service.go:714.2,714.18 1 0
github.com/keshablive/quester/internal/services/transcoding_service.go:718.62,720.2 1 0
github.com/keshablive/quester/internal/services/transcoding_service.go:723.75,725.2 1 0
github.com/keshablive/quester/internal/services/transcoding_service.go:728.87,733.87 3 0
github.com/keshablive/quester/internal/services/transcoding_service.go:733.87,734.17 1 0
github.com/keshablive/quester/internal/services/transcoding_service.go:734.17,736.4 1 0
github.com/keshablive/quester/internal/services/transcoding_service.go:739.3,739.51 1 0
github.com/keshablive/quester/internal/services/transcoding_service.go:739.51,741.43 1 0
github.com/keshablive/quester/internal/services/transcoding_service.go:741.43,742.43 1 0
github.com/keshablive/quester/internal/services/transcoding_service.go:742.43,744.6 1 0
github.com/keshablive/quester/internal/services/transcoding_service.go:745.5,745.14 1 0
github.com/keshablive/quester/internal/services/transcoding_service.go:749.3,749.13 1 0
github.com/keshablive/quester/internal/services/transcoding_service.go:752.2,752.21 1 0
github.com/keshablive/quester/internal/services/transcoding_service.go:757.98,776.41 12 0
github.com/keshablive/quester/internal/services/transcoding_service.go:776.41,781.53 3 0
github.com/keshablive/quester/internal/services/transcoding_service.go:781.53,782.12 1 0
github.com/keshablive/quester/internal/services/transcoding_service.go:786.3,802.56 5 0
github.com/keshablive/quester/internal/services/transcoding_service.go:806.2,806.68 1 0
github.com/keshablive/quester/internal/services/transcoding_service.go:806.68,808.3 1 0
github.com/keshablive/quester/internal/services/transcoding_service.go:811.2,812.79 2 0
github.com/keshablive/quester/internal/services/transcoding_service.go:812.79,814.3 1 0
github.com/keshablive/quester/internal/services/transcoding_service.go:817.2,817.56 1 0
github.com/keshablive/quester/internal/services/transcoding_service.go:817.56,820.3 2 0
github.com/keshablive/quester/internal/services/transcoding_service.go:822.2,822.12 1 0
github.com/keshablive/quester/internal/services/transcoding_service.go:826.39,827.19 1 0
github.com/keshablive/quester/internal/services/transcoding_service.go:827.19,829.3 1 0
github.com/keshablive/quester/internal/services/transcoding_service.go:831.2,834.21 4 0
github.com/keshablive/quester/internal/services/transcoding_service.go:839.60,841.37 1 0
github.com/keshablive/quester/internal/services/transcoding_service.go:841.37,842.42 1 0
github.com/keshablive/quester/internal/services/transcoding_service.go:842.42,845.17 3 0
github.com/keshablive/quester/internal/services/transcoding_service.go:845.17,847.5 1 0
github.com/keshablive/quester/internal/services/transcoding_service.go:854.136,858.21 3 0
github.com/keshablive/quester/internal/services/transcoding_service.go:858.21,862.36 2 0
github.com/keshablive/quester/internal/services/transcoding_service.go:862.36,863.12 1 0
github.com/keshablive/quester/internal/services/transcoding_service.go:867.3,867.73 1 0
github.com/keshablive/quester/internal/services/transcoding_service.go:867.73,870.4 1 0
github.com/keshablive/quester/internal/services/transcoding_service.go:870.9,870.80 1 0
github.com/keshablive/quester/internal/services/transcoding_service.go:870.80,873.4 1 0
github.com/keshablive/quester/internal/services/transcoding_service.go:873.9,876.4 1 0
github.com/keshablive/quester/internal/services/transcoding_service.go:879.3,879.10 1 0
github.com/keshablive/quester/internal/services/transcoding_service.go:880.21,882.10 2 0
github.com/keshablive/quester/internal/services/transcoding_service.go:883.11,883.11 0 0
github.com/keshablive/quester/internal/services/transcoding_service.go:887.2,887.38 1 0
github.com/keshablive/quester/internal/services/transcoding_service.go:887.38,889.3 1 0
github.com/keshablive/quester/internal/services/two_factor_service.go:46.328,49.16 2 0
github.com/keshablive/quester/internal/services/two_factor_service.go:49.16,59.3 1 0
github.com/keshablive/quester/internal/services/two_factor_service.go:62.2,63.16 2 0
github.com/keshablive/quester/internal/services/two_factor_service.go:63.16,73.3 1 0
github.com/keshablive/quester/internal/services/two_factor_service.go:75.2,82.3 1 0
github.com/keshablive/quester/internal/services/two_factor_service.go:93.95,97.16 3 0
github.com/keshablive/quester/internal/services/two_factor_service.go:97.16,99.3 1 0
github.com/keshablive/quester/internal/services/two_factor_service.go:102.2,108.16 2 0
github.com/keshablive/quester/internal/services/two_factor_service.go:108.16,110.3 1 0
github.com/keshablive/quester/internal/services/two_factor_service.go:112.2,117.26 4 0
github.com/keshablive/quester/internal/services/two_factor_service.go:117.26,119.17 2 0
github.com/keshablive/quester/internal/services/two_factor_service.go:119.17,121.4 1 0
github.com/keshablive/quester/internal/services/two_factor_service.go:122.3,122.24 1 0
github.com/keshablive/quester/internal/services/two_factor_service.go:127.2,134.16 3 0
github.com/keshablive/quester/internal/services/two_factor_service.go:134.16,136.3 1 0
github.com/keshablive/quester/internal/services/two_factor_service.go:139.2,142.12 2 0
github.com/keshablive/quester/internal/services/two_factor_service.go:142.12,145.17 2 0
github.com/keshablive/quester/internal/services/two_factor_service.go:145.17,147.4 1 0
github.com/keshablive/quester/internal/services/two_factor_service.go:149.3,154.29 6 0
github.com/keshablive/quester/internal/services/two_factor_service.go:155.8,158.3 1 0
github.com/keshablive/quester/internal/services/two_factor_service.go:160.2,160.62 1 0
github.com/keshablive/quester/internal/services/two_factor_service.go:160.62,162.3 1 0
github.com/keshablive/quester/internal/services/two_factor_service.go:165.2,165.35 1 0
github.com/keshablive/quester/internal/services/two_factor_service.go:165.35,167.17 2 0
github.com/keshablive/quester/internal/services/two_factor_service.go:167.17,169.4 1 0
github.com/keshablive/quester/internal/services/two_factor_service.go:171.3,177.67 2 0
github.com/keshablive/quester/internal/services/two_factor_service.go:177.67,179.4 1 0
github.com/keshablive/quester/internal/services/two_factor_service.go:182.2,186.8 1 0
github.com/keshablive/quester/internal/services/two_factor_service.go:190.72,194.16 3 0
github.com/keshablive/quester/internal/services/two_factor_service.go:194.16,195.45 1 0
github.com/keshablive/quester/internal/services/two_factor_service.go:195.45,197.4 1 0
github.com/keshablive/quester/internal/services/two_factor_service.go:198.3,198.13 1 0
github.com/keshablive/quester/internal/services/two_factor_service.go:202.2,203.50 2 0
github.com/keshablive/quester/internal/services/two_factor_service.go:203.50,212.17 3 0
github.com/keshablive/quester/internal/services/two_factor_service.go:212.17,214.4 1 0
github.com/keshablive/quester/internal/services/two_factor_service.go:215.3,219.29 3 0
github.com/keshablive/quester/internal/services/two_factor_service.go:220.8,223.3 1 0
github.com/keshablive/quester/internal/services/two_factor_service.go:226.2,227.12 2 0
github.com/keshablive/quester/internal/services/two_factor_service.go:227.12,229.3 1 0
github.com/keshablive/quester/internal/services/two_factor_service.go:232.2,233.61 2 0
github.com/keshablive/quester/internal/services/two_factor_service.go:233.61,235.3 1 0
github.com/keshablive/quester/internal/services/two_factor_service.go:237.2,237.12 1 0
github.com/keshablive/quester/internal/services/two_factor_service.go:241.60,245.16 3 0
github.com/keshablive/quester/internal/services/two_factor_service.go:245.16,246.45 1 0
github.com/keshablive/quester/internal/services/two_factor_service.go:246.45,248.4 1 0
github.com/keshablive/quester/internal/services/two_factor_service.go:249.3,249.13 1 0
github.com/keshablive/quester/internal/services/two_factor_service.go:253.2,253.61 1 0
github.com/keshablive/quester/internal/services/two_factor_service.go:253.61,255.3 1 0
github.com/keshablive/quester/internal/services/two_factor_service.go:258.2,258.69 1 0
github.com/keshablive/quester/internal/services/two_factor_service.go:258.69,260.3 1 0
github.com/keshablive/quester/internal/services/two_factor_service.go:263.2,263.72 1 0
github.com/keshablive/quester/internal/services/two_factor_service.go:263.72,265.3 1 0
github.com/keshablive/quester/internal/services/two_factor_service.go:267.2,267.12 1 0
github.com/keshablive/quester/internal/services/two_factor_service.go:271.86,275.16 3 0
github.com/keshablive/quester/internal/services/two_factor_service.go:275.16,276.45 1 0
github.com/keshablive/quester/internal/services/two_factor_service.go:276.45,278.4 1 0
github.com/keshablive/quester/internal/services/two_factor_service.go:279.3,279.20 1 0
github.com/keshablive/quester/internal/services/two_factor_service.go:283.2,283.20 1 0
github.com/keshablive/quester/internal/services/two_factor_service.go:283.20,286.51 2 0
github.com/keshablive/quester/internal/services/two_factor_service.go:286.51,295.18 3 0
github.com/keshablive/quester/internal/services/two_factor_service.go:295.18,297.5 1 0
github.com/keshablive/quester/internal/services/two_factor_service.go:298.4,303.40 4 0
github.com/keshablive/quester/internal/services/two_factor_service.go:304.9,307.4 1 0
github.com/keshablive/quester/internal/services/two_factor_service.go:309.3,310.12 2 0
github.com/keshablive/quester/internal/services/two_factor_service.go:310.12,312.4 1 0
github.com/keshablive/quester/internal/services/two_factor_service.go:316.2,316.20 1 0
github.com/keshablive/quester/internal/services/two_factor_service.go:316.20,318.17 2 0
github.com/keshablive/quester/internal/services/two_factor_service.go:318.17,320.4 1 0
github.com/keshablive/quester/internal/services/two_factor_service.go:322.3,322.34 1 0
github.com/keshablive/quester/internal/services/two_factor_service.go:322.34,323.91 1 0
github.com/keshablive/quester/internal/services/two_factor_service.go:323.91,328.61 4 0
github.com/keshablive/quester/internal/services/two_factor_service.go:328.61,330.6 1 0
github.com/keshablive/quester/internal/services/two_factor_service.go:331.5,331.21 1 0
github.com/keshablive/quester/internal/services/two_factor_service.go:336.2,336.19 1 0
github.com/keshablive/quester/internal/services/two_factor_service.go:340.70,343.16 3 0
github.com/keshablive/quester/internal/services/two_factor_service.go:343.16,344.45 1 0
github.com/keshablive/quester/internal/services/two_factor_service.go:344.45,346.4 1 0
github.com/keshablive/quester/internal/services/two_factor_service.go:347.3,347.20 1 0
github.com/keshablive/quester/internal/services/two_factor_service.go:349.2,349.18 1 0
github.com/keshablive/quester/internal/services/two_factor_service.go:363.126,366.16 3 0
github.com/keshablive/quester/internal/services/two_factor_service.go:366.16,368.3 1 0
github.com/keshablive/quester/internal/services/two_factor_service.go:370.2,371.33 2 0
github.com/keshablive/quester/internal/services/two_factor_service.go:371.33,380.3 1 0
github.com/keshablive/quester/internal/services/two_factor_service.go:382.2,382.20 1 0
github.com/keshablive/quester/internal/services/two_factor_service.go:386.124,389.16 2 0
github.com/keshablive/quester/internal/services/two_factor_service.go:389.16,391.3 1 0
github.com/keshablive/quester/internal/services/two_factor_service.go:394.2,405.65 3 0
github.com/keshablive/quester/internal/services/two_factor_service.go:405.65,407.3 1 0
github.com/keshablive/quester/internal/services/two_factor_service.go:409.2,409.24 1 0
github.com/keshablive/quester/internal/services/two_factor_service.go:413.98,416.16 3 0
github.com/keshablive/quester/internal/services/two_factor_service.go:416.16,417.45 1 0
github.com/keshablive/quester/internal/services/two_factor_service.go:417.45,419.4 1 0
github.com/keshablive/quester/internal/services/two_factor_service.go:420.3,420.20 1 0
github.com/keshablive/quester/internal/services/two_factor_service.go:424.2,424.24 1 0
github.com/keshablive/quester/internal/services/two_factor_service.go:424.24,428.3 2 0
github.com/keshablive/quester/internal/services/two_factor_service.go:431.2,434.18 3 0
github.com/keshablive/quester/internal/services/two_factor_service.go:438.115,440.16 2 0
github.com/keshablive/quester/internal/services/two_factor_service.go:440.16,442.3 1 0
github.com/keshablive/quester/internal/services/two_factor_service.go:444.2,446.16 3 0
github.com/keshablive/quester/internal/services/two_factor_service.go:446.16,447.45 1 0
github.com/keshablive/quester/internal/services/two_factor_service.go:447.45,449.4 1 0
github.com/keshablive/quester/internal/services/two_factor_service.go:450.3,450.13 1 0
github.com/keshablive/quester/internal/services/two_factor_service.go:454.2,454.58 1 0
github.com/keshablive/quester/internal/services/two_factor_service.go:454.58,456.3 1 0
github.com/keshablive/quester/internal/services/two_factor_service.go:459.2,459.64 1 0
github.com/keshablive/quester/internal/services/two_factor_service.go:459.64,461.3 1 0
github.com/keshablive/quester/internal/services/two_factor_service.go:463.2,463.12 1 0
github.com/keshablive/quester/internal/services/two_factor_service.go:467.147,469.16 2 0
github.com/keshablive/quester/internal/services/two_factor_service.go:469.16,471.3 1 0
github.com/keshablive/quester/internal/services/two_factor_service.go:473.2,482.61 3 0
github.com/keshablive/quester/internal/services/two_factor_service.go:482.61,484.3 1 0
github.com/keshablive/quester/internal/services/two_factor_service.go:486.2,486.12 1 0
github.com/keshablive/quester/internal/services/two_factor_service.go:492.43,495.40 3 0
github.com/keshablive/quester/internal/services/two_factor_service.go:495.40,497.3 1 0
github.com/keshablive/quester/internal/services/two_factor_service.go:499.2,499.25 1 0
github.com/keshablive/quester/internal/services/two_factor_service.go:499.25,501.3 1 0
github.com/keshablive/quester/internal/services/two_factor_service.go:503.2,503.23 1 0
github.com/keshablive/quester/internal/services/two_factor_service.go:507.43,509.40 2 0
github.com/keshablive/quester/internal/services/two_factor_service.go:509.40,511.3 1 0
github.com/keshablive/quester/internal/services/two_factor_service.go:512.2,512.50 1 0
github.com/keshablive/quester/internal/services/two_factor_service.go:516.44,518.2 1 0
github.com/keshablive/quester/internal/services/two_factor_service.go:522.54,524.2 1 0
github.com/keshablive/quester/internal/services/user_service.go:29.16,35.2 1 0
github.com/keshablive/quester/internal/services/user_service.go:39.94,40.19 1 0
github.com/keshablive/quester/internal/services/user_service.go:40.19,42.3 1 0
github.com/keshablive/quester/internal/services/user_service.go:45.2,45.67 1 0
github.com/keshablive/quester/internal/services/user_service.go:45.67,50.35 2 0
github.com/keshablive/quester/internal/services/user_service.go:50.35,51.46 1 0
github.com/keshablive/quester/internal/services/user_service.go:51.46,53.5 1 0
github.com/keshablive/quester/internal/services/user_service.go:54.4,54.52 1 0
github.com/keshablive/quester/internal/services/user_service.go:58.3,63.19 4 0
github.com/keshablive/quester/internal/services/user_service.go:63.19,65.4 1 0
github.com/keshablive/quester/internal/services/user_service.go:68.3,71.24 1 0
github.com/keshablive/quester/internal/services/user_service.go:71.24,73.4 1 0
github.com/keshablive/quester/internal/services/user_service.go:76.3,87.17 3 0
github.com/keshablive/quester/internal/services/user_service.go:87.17,90.4 1 0
github.com/keshablive/quester/internal/services/user_service.go:92.3,92.13 1 0
github.com/keshablive/quester/internal/services/video_stream_service.go:35.95,63.16 3 0
github.com/keshablive/quester/internal/services/video_stream_service.go:63.16,65.3 1 0
github.com/keshablive/quester/internal/services/video_stream_service.go:67.2,80.21 4 0
github.com/keshablive/quester/internal/services/video_stream_service.go:84.54,86.2 1 0
github.com/keshablive/quester/internal/services/video_stream_service.go:89.53,91.2 1 0
github.com/keshablive/quester/internal/services/video_stream_service.go:94.128,96.23 1 0
github.com/keshablive/quester/internal/services/video_stream_service.go:96.23,98.3 1 0
github.com/keshablive/quester/internal/services/video_stream_service.go:100.2,100.91 1 0
github.com/keshablive/quester/internal/services/video_stream_service.go:100.91,102.3 1 0
github.com/keshablive/quester/internal/services/video_stream_service.go:105.2,118.50 2 0
github.com/keshablive/quester/internal/services/video_stream_service.go:118.50,120.3 1 0
github.com/keshablive/quester/internal/services/video_stream_service.go:122.2,122.20 1 0
github.com/keshablive/quester/internal/services/video_stream_service.go:136.89,138.99 2 0
github.com/keshablive/quester/internal/services/video_stream_service.go:138.99,139.36 1 0
github.com/keshablive/quester/internal/services/video_stream_service.go:139.36,141.4 1 0
github.com/keshablive/quester/internal/services/video_stream_service.go:142.3,142.52 1 0
github.com/keshablive/quester/internal/services/video_stream_service.go:145.2,145.21 1 0
github.com/keshablive/quester/internal/services/video_stream_service.go:149.126,151.16 2 0
github.com/keshablive/quester/internal/services/video_stream_service.go:151.16,153.3 1 0
github.com/keshablive/quester/internal/services/video_stream_service.go:156.2,158.33 2 0
github.com/keshablive/quester/internal/services/video_stream_service.go:162.123,166.30 2 0
github.com/keshablive/quester/internal/services/video_stream_service.go:166.30,168.3 1 0
github.com/keshablive/quester/internal/services/video_stream_service.go:169.2,169.31 1 0
github.com/keshablive/quester/internal/services/video_stream_service.go:169.31,171.3 1 0
github.com/keshablive/quester/internal/services/video_stream_service.go:172.2,172.27 1 0
github.com/keshablive/quester/internal/services/video_stream_service.go:172.27,174.3 1 0
github.com/keshablive/quester/internal/services/video_stream_service.go:177.2,178.79 2 0
github.com/keshablive/quester/internal/services/video_stream_service.go:178.79,180.3 1 0
github.com/keshablive/quester/internal/services/video_stream_service.go:183.2,186.23 3 0
github.com/keshablive/quester/internal/services/video_stream_service.go:186.23,188.3 1 0
github.com/keshablive/quester/internal/services/video_stream_service.go:189.2,189.24 1 0
github.com/keshablive/quester/internal/services/video_stream_service.go:189.24,191.3 1 0
github.com/keshablive/quester/internal/services/video_stream_service.go:193.2,193.51 1 0
github.com/keshablive/quester/internal/services/video_stream_service.go:193.51,195.3 1 0
github.com/keshablive/quester/internal/services/video_stream_service.go:197.2,197.28 1 0
github.com/keshablive/quester/internal/services/video_stream_service.go:210.68,212.16 2 0
github.com/keshablive/quester/internal/services/video_stream_service.go:212.16,214.3 1 0
github.com/keshablive/quester/internal/services/video_stream_service.go:217.2,217.33 1 0
github.com/keshablive/quester/internal/services/video_stream_service.go:217.33,219.3 1 0
github.com/keshablive/quester/internal/services/video_stream_service.go:222.2,223.48 2 0
github.com/keshablive/quester/internal/services/video_stream_service.go:223.48,225.3 1 0
github.com/keshablive/quester/internal/services/video_stream_service.go:228.2,228.59 1 0
github.com/keshablive/quester/internal/services/video_stream_service.go:228.59,233.3 3 0
github.com/keshablive/quester/internal/services/video_stream_service.go:235.2,235.12 1 0
github.com/keshablive/quester/internal/services/video_stream_service.go:239.66,241.16 2 0
github.com/keshablive/quester/internal/services/video_stream_service.go:241.16,243.3 1 0
github.com/keshablive/quester/internal/services/video_stream_service.go:246.2,247.48 2 0
github.com/keshablive/quester/internal/services/video_stream_service.go:247.48,249.3 1 0
github.com/keshablive/quester/internal/services/video_stream_service.go:252.2,252.58 1 0
github.com/keshablive/quester/internal/services/video_stream_service.go:252.58,254.3 1 0
github.com/keshablive/quester/internal/services/video_stream_service.go:256.2,256.12 1 0
github.com/keshablive/quester/internal/services/video_stream_service.go:260.89,263.13 2 0
github.com/keshablive/quester/internal/services/video_stream_service.go:263.13,265.3 1 0
github.com/keshablive/quester/internal/services/video_stream_service.go:268.2,280.16 4 0
github.com/keshablive/quester/internal/services/video_stream_service.go:280.16,282.3 1 0
github.com/keshablive/quester/internal/services/video_stream_service.go:285.2,296.16 3 0
github.com/keshablive/quester/internal/services/video_stream_service.go:296.16,298.3 1 0
github.com/keshablive/quester/internal/services/video_stream_service.go:301.2,302.23 2 0
github.com/keshablive/quester/internal/services/video_stream_service.go:302.23,310.17 3 0
github.com/keshablive/quester/internal/services/video_stream_service.go:310.17,312.4 1 0
github.com/keshablive/quester/internal/services/video_stream_service.go:314.3,314.44 1 0
github.com/keshablive/quester/internal/services/video_stream_service.go:314.44,316.4 1 0
github.com/keshablive/quester/internal/services/video_stream_service.go:320.2,320.43 1 0
github.com/keshablive/quester/internal/services/video_stream_service.go:320.43,322.3 1 0
github.com/keshablive/quester/internal/services/video_stream_service.go:325.2,325.41 1 0
github.com/keshablive/quester/internal/services/video_stream_service.go:325.41,328.3 2 0
github.com/keshablive/quester/internal/services/video_stream_service.go:331.2,335.12 4 0
github.com/keshablive/quester/internal/services/video_stream_service.go:339.88,342.13 2 0
github.com/keshablive/quester/internal/services/video_stream_service.go:342.13,345.3 1 0
github.com/keshablive/quester/internal/services/video_stream_service.go:348.2,348.31 1 0
github.com/keshablive/quester/internal/services/video_stream_service.go:348.31,349.51 1 0
github.com/keshablive/quester/internal/services/video_stream_service.go:349.51,351.4 1 0
github.com/keshablive/quester/internal/services/video_stream_service.go:355.2,355.32 1 0
github.com/keshablive/quester/internal/services/video_stream_service.go:355.32,356.52 1 0
github.com/keshablive/quester/internal/services/video_stream_service.go:356.52,358.4 1 0
github.com/keshablive/quester/internal/services/video_stream_service.go:362.2,362.31 1 0
github.com/keshablive/quester/internal/services/video_stream_service.go:362.31,363.51 1 0
github.com/keshablive/quester/internal/services/video_stream_service.go:363.51,365.4 1 0
github.com/keshablive/quester/internal/services/video_stream_service.go:368.2,368.12 1 0
github.com/keshablive/quester/internal/services/video_stream_service.go:372.85,374.16 2 0
github.com/keshablive/quester/internal/services/video_stream_service.go:374.16,376.3 1 0
github.com/keshablive/quester/internal/services/video_stream_service.go:379.2,381.48 2 0
github.com/keshablive/quester/internal/services/video_stream_service.go:381.48,383.3 1 0
github.com/keshablive/quester/internal/services/video_stream_service.go:385.2,385.12 1 0
github.com/keshablive/quester/internal/services/video_stream_service.go:389.98,396.16 3 0
github.com/keshablive/quester/internal/services/video_stream_service.go:396.16,398.3 1 0
github.com/keshablive/quester/internal/services/video_stream_service.go:400.2,400.21 1 0
github.com/keshablive/quester/internal/services/video_stream_service.go:404.97,406.16 2 0
github.com/keshablive/quester/internal/services/video_stream_service.go:406.16,408.3 1 0
github.com/keshablive/quester/internal/services/video_stream_service.go:410.2,424.21 2 0
github.com/keshablive/quester/internal/services/video_stream_service.go:424.21,426.13 2 0
github.com/keshablive/quester/internal/services/video_stream_service.go:426.13,431.33 4 0
github.com/keshablive/quester/internal/services/video_stream_service.go:431.33,433.5 1 0
github.com/keshablive/quester/internal/services/video_stream_service.go:434.4,434.34 1 0
github.com/keshablive/quester/internal/services/video_stream_service.go:434.34,436.5 1 0
github.com/keshablive/quester/internal/services/video_stream_service.go:437.4,437.33 1 0
github.com/keshablive/quester/internal/services/video_stream_service.go:437.33,439.5 1 0
github.com/keshablive/quester/internal/services/video_stream_service.go:443.2,443.19 1 0
github.com/keshablive/quester/internal/services/video_stream_service.go:447.69,449.16 2 0
github.com/keshablive/quester/internal/services/video_stream_service.go:449.16,451.3 1 0
github.com/keshablive/quester/internal/services/video_stream_service.go:454.2,454.21 1 0
github.com/keshablive/quester/internal/services/video_stream_service.go:454.21,455.47 1 0
github.com/keshablive/quester/internal/services/video_stream_service.go:455.47,457.4 1 0
github.com/keshablive/quester/internal/services/video_stream_service.go:461.2,461.50 1 0
github.com/keshablive/quester/internal/services/video_stream_service.go:461.50,463.3 1 0
github.com/keshablive/quester/internal/services/video_stream_service.go:465.2,465.12 1 0
github.com/keshablive/quester/internal/services/video_stream_service.go:469.60,475.16 3 0
github.com/keshablive/quester/internal/services/video_stream_service.go:475.16,477.3 1 0
github.com/keshablive/quester/internal/services/video_stream_service.go:479.2,479.30 1 0
github.com/keshablive/quester/internal/services/video_stream_service.go:479.30,482.3 2 0
github.com/keshablive/quester/internal/services/video_stream_service.go:484.2,487.40 2 0
github.com/keshablive/quester/internal/services/video_stream_service.go:487.40,499.17 3 0
github.com/keshablive/quester/internal/services/video_stream_service.go:499.17,501.12 2 0
github.com/keshablive/quester/internal/services/video_stream_service.go:504.3,504.49 1 0
github.com/keshablive/quester/internal/services/video_stream_service.go:504.49,506.4 1 0
github.com/keshablive/quester/internal/services/video_stream_service.go:509.3,509.51 1 0
github.com/keshablive/quester/internal/services/video_stream_service.go:509.51,511.12 2 0
github.com/keshablive/quester/internal/services/video_stream_service.go:514.3,514.59 1 0
github.com/keshablive/quester/internal/services/video_stream_service.go:517.2,517.12 1 0
